"Journal Title,""e-ISSN (Online/Web)"",""ISSN (Print)"",Publisher"
ACM Computing Surveys,0360-0300,,ACM
ACM Inroads,2153-2184,,ACM
ACM Journal on Emerging Technologies in Computing Systems,1550-4832,,ACM
ACM Transactions on Accessible Computing,1936-7228,,ACM
ACM Transactions on Algorithms,1549-6325,,ACM
ACM Transactions on Applied Perception,1544-3558,,ACM
ACM Transactions on Asian and Low-Resource Language Information Processing,2375-4699,,ACM
ACM Transactions on Autonomous and Adaptive Systems,1556-4665,,ACM
ACM Transactions on Computation Theory,1942-3454,,ACM
ACM Transactions on Computational Logic,1529-3785,,ACM
ACM Transactions on Computer-Human Interaction,1073-0516,,ACM
ACM Transactions on Computing Education,1946-6226,,ACM
ACM Transactions on Computing for Healthcare,2691-1957,,ACM
ACM Transactions on Cyber-Physical Systems,2378-962X,,ACM
ACM Transactions on Database Systems,0362-5915,,ACM
ACM Transactions on Design Automation of Electronic Systems,1084-4309,,ACM
ACM Transactions on Economics and Computation,2167-8375,,ACM
ACM Transactions on Embedded Computing Systems,1539-9087,,ACM
ACM Transactions on Graphics,0730-0301,,ACM
ACM Transactions on Information Systems,1046-8188,,ACM
ACM Transactions on Intelligent Systems and Technology,2157-6904,,ACM
ACM Transactions on Interactive Intelligent Systems,2160-6455,,ACM
ACM Transactions on Internet of Things,2691-1914,,ACM
ACM Transactions on Internet Technology,1533-5399,,ACM
ACM Transactions on Knowledge Discovery from Data,1556-4681,,ACM
ACM Transactions on Management Information Systems,2158-656X,,ACM
ACM Transactions on Mathematical Software,0098-3500,,ACM
ACM Transactions on Modeling and Computer Simulation,1049-3301,,ACM
ACM Transactions on Modeling and Performance Evaluation of Computing Systems,2376-3639,,ACM
ACM Transactions on Multimedia Computing, Communications, and Applications,1551-6857,,ACM
ACM Transactions on Parallel Computing,2329-4949,,ACM
ACM Transactions on Privacy and Security,2471-2566,,ACM
ACM Transactions on Quantum Computing,2643-6809,,ACM
ACM Transactions on Reconfigurable Technology and Systems,1936-7406,,ACM
ACM Transactions on Sensor Networks,1550-4859,,ACM
ACM Transactions on Social Computing,2469-7818,,ACM
ACM Transactions on Software Engineering and Methodology,1049-331X,,ACM
ACM Transactions on Spatial Algorithms and Systems,2374-0353,,ACM
ACM Transactions on Storage,1553-3077,,ACM
ACM Transactions on the Web,1559-1131,,ACM
Communications of the ACM,0001-0782,,ACM
eLearn,1535-394X,,ACM
Journal of Data and Information Quality,1936-1955,,ACM
Journal of the ACM,0004-5411,,ACM
Journal on Computing and Cultural Heritage,1556-4673,,ACM
Proceedings of the ACM on Computer Graphics and Interactive Techniques,2577-6193,,ACM
Proceedings of the ACM on Human-Computer Interaction,2573-0142,,ACM
Proceedings of the ACM on Interactive, Mobile, Wearable and Ubiquitous Technologies,2474-9567,,ACM
Proceedings of the ACM on Measurement and Analysis of Computing Systems,2476-1249,,ACM
Ubiquity,1530-2180,,ACM
XRDS: Crossroads, The ACM Magazine for Students,1528-4972,,ACM
"American Journal of Tropical Medicine and Hygiene,,1476-1645,""American Society of Tropical Medicine and Hygiene"""
"European Journal of Hospital Pharmacy,2047-9956,2047-9964,""British Medical Journal"""
"Archives of Disease in Childhood,0003-9888,1468-2044,""British Medical Journal"""
"Annals of the Rheumatic Diseases,0003-4967,1468-2060,""British Medical Journal"""
"British Journal of Ophthalmology,0007-1161,1468-2079,""British Medical Journal"""
"British Journal of Sports Medicine,0306-3674,1473-0480,""British Medical Journal"""
"BMJ Evidence-Based Medicine,2515-446X,2515-4478,""British Medical Journal"""
"BMJ Innovations,2055-8074,2055-642X,""British Medical Journal"""
"BMJ Leader,,2398-631X,""British Medical Journal"""
"BMJ Military Health,2633-3767,2633-3775,""British Medical Journal"""
"BMJ Supportive & Palliative Care,2045-435X,2045-4368,""British Medical Journal"""
"BMJ Sexual & Reproductive Health,2515-1991,2515-2009,""British Medical Journal"""
"Emergency Medicine Journal,1472-0205,1472-0213,""British Medical Journal"""
"Archives of Disease in Childhood - Education and Practice,1743-0585,1743-0593,""British Medical Journal"""
"Frontline Gastroenterology,2041-4137,2041-4145,""British Medical Journal"""
"Archives of Disease in Childhood - Fetal and Neonatal Edition,1359-2998,1468-2052,""British Medical Journal"""
"Gut,0017-5749,1468-3288,""British Medical Journal"""
"Heart,1355-6037,1468-201X,""British Medical Journal"""
"Injury Prevention,1353-8047,1475-5785,""British Medical Journal"""
"Journal of Clinical Pathology,0021-9746,1472-4146,""British Medical Journal"""
"Journal of Epidemiology & Community Health,0143-005X,1470-2738,""British Medical Journal"""
"Journal of ISAKOS Joint Disorders & Orthopaedic Sports Medicine,2059-7754,2059-7762,""British Medical Journal"""
"Journal of Medical Ethics,0306-6800,1473-4257,""British Medical Journal"""
"Journal of Medical Genetics,0022-2593,1468-6244,""British Medical Journal"""
"Journal of NeuroInterventional Surgery,1759-8478,1759-8486,""British Medical Journal"""
"Journal of Neurology Neurosurgery & Psychiatry,0022-3050,1468-330X,""British Medical Journal"""
"Medical Humanities,1468-215X,1473-4265,""British Medical Journal"""
"Occupational and Environmental Medicine,1351-0711,1470-7926,""British Medical Journal"""
"Postgraduate Medical Journal,0032-5473,1469-0756,""British Medical Journal"""
"Regional Anesthesia and Pain Medicine,1098-7339,1532-8651,""British Medical Journal"""
"Sexually Transmitted Infections,1368-4973,1472-3263,""British Medical Journal"""
"Tobacco Control,0964-4563,1468-3318,""British Medical Journal"""
"Thorax,0040-6376,1468-3296,""British Medical Journal"""
"BMJ Quality & Safety,2044-5415,2044-5423,""British Medical Journal"""
"International Journal of Gynecological Cancer,1048-891X,1525-1438,""British Medical Journal"""
"Advances in Archaeological Practice,2326-3768,,""Cambridge University Press"""
"American Antiquity,0002-7316,2325-5064,""Cambridge University Press"""
"Asian Journal of Comparative Law,2194-6078,1932-0205,""Cambridge University Press"""
"The Journal of African History,0021-8537,1469-5138,""Cambridge University Press"""
"Africa,0001-9720,1750-0184,""Cambridge University Press"""
"The Journal of Agricultural Science,0021-8596,1469-5146,""Cambridge University Press"""
"Animal Health Research Reviews,1466-2523,1475-2654,""Cambridge University Press"""
"Artificial intelligence for engineering design analysis and manufacturing,0890-0604,1469-1760,""Cambridge University Press"""
"Asian Journal of International Law,2044-2513,2044-2521,""Cambridge University Press"""
"Asian Journal of Law and Society,2052-9015,2052-9023,""Cambridge University Press"""
"Journal of American Studies,0021-8758,1469-5154,""Cambridge University Press"""
"Antarctic Science,0954-1020,1365-2079,""Cambridge University Press"""
"Acta Numerica,0962-4929,1474-0508,""Cambridge University Press"""
"Annual Review of Applied Linguistics,0267-1905,1471-6356,""Cambridge University Press"""
"Applied Psycholinguistics,0142-7164,1469-1817,""Cambridge University Press"""
"Archaeological Dialogues,1380-2038,1478-2294,""Cambridge University Press"""
"Archaeological Reports,0570-6084,2041-4102,""Cambridge University Press"""
"Architectural Research Quarterly,1359-1355,1474-0516,""Cambridge University Press"""
"Anglo-Saxon England,0263-6751,1474-0532,""Cambridge University Press"""
"International Journal of Asian Studies,1479-5914,1479-5922,""Cambridge University Press"""
"Ageing and Society,0144-686X,1469-1779,""Cambridge University Press"""
"Arabic Sciences and Philosophy,0957-4239,1474-0524,""Cambridge University Press"""
"Modern Asian Studies,0026-749X,1469-8099,""Cambridge University Press"""
"Ancient Mesoamerica,0956-5361,1469-1787,""Cambridge University Press"""
"Business and Politics,1469-3569,,""Cambridge University Press"""
"Journal of Benefit-Cost Analysis,2194-5888,2152-2812,""Cambridge University Press"""
"Bird Conservation International,0959-2709,1474-0001,""Cambridge University Press"""
"Bulletin of Entomological Research,0007-4853,1475-2670,""Cambridge University Press"""
"Business and Human Rights Journal,2057-0198,2057-0201,""Cambridge University Press"""
"Bilingualism Language and Cognition,1366-7289,1469-1841,""Cambridge University Press"""
"British Journal Of Nutrition,0007-1145,1475-2662,""Cambridge University Press"""
"The British Journal of Psychiatry,0007-1250,1472-1465,""Cambridge University Press"""
"British Journal of Music Education,0265-0517,1469-2104,""Cambridge University Press"""
"The British Journal for the History of Science,""1474-001X "",0007-0874,""Cambridge University Press"""
"Behavioural Public Policy,2398-063X,2398-0648,""Cambridge University Press"""
"Britannia,0068-113X,1753-5352,""Cambridge University Press"""
"Bulletin of Symbolic Logic,1079-8986,1943-5894,""Cambridge University Press"""
"Cambridge Archaeological Journal,0959-7743,1474-0540,""Cambridge University Press"""
"Canadian Journal of Philosophy,0045-5091,1911-0820,""Cambridge University Press"""
"The Classical Quarterly,0009-8388,1471-6844,""Cambridge University Press"""
"Central European History,0008-9389,1569-1616,""Cambridge University Press"""
"The Cambridge Classical Journal,1750-2705,2047-993X,""Cambridge University Press"""
"Contemporary European History,0960-7773,1469-2171,""Cambridge University Press"""
"Cambridge yearbook of European legal studies,1528-8870,2049-7636,""Cambridge University Press"""
"Canadian Journal on Aging / La Revue canadienne du vieillissement,0714-9808,1710-1107,""Cambridge University Press"""
"The Canadian Journal of Linguistics / La revue canadienne de linguistique,0008-4131,1710-1115,""Cambridge University Press"""
"CNS Spectrums,1092-8529,2165-6509,""Cambridge University Press"""
"Continuity and Change,0268-4160,1469-218X,""Cambridge University Press"""
"Combinatorics Probability Computing,0963-5483,1469-2163,""Cambridge University Press"""
"Cambridge Quarterly of Healthcare Ethics,0963-1801,1469-2147,""Cambridge University Press"""
"Comparative Studies in Society and History,0010-4175,1475-2999,""Cambridge University Press"""
"Cardiology in the Young,1047-9511,1467-1107,""Cambridge University Press"""
"Journal of Dairy Research,0022-0299,1469-7629,""Cambridge University Press"""
"Disaster Medicine and Public Health Preparedness,1935-7893,1938-744X,""Cambridge University Press"""
"Journal of Developmental Origins of Health and Disease,2040-1744,2040-1752,""Cambridge University Press"""
"Development and Psychopathology,0954-5794,1469-2198,""Cambridge University Press"""
"European Journal of Archaeology,1461-9571,1741-2722,""Cambridge University Press"""
"Early China,0362-5028,2325-2324,""Cambridge University Press"""
"Experimental Agriculture,0014-4797,1469-4441,""Cambridge University Press"""
"Economics and Philosophy,0266-2671,1474-0028,""Cambridge University Press"""
"The Journal of Ecclesiastical History,0022-0469,1469-7637,""Cambridge University Press"""
"European Constitutional Law Review,1574-0196,1744-5515,""Cambridge University Press"""
"Eighteenth Century Music,1478-5706,1478-5714,""Cambridge University Press"""
"Econometric Theory,0266-4666,1469-4360,""Cambridge University Press"""
"Environment and Development Economics,1355-770X,1469-4395,""Cambridge University Press"""
"European Journal of International Security,2057-5637,2057-5645,""Cambridge University Press"""
"European Journal of Applied Mathematics,0956-7925,1469-4425,""Cambridge University Press"""
"English Language and Linguistics,1360-6743,1469-4379,""Cambridge University Press"""
"Early Music History,0261-1279,1474-0559,""Cambridge University Press"""
"Environmental Conservation,0376-8929,1469-4387,""Cambridge University Press"""
"English Today,0266-0784,1474-0567,""Cambridge University Press"""
"Episteme,1742-3600,1750-0117,""Cambridge University Press"""
"European Political Science Review,1755-7739,1755-7747,""Cambridge University Press"""
"Expert Reviews in Molecular Medicine,1462-3994,,""Cambridge University Press"""
"European Journal of Risk Regulation,1867-299X,2190-8249,""Cambridge University Press"""
"Ergodic Theory and Dynamical Systems,0143-3857,1469-4417,""Cambridge University Press"""
"Financial History Review,0968-5650,1474-0052,""Cambridge University Press"""
"Journal of Fluid Mechanics,0022-1120,1469-7645,""Cambridge University Press"""
"Greece and Rome,0017-3835,1477-4550,""Cambridge University Press"""
"Global Constitutionalism,2045-3817,2045-3825,""Cambridge University Press"""
"Geological Magazine,0016-7568,1469-5081,""Cambridge University Press"""
"Government and Opposition,0017-257X,1477-7053,""Cambridge University Press"""
"Health Economics Policy and Law,1744-1331,1744-134X,""Cambridge University Press"""
"The Historical Journal,0018-246X,1469-5103,""Cambridge University Press"""
"Harvard Theological Review,0017-8160,1475-4517,""Cambridge University Press"""
"Hypatia,0887-5367,1527-2001,""Cambridge University Press"""
"Proceedings of the International Astronomical Union,1743-9213,1743-9221,""Cambridge University Press"""
"Journal of International and Comparative Social Policy,2169-9763,2169-978X,""Cambridge University Press"""
"International Journal of Astrobiology,1473-5504,1475-3006,""Cambridge University Press"""
"International Journal of Law in Context,1744-5523,1744-5531,""Cambridge University Press"""
"International and Comparative Law Quarterly,0020-5893,1471-6895,""Cambridge University Press"""
"International Theory,1752-9719,1752-9727,""Cambridge University Press"""
"Journal of the International Phonetic Association,0025-1003,1475-3502,""Cambridge University Press"""
"Irish Journal of Psychological Medicine,0790-9667,2051-6967,""Cambridge University Press"""
"Italian Political Science Review/Rivista Italiana di Scienza Politica,0048-8402,2057-4908,""Cambridge University Press"""
"Israel Law Review,0021-2237,2047-9336,""Cambridge University Press"""
"Itinerario,0165-1153,2041-2827,""Cambridge University Press"""
"Journal of Biosocial Science,0021-9320,1469-7599,""Cambridge University Press"""
"Journal of Chinese History,2059-1632,2059-1640,""Cambridge University Press"""
"Journal of Child Language,0305-0009,1469-7602,""Cambridge University Press"""
"Journal of French Language Studies,0959-2695,1474-0079,""Cambridge University Press"""
"The Journal of the Gilded Age and Progressive Era,1537-7814,1943-3557,""Cambridge University Press"""
"Journal of Global History,1740-0228,1740-0236,""Cambridge University Press"""
"Journal of Helminthology,0022-149X,1475-2697,""Cambridge University Press"""
"The Journal of Hellenic Studies,0075-4269,2041-4099,""Cambridge University Press"""
"The Australian Journal of Indigenous Education,1326-0111,2049-7784,""Cambridge University Press"""
"Japanese Journal of Political Science,1468-1099,1474-0060,""Cambridge University Press"""
"Journal of Linguistic Geography,2049-7547,,""Cambridge University Press"""
"The Journal of Laryngology & Otology,0022-2151,1748-5460,""Cambridge University Press"""
"Journal of Law and Religion,0748-0814,2163-3088,""Cambridge University Press"""
"Journal of the Institute of Mathematics of Jussieu,1474-7480,1475-3030,""Cambridge University Press"""
"British Journal of Political Science,0007-1234,1469-2112,""Cambridge University Press"""
"Journal of the Royal Asiatic Society,1356-1863,1474-0591,""Cambridge University Press"""
"Journal of Roman Archaeology,1047-7594,2331-5709,""Cambridge University Press"""
"Journal of Radiotherapy in Practice,1460-3969,1467-1131,""Cambridge University Press"""
"The Journal of Roman Studies,0075-4358,1753-528X,""Cambridge University Press"""
"Australasian Journal of Special and Inclusive Education,2515-0731,2515-074X,""Cambridge University Press"""
"Journal of Symbolic Logic,0022-4812,1943-5886,""Cambridge University Press"""
"Journal of Social Policy,0047-2794,1469-7823,""Cambridge University Press"""
"The Knowledge Engineering Review,0269-8889,1469-8005,""Cambridge University Press"""
"Latin American Politics and Society,1531-426X,1548-2456,""Cambridge University Press"""
"Latin American Antiquity,1045-6635,2325-5080,""Cambridge University Press"""
"Journal of Latin American Studies,0022-216X,1469-767X,""Cambridge University Press"""
"Language and Cognition,1866-9808,1866-9859,""Cambridge University Press"""
"Legal Theory,1352-3252,1469-8048,""Cambridge University Press"""
"The Lichenologist,0024-2829,1096-1135,""Cambridge University Press"""
"Journal of Linguistics,0022-2267,1469-7742,""Cambridge University Press"""
"Leiden Journal of International Law,0922-1565,1478-9698,""Cambridge University Press"""
"Language in Society,0047-4045,1469-8013,""Cambridge University Press"""
"Language Teaching,0261-4448,1475-3049,""Cambridge University Press"""
"Language Variation and Change,0954-3945,1469-8021,""Cambridge University Press"""
"Modern American History,2515-0456,2397-1851,""Cambridge University Press"""
"Journal of the Marine Biological Association of the United Kingdom,0025-3154,1469-7769,""Cambridge University Press"""
"Medical History,0025-7273,2048-8343,""Cambridge University Press"""
"Macroeconomic Dynamics,1365-1005,1469-8056,""Cambridge University Press"""
"International Journal Middle East Studies,0020-7438,1471-6380,""Cambridge University Press"""
"Modern Intellectual History,1479-2443,1479-2451,""Cambridge University Press"""
"Modern Italy,1353-2944,1469-9877,""Cambridge University Press"""
"The Journal of Modern African Studies,0022-278X,1469-7777,""Cambridge University Press"""
"International Journal of Microwave and Wireless Technologies,1759-0787,1759-0795,""Cambridge University Press"""
"Mathematical Structures in Computer Science,0960-1295,1469-8072,""Cambridge University Press"""
"Nineteenth-Century Music Review,1479-4098,2044-8414,""Cambridge University Press"""
"Acta Neuropsychiatrica,0924-2708,1601-5215,""Cambridge University Press"""
"National Institute Economic Review,0027-9501,1741-3036,""Cambridge University Press"""
"Nordic Journal of Linguistics,0332-5865,1502-4717,""Cambridge University Press"""
"Natural Language Engineering,1351-3249,1469-8110,""Cambridge University Press"""
"Nagoya Mathematical Journal,0027-7630,2152-6842,""Cambridge University Press"""
"New Perspectives on Turkey,0896-6346,1305-3299,""Cambridge University Press"""
"Nutrition Research Reviews,0954-4224,1475-2700,""Cambridge University Press"""
"New Theatre Quarterly,0266-464X,1474-0613,""Cambridge University Press"""
"New Testament Studies,0028-6885,1469-8145,""Cambridge University Press"""
"Network Science,2050-1242,2050-1250,""Cambridge University Press"""
"Cambridge Opera Journal,0954-5867,1474-0621,""Cambridge University Press"""
"Organised Sound,1355-7718,1469-8153,""Cambridge University Press"""
"Political Analysis,1047-1987,1476-4989,""Cambridge University Press"""
"Palliative & Supportive Care,1478-9515,1478-9523,""Cambridge University Press"""
"Powder Diffraction,0885-7156,1945-7413,""Cambridge University Press"""
"Prehospital and Disaster Medicine,1049-023X,1945-1938,""Cambridge University Press"""
"Journal of Pension Economics and Finance,1474-7472,1475-3022,""Cambridge University Press"""
"Probability in the Engineering and Informational Sciences,0269-9648,1469-8951,""Cambridge University Press"""
"Plant Genetic Resources,1479-2621,1479-263X,""Cambridge University Press"""
"Phonology,0952-6757,1469-8188,""Cambridge University Press"""
"Journal of Plasma Physics,0022-3778,1469-7807,""Cambridge University Press"""
"The Cambridge Journal of Postcolonial Literary Inquiry,2052-2614,2052-2622,""Cambridge University Press"""
"Plainsong and Medieval Music,0961-1371,1474-0087,""Cambridge University Press"""
"Popular Music,0261-1430,1474-0095,""Cambridge University Press"""
"Proceedings of The Nutrition Society,0029-6651,1475-2719,""Cambridge University Press"""
"Polar Record,0032-2474,1475-3057,""Cambridge University Press"""
"Psychological Medicine,0033-2917,1469-8978,""Cambridge University Press"""
"Journal of Public Policy,0143-814X,1469-7815,""Cambridge University Press"""
"Quarterly Reviews of Biophysics,0033-5835,1469-8994,""Cambridge University Press"""
"Queensland Review,1321-8166,2049-7792,""Cambridge University Press"""
"Political Science Research and Methods,2049-8470,2049-8489,""Cambridge University Press"""
"ReCALL,0958-3440,1474-0109,""Cambridge University Press"""
"Religious Studies,0034-4125,1469-901X,""Cambridge University Press"""
"Revista de Historia Económica / Journal of Iberian and Latin American Economic History,0212-6109,2041-3335,""Cambridge University Press"""
"Transactions of the Royal Historical Society,0080-4401,1474-0648,""Cambridge University Press"""
"Review of International Studies,0260-2105,1469-9044,""Cambridge University Press"""
"Review of Middle East Studies,2151-3481,2329-3225,""Cambridge University Press"""
"Ramus,0048-671X,2202-932X,""Cambridge University Press"""
"Robotica,0263-5747,1469-8668,""Cambridge University Press"""
"The Review of Politics,0034-6705,1748-6858,""Cambridge University Press"""
"The Review of Symbolic Logic,1755-0203,1755-0211,""Cambridge University Press"""
"Rural History,0956-7933,1474-0656,""Cambridge University Press"""
"Studies in American Political Development,0898-588X,1469-8692,""Cambridge University Press"""
"Science in Context,0269-8897,1474-0664,""Cambridge University Press"""
"Scottish Journal of Theology,0036-9306,1475-3065,""Cambridge University Press"""
"Studies in Second Language Acquisition,0272-2631,1470-1545,""Cambridge University Press"""
"Social Philosophy and Policy,0265-0525,1471-6437,""Cambridge University Press"""
"Social Policy and Society,1474-7464,1475-3073,""Cambridge University Press"""
"Seed Science Research,0960-2585,1475-2735,""Cambridge University Press"""
"Studies in Church History,0424-2084,2059-0644,""Cambridge University Press"""
"twentieth century music,1478-5722,1478-5730,""Cambridge University Press"""
"Transnational Environmental Law,2047-1025,2047-1033,""Cambridge University Press"""
"Tempo,0040-2982,1478-2286,""Cambridge University Press"""
"International Journal of Technology Assessment in Health Care,0266-4623,1471-6348,""Cambridge University Press"""
"Twin Research and Human Genetics,1832-4274,1839-2628,""Cambridge University Press"""
"Theory and Practice of Logic Programming,1471-0684,1475-3081,""Cambridge University Press"""
"Journal of Tropical Ecology,0266-4674,1469-7831,""Cambridge University Press"""
"Urban History,0963-9268,1469-8706,""Cambridge University Press"""
"Utilitas,0953-8208,1741-6183,""Cambridge University Press"""
"Victorian Literature and Culture,1060-1503,1470-1553,""Cambridge University Press"""
"Zygote,0967-1994,1469-8730,""Cambridge University Press"""
"World Trade Review,1474-7456,1475-3138,""Cambridge University Press"""
"Journal of British Studies,0021-9371,1545-6986,""Cambridge University Press"""
"Clay Minerals,0009-8558,1471-8030,""Cambridge University Press"""
"Dialogue,0012-2173,1759-0949,""Cambridge University Press"""
"Invasive Plant Science and Management,1939-7291,1939-747X,""Cambridge University Press"""
"Journal of Paleontology,0022-3360,1937-2337,""Cambridge University Press"""
"Mineralogical Magazine,0026-461X,1471-8022,""Cambridge University Press"""
"Paleobiology,0094-8373,1938-5331,""Cambridge University Press"""
"Weed Technology,0890-037X,1550-2740,""Cambridge University Press"""
"Weed Science,0043-1745,1550-2759,""Cambridge University Press"""
"The ANZIAM Journal,1446-1811,1446-8735,""Cambridge University Press"""
"Bulletin of the Australian Mathematical Society,0004-9727,1755-1633,""Cambridge University Press"""
"International Review of Social History,0020-8590,1469-512X,""Cambridge University Press"""
"Journal of the Australian Mathematical Society,1446-7887,1446-8107,""Cambridge University Press"""
"Social Science History,0145-5532,1527-8034,""Cambridge University Press"""
"Journal of Navigation,0373-4633,1469-7785,""Cambridge University Press"""
"Journal of the American Philosophical Association,2053-4477,2053-4485,""Cambridge University Press"""
"Cognitive Behaviour Therapist,1754-470X,,""Cambridge University Press"""
"Behavioural and Cognitive Psychotherapy,1352-4658,1469-1833,""Cambridge University Press"""
"Antiquity,0003-598X,1745-1744,""Cambridge University Press"""
"Astin Bulletin,0515-0361,1783-1350,""Cambridge University Press"""
"Irish Historical Studies,0021-1214,2056-4139,""Cambridge University Press"""
"Renaissance Quarterly,0034-4338,1935-0236,""Cambridge University Press"""
"Infection Control and Hospital Epidemiology,0899-823X,1559-6834,""Cambridge University Press"""
"American Journal of Law & Medicine,0098-8588,2375-835X,""Cambridge University Press"""
"The Journal of Law Medicine & Ethics,1073-1105,1748-720X,""Cambridge University Press"""
"The Antiquaries Journal,0003-5815,1758-5309,""Cambridge University Press"""
"Libyan Studies,0263-7189,2052-6148,""Cambridge University Press"""
"Journal of the Royal Musical Association,0269-0403,1471-6933,""Cambridge University Press"""
"Royal Musical Association Research Chronicle,1472-3808,2167-4027,""Cambridge University Press"""
"The Aeronautical Journal,0001-9240,2059-6464,""Cambridge University Press"""
Vaccine,0264-410X,,Elsevier
Cell,0092-8674,,Elsevier
Cell Stem Cell,1934-5909,,Elsevier
Neuron,0896-6273,,Elsevier
Cortex,0010-9452,,Elsevier
Current Biology,0960-9822,,Elsevier
Molecular Cell,1097-2765,,Elsevier
Medical Image Analysis,1361-8415,,Elsevier
Neuropsychologia,0028-3932,,Elsevier
World Neurosurgery,1878-8750,,Elsevier
European Journal of Medical Genetics,1769-7212,,Elsevier
Immunity,1074-7613,,Elsevier
Acta Tropica,0001-706X,,Elsevier
Cell Host & Microbe,1931-3128,,Elsevier
Developmental Cell,1534-5807,,Elsevier
Neurobiology of Aging,0197-4580,,Elsevier
Schizophrenia Research,0920-9964,,Elsevier
Antiviral Research,0166-3542,,Elsevier
Cancer Cell,1535-6108,,Elsevier
Cell Systems,2405-4712,,Elsevier
Journal of Clinical Epidemiology,0895-4356,,Elsevier
Social Science & Medicine,0277-9536,,Elsevier
Structure,0969-2126,,Elsevier
Behavioural Brain Research,0166-4328,,Elsevier
Cell Metabolism,1550-4131,,Elsevier
International Journal of Hygiene and Environmental Health,1438-4639,,Elsevier
Journal of Affective Disorders,0165-0327,,Elsevier
Psychiatry Research,0165-1781,,Elsevier
Biochemical and Biophysical Research Communications,0006-291X,,Elsevier
Best Practice & Research Clinical Obstetrics & Gynaecology,1521-6934,,Elsevier
Methods,1046-2023,,Elsevier
Bioorganic & Medicinal Chemistry,0968-0896,,Elsevier
Bioorganic & Medicinal Chemistry Letters,0960-894X,,Elsevier
Computers in Biology and Medicine,0010-4825,,Elsevier
Cell Chemical Biology,2451-9456,,Elsevier
Cognition,0010-0277,,Elsevier
European Journal of Medicinal Chemistry,0223-5234,,Elsevier
Health policy,0168-8510,,Elsevier
International Journal of Law and Psychiatry,0160-2527,,Elsevier
International Journal of Pharmaceutics,0378-5173,,Elsevier
Food Control,0956-7135,,Elsevier
Molecular & Biochemical Parasitology,0166-6851,,Elsevier
Magnetic Resonance Imaging,0730-725X,,Elsevier
Neuropharmacology,0028-3908,,Elsevier
Journal of Neuroscience Methods,0165-0270,,Elsevier
Journal of Virological Methods,0166-0934,,Elsevier
Archives of Psychiatric Nursing,0883-9417,,Elsevier
Environmental Research,0013-9351,,Elsevier
Journal of Autoimmunity,0896-8411,,Elsevier
Journal of Molecular Biology,0022-2836,,Elsevier
Journal of Structural Biology,1047-8477,,Elsevier
Journal of Theoretical Biology,0022-5193,,Elsevier
The Journal of Pediatrics,0022-3476,,Elsevier
Respiratory Medicine,0954-6111,,Elsevier
Virology,0042-6822,,Elsevier
Analytica Chimica Acta,0003-2670,,Elsevier
Archives of Gerontology and Geriatrics,0167-4943,,Elsevier
American Journal of Ophthalmology,0002-9394,,Elsevier
Appetite,0195-6663,,Elsevier
BBA - Molecular Basis of Disease,0925-4439,,Elsevier
BBA - General Subjects,0304-4165,,Elsevier
BBA - Gene Regulatory Mechanisms,1874-9399,,Elsevier
BBA - Molecular and Cell Biology of Lipids,1388-1981,,Elsevier
International Journal of Biological Macromolecules,0141-8130,,Elsevier
Biosensors and Bioelectronics,0956-5663,,Elsevier
Journal of Biomechanics,0021-9290,,Elsevier
Cancer Epidemiology,1877-7821,,Elsevier
Drug and Alcohol Dependence,0376-8716,,Elsevier
Diagnostic Microbiology & Infectious Disease,0732-8893,,Elsevier
DNA Repair,1568-7864,,Elsevier
International Journal of Drug Policy,0955-3959,,Elsevier
Evaluation and Program Planning,0149-7189,,Elsevier
Gait & Posture,0966-6362,,Elsevier
Gene,0378-1119,,Elsevier
International Journal of Cardiology,0167-5273,,Elsevier
Biomaterials,0142-9612,,Elsevier
Food Policy,0306-9192,,Elsevier
Journal of Immunological Methods,0022-1759,,Elsevier
Journal of Neuroimmunology,0165-5728,,Elsevier
Molecular and Cellular Endocrinology,0303-7207,,Elsevier
Molecular Immunology,0161-5890,,Elsevier
Neuroscience Letters,0304-3940,,Elsevier
Journal of Psychiatric Research,0022-3956,,Elsevier
Preventive Veterinary Medicine,0167-5877,,Elsevier
Remote Sensing of Environment,0034-4257,,Elsevier
Journal of Steroid Biochemistry and Molecular Biology,0960-0760,,Elsevier
Sleep Medicine,1389-9457,,Elsevier
Science of the Total Environment,0048-9697,,Elsevier
Tetrahedron Letters,0040-4039,,Elsevier
Analytical Biochemistry,0003-2697,,Elsevier
Epilepsy & Behavior,1525-5050,,Elsevier
Experimental Cell Research,0014-4827,,Elsevier
Experimental Eye Research,0014-4835,,Elsevier
Tuberculosis,1472-9792,,Elsevier
The Veterinary Journal,1090-0233,,Elsevier
Addictive Behaviors,0306-4603,,Elsevier
Agriculture, Ecosystems and Environment,0167-8809,,Elsevier
Agricultural Systems,0308-521X,,Elsevier
Journal of Anxiety Disorders,0887-6185,,Elsevier
Applied Soil Ecology,0929-1393,,Elsevier
BBA - Molecular Cell Research,0167-4889,,Elsevier
BBA - Biomembranes,0005-2736,,Elsevier
Biochemical Pharmacology,0006-2952,,Elsevier
Bioelectrochemistry,1567-5394,,Elsevier
Bioresource Technology,0960-8524,,Elsevier
Bone,8756-3282,,Elsevier
Brain Research,0006-8993,,Elsevier
Chemosphere,0045-6535,,Elsevier
Journal of Chromatography B,1570-0232,,Elsevier
Clinical Neurology and Neurosurgery,0303-8467,,Elsevier
Clinical Lymphoma, Myeloma and Leukemia,2152-2650,,Elsevier
Cellular Signalling,0898-6568,,Elsevier
Journal of Controlled Release,0168-3659,,Elsevier
Children and Youth Services Review,0190-7409,,Elsevier
Journal of Development Economics,0304-3878,,Elsevier
Electrochimica Acta,0013-4686,,Elsevier
Energy Conversion and Management,0196-8904,,Elsevier
International Journal of Educational Development,0738-0593,,Elsevier
European Journal of Radiology,0720-048X,,Elsevier
Field Crops Research,0378-4290,,Elsevier
Global Food Security,2211-9124,,Elsevier
Journal of Cleaner Production,0959-6526,,Elsevier
Journal of Clinical Virology,1386-6532,,Elsevier
Health and Place,1353-8292,,Elsevier
Land Use Policy,0264-8377,,Elsevier
Journal of the Mechanical Behavior of Biomedical Materials,1751-6161,,Elsevier
Journal of Transport & Health,2214-1405,,Elsevier
Mechanisms of Ageing and Development,0047-6374,,Elsevier
Peptides,0196-9781,,Elsevier
Physiology & Behavior,0031-9384,,Elsevier
Journal of Power Sources,0378-7753,,Elsevier
Psychiatry Research: Neuroimaging,0925-4927,,Elsevier
Sensors and Actuators: B. Chemical,0925-4005,,Elsevier
Journal of Stored Products Research,0022-474X,,Elsevier
Systematic and Applied Microbiology,0723-2020,,Elsevier
Teaching and Teacher Education,0742-051X,,Elsevier
Tetrahedron,0040-4020,,Elsevier
Technology in Society,0160-791X,,Elsevier
Veterinary Immunology and Immunopathology,0165-2427,,Elsevier
World Development,0305-750X,,Elsevier
World Development Perspectives,2452-2929,,Elsevier
Journal of Web Semantics,1570-8268,,Elsevier
Women's Studies International Forum,0277-5395,,Elsevier
Blood Cells, Molecules and Diseases,1079-9796,,Elsevier
Consciousness and Cognition,1053-8100,,Elsevier
Cognitive Psychology,0010-0285,,Elsevier
Experimental Neurology,0014-4886,,Elsevier
Fungal Genetics and Biology,1087-1845,,Elsevier
Journal of Environmental Management,0301-4797,,Elsevier
Journal of Magnetic Resonance,1090-7807,,Elsevier
Medical Hypotheses,0306-9877,,Elsevier
American Heart Journal,0002-8703,,Elsevier
Physiological and Molecular Plant Pathology,0885-5765,,Elsevier
Protein Expression and Purification,1046-5928,,Elsevier
Personality and Individual Differences,0191-8869,,Elsevier
Matrix Biology,0945-053X,,Elsevier
Mitochondrion,1567-7249,,Elsevier
Journal of Proteomics,1874-3919,,Elsevier
Gynecologic Oncology,0090-8258,,Elsevier
Biological Psychiatry,0006-3223,,Elsevier
The American Journal of Geriatric Psychiatry,1064-7481,,Elsevier
Biological Psychiatry: Cognitive Neuroscience and Neuroimaging,2451-9022,,Elsevier
Journal of Pain and Symptom Management,0885-3924,,Elsevier
Journal of Adolescent Health,1054-139X,,Elsevier
Medical Engineering and Physics,1350-4533,,Elsevier
Diabetes Research and Clinical Practice,0168-8227,,Elsevier
European Journal of Vascular & Endovascular Surgery,1078-5884,,Elsevier
Midwifery,0266-6138,,Elsevier
European Neuropsychopharmacology,0924-977X,,Elsevier
Journal of Clinical Neuroscience,0967-5868,,Elsevier
Osteoarthritis and Cartilage,1063-4584,,Elsevier
Studies in History and Philosophy of Science,0039-3681,,Elsevier
Crop Protection,0261-2194,,Elsevier
Clinical Immunology,1521-6616,,Elsevier
Developmental Biology,0012-1606,,Elsevier
Clinical Microbiology and Infection,1198-743X,,Elsevier
Med,2666-6340,,Elsevier
Annals of Nutrition and Metabolism,0250-6807,1421-9697,Karger
Neurodegenerative Diseases,1660-2854,1660-2862,Karger
Cardiology,0008-6312,,Karger
Cytogenetic and Genome Research,1424-8581,,Karger
European Addiction Research,1022-6877,,Karger
Sexual Development,1661-5425,,Karger
Skin Appendage Disorders,2296-9195,,Karger
"Health Policy and Planning,1460-2237,,""Oxford University Press"""
"Journal of Cell Biology,1540-8140,,""Rockefeller University Press"""
"Journal of Experimental Medicine,1540-9538,,""Rockefeller University Press"""
"Journal of General Physiology,1540-7748,,""Rockefeller University Press"""
"3 Biotech,2190-5738,,""Springer Nature"""
"4OR,1614-2411,,""Springer Nature"""
"AAPS PharmSciTech,1530-9932,,""Springer Nature"""
"Abdominal Radiology,2366-0058,,""Springer Nature"""
"Abhandlungen aus dem Mathematischen Seminar der Universität Hamburg,1865-8784,,""Springer Nature"""
"aBIOTECH,2662-1738,,""Springer Nature"""
"Academic Psychiatry,1545-7230,,""Springer Nature"""
"Accreditation and Quality Assurance,1432-0517,,""Springer Nature"""
"Acta Analytica,1874-6349,,""Springer Nature"""
"Acta Applicandae Mathematicae,1572-9036,,""Springer Nature"""
"Acta Biotheoretica,1572-8358,,""Springer Nature"""
"Acta Diabetologica,1432-5233,,""Springer Nature"""
"acta ethologica,1437-9546,,""Springer Nature"""
"Acta Geochimica,2365-7499,,""Springer Nature"""
"Acta Geodaetica et Geophysica,2213-5820,,""Springer Nature"""
"Acta Geophysica,1895-7455,,""Springer Nature"""
"Acta Geotechnica,1861-1133,,""Springer Nature"""
"Acta Informatica,1432-0525,,""Springer Nature"""
"Acta Mathematica Scientia,1572-9087,,""Springer Nature"""
"Acta Mathematica Vietnamica,2315-4144,,""Springer Nature"""
"Acta Mechanica,1619-6937,,""Springer Nature"""
"Acta Metallurgica Sinica (English Letters),2194-1289,,""Springer Nature"""
"Acta Neurochirurgica,0942-0940,,""Springer Nature"""
"Acta Neurologica Belgica,2240-2993,,""Springer Nature"""
"Acta Neuropathologica,1432-0533,,""Springer Nature"""
"Acta Parasitologica,1896-1851,,""Springer Nature"""
"Acta Pharmacologica Sinica,1745-7254,,""Springer Nature"""
"Acta Physiologiae Plantarum,1861-1664,,""Springer Nature"""
"Acta Politica,1741-1416,,""Springer Nature"""
"Adaptive Human Behavior and Physiology,2198-7335,,""Springer Nature"""
"Administration and Policy in Mental Health and Mental Health Services Research,1573-3289,,""Springer Nature"""
"Adsorption,1572-8757,,""Springer Nature"""
"Advanced Composites and Hybrid Materials,2522-0136,,""Springer Nature"""
"Advanced Fiber Materials,2524-793X,,""Springer Nature"""
"Advances in Applied Clifford Algebras,1661-4909,,""Springer Nature"""
"Advances in Astronautics Science and Technology,2524-5260,,""Springer Nature"""
"Advances in Computational Intelligence,2730-7808,,""Springer Nature"""
"Advances in Computational Mathematics,1572-9044,,""Springer Nature"""
"Advances in Data Analysis and Classification,1862-5355,,""Springer Nature"""
"Advances in Health Sciences Education,1573-1677,,""Springer Nature"""
"Advances in Manufacturing,2195-3597,,""Springer Nature"""
"Advances in Neurodevelopmental Disorders,2366-7540,,""Springer Nature"""
"Advances in Operator Theory,2538-225X,,""Springer Nature"""
"Advances in Traditional Medicine,2662-4060,,""Springer Nature"""
"Adversity and Resilience Science,2662-2416,,""Springer Nature"""
"Aequationes mathematicae,1420-8903,,""Springer Nature"""
"Aerobiologia,1573-3025,,""Springer Nature"""
"Aerosol Science and Engineering,2510-3768,,""Springer Nature"""
"Aerospace Systems,2523-3955,,""Springer Nature"""
"Aerotecnica Missili & Spazio,2524-6968,,""Springer Nature"""
"Aesthetic Plastic Surgery,1432-5241,,""Springer Nature"""
"Affective Science,2662-205X,,""Springer Nature"""
"African Archaeological Review,1572-9842,,""Springer Nature"""
"Afrika Matematika,2190-7668,,""Springer Nature"""
"Ageing International,1936-606X,,""Springer Nature"""
"Aging Clinical and Experimental Research,1720-8319,,""Springer Nature"""
"Agricultural Research,2249-7218,,""Springer Nature"""
"Agriculture and Human Values,1572-8366,,""Springer Nature"""
"Agroforestry Systems,1572-9680,,""Springer Nature"""
"Agronomy for Sustainable Development,1773-0155,,""Springer Nature"""
"AI & SOCIETY,1435-5655,,""Springer Nature"""
"AI and Ethics,2730-5961,,""Springer Nature"""
"AIDS and Behavior,1573-3254,,""Springer Nature"""
"Air Quality, Atmosphere & Health,1873-9326,,""Springer Nature"""
"Algebra universalis,1420-8911,,""Springer Nature"""
"Algebras and Representation Theory,1572-9079,,""Springer Nature"""
"Algorithmica,1432-0541,,""Springer Nature"""
"Alpine Botany,1664-221X,,""Springer Nature"""
"Ambio,1654-7209,,""Springer Nature"""
"American Journal of Criminal Justice,1936-1351,,""Springer Nature"""
"American Journal of Cultural Sociology,2049-7121,,""Springer Nature"""
"American Journal of Dance Therapy,1573-3262,,""Springer Nature"""
"American Journal of Potato Research,1874-9380,,""Springer Nature"""
"Amino Acids,1438-2199,,""Springer Nature"""
"AMS Review,1869-8182,,""Springer Nature"""
"Analog Integrated Circuits and Signal Processing,1573-1979,,""Springer Nature"""
"Analysis and Mathematical Physics,1664-235X,,""Springer Nature"""
"Analytical and Bioanalytical Chemistry,1618-2650,,""Springer Nature"""
"Anatomical Science International,1447-073X,,""Springer Nature"""
"Angiogenesis,1573-7209,,""Springer Nature"""
"Animal Cognition,1435-9456,,""Springer Nature"""
"Annales Henri Poincaré,1424-0661,,""Springer Nature"""
"Annales mathématiques du Québec,2195-4763,,""Springer Nature"""
"ANNALI DELL'UNIVERSITA' DI FERRARA,1827-1510,,""Springer Nature"""
"Annali di Matematica Pura ed Applicata (1923 -),1618-1891,,""Springer Nature"""
"Annals of Biomedical Engineering,1573-9686,,""Springer Nature"""
"Annals of Combinatorics,0219-3094,,""Springer Nature"""
"Annals of Data Science,2198-5812,,""Springer Nature"""
"Annals of Finance,1614-2454,,""Springer Nature"""
"Annals of Forest Science,1297-966X,,""Springer Nature"""
"Annals of Functional Analysis,2008-8752,,""Springer Nature"""
"Annals of Global Analysis and Geometry,1572-9060,,""Springer Nature"""
"Annals of Hematology,1432-0584,,""Springer Nature"""
"Annals of Mathematics and Artificial Intelligence,1573-7470,,""Springer Nature"""
"Annals of Nuclear Medicine,1864-6433,,""Springer Nature"""
"Annals of Operations Research,1572-9338,,""Springer Nature"""
"Annals of PDE,2199-2576,,""Springer Nature"""
"Annals of Surgical Oncology,1534-4681,,""Springer Nature"""
"Annals of Telecommunications,1958-9395,,""Springer Nature"""
"Anthropocene Science,2731-3980,,""Springer Nature"""
"Antonie van Leeuwenhoek,1572-9699,,""Springer Nature"""
"Apidologie,1297-9678,,""Springer Nature"""
"Apoptosis,1573-675X,,""Springer Nature"""
"Applicable Algebra in Engineering, Communication and Computing,1432-0622,,""Springer Nature"""
"Applied Biochemistry and Biotechnology,1559-0291,,""Springer Nature"""
"Applied Categorical Structures,1572-9095,,""Springer Nature"""
"Applied Composite Materials,1573-4897,,""Springer Nature"""
"Applied Entomology and Zoology,1347-605X,,""Springer Nature"""
"Applied Geomatics,1866-928X,,""Springer Nature"""
"Applied Intelligence,1573-7497,,""Springer Nature"""
"Applied Magnetic Resonance,1613-7507,,""Springer Nature"""
"Applied Mathematics & Optimization,1432-0606,,""Springer Nature"""
"Applied Mathematics-A Journal of Chinese Universities,1993-0445,,""Springer Nature"""
"Applied Microbiology and Biotechnology,1432-0614,,""Springer Nature"""
"Applied Nanoscience,2190-5517,,""Springer Nature"""
"Applied Physics A,1432-0630,,""Springer Nature"""
"Applied Physics B,1432-0649,,""Springer Nature"""
"Applied Psychophysiology and Biofeedback,1573-3270,,""Springer Nature"""
"Applied Research in Quality of Life,1871-2576,,""Springer Nature"""
"Applied Spatial Analysis and Policy,1874-4621,,""Springer Nature"""
"Aquaculture International,1573-143X,,""Springer Nature"""
"Aquatic Ecology,1573-5125,,""Springer Nature"""
"Aquatic Geochemistry,1573-1421,,""Springer Nature"""
"Aquatic Sciences,1420-9055,,""Springer Nature"""
"Arabian Journal for Science and Engineering,2191-4281,,""Springer Nature"""
"Arabian Journal of Geosciences,1866-7538,,""Springer Nature"""
"Archaeological and Anthropological Sciences,1866-9565,,""Springer Nature"""
"Archaeologies,1935-3987,,""Springer Nature"""
"Architecture, Structures and Construction,2730-9894,,""Springer Nature"""
"Archiv der Mathematik,1420-8938,,""Springer Nature"""
"Archival Science,1573-7500,,""Springer Nature"""
"Archive for History of Exact Sciences,1432-0657,,""Springer Nature"""
"Archive for Mathematical Logic,1432-0665,,""Springer Nature"""
"Archive for Rational Mechanics and Analysis,1432-0673,,""Springer Nature"""
"Archive of Applied Mechanics,1432-0681,,""Springer Nature"""
"Archives of Civil and Mechanical Engineering,1644-9665,,""Springer Nature"""
"Archives of Computational Methods in Engineering,1886-1784,,""Springer Nature"""
"Archives of Dermatological Research,1432-069X,,""Springer Nature"""
"Archives of Environmental Contamination and Toxicology,1432-0703,,""Springer Nature"""
"Archives of Gynecology and Obstetrics,1432-0711,,""Springer Nature"""
"Archives of Microbiology,1432-072X,,""Springer Nature"""
"Archives of Orthopaedic and Trauma Surgery,1434-3916,,""Springer Nature"""
"Archives of Osteoporosis,1862-3514,,""Springer Nature"""
"Archives of Pharmacal Research,1976-3786,,""Springer Nature"""
"Archives of Sexual Behavior,1573-2800,,""Springer Nature"""
"Archives of Toxicology,1432-0738,,""Springer Nature"""
"Archives of Virology,1432-8798,,""Springer Nature"""
"Archives of Women's Mental Health,1435-1102,,""Springer Nature"""
"Argumentation,1572-8374,,""Springer Nature"""
"Arnold Mathematical Journal,2199-6806,,""Springer Nature"""
"Arthropod-Plant Interactions,1872-8847,,""Springer Nature"""
"Artificial Intelligence and Law,1572-8382,,""Springer Nature"""
"Artificial Intelligence Review,1573-7462,,""Springer Nature"""
"Artificial Life and Robotics,1614-7456,,""Springer Nature"""
"Asia Europe Journal,1612-1031,,""Springer Nature"""
"Asia Pacific Education Review,1876-407X,,""Springer Nature"""
"Asia Pacific Journal of Management,1572-9958,,""Springer Nature"""
"Asian Archaeology,2520-8101,,""Springer Nature"""
"Asian Bioethics Review,1793-9453,,""Springer Nature"""
"Asian Business & Management,1476-9328,,""Springer Nature"""
"Asian Journal of Business Ethics,2210-6731,,""Springer Nature"""
"Asian Journal of Civil Engineering,2522-011X,,""Springer Nature"""
"Asian Journal of Criminology,1871-014X,,""Springer Nature"""
"Asia-Pacific Financial Markets,1573-6946,,""Springer Nature"""
"Asia-Pacific Journal of Atmospheric Sciences,1976-7951,,""Springer Nature"""
"Asia-Pacific Journal of Regional Science,2509-7954,,""Springer Nature"""
"AStA Advances in Statistical Analysis,1863-818X,,""Springer Nature"""
"Astrodynamics,2522-0098,,""Springer Nature"""
"Astrophysics and Space Science,1572-946X,,""Springer Nature"""
"Augmented Human Research,2365-4325,,""Springer Nature"""
"Australasian Plant Pathology,1448-6032,,""Springer Nature"""
"Automated Software Engineering,1573-7535,,""Springer Nature"""
"Automotive and Engine Technology,2365-5135,,""Springer Nature"""
"Autonomous Agents and Multi-Agent Systems,1573-7454,,""Springer Nature"""
"Autonomous Robots,1573-7527,,""Springer Nature"""
"Banach Journal of Mathematical Analysis,1735-8787,,""Springer Nature"""
"Behavior Analysis in Practice,2196-8934,,""Springer Nature"""
"Behavior and Social Issues,2376-6786,,""Springer Nature"""
"Behavior Genetics,1573-3297,,""Springer Nature"""
"Behavioral Ecology and Sociobiology,1432-0762,,""Springer Nature"""
"Behaviormetrika,1349-6964,,""Springer Nature"""
"Beiträge zur Algebra und Geometrie / Contributions to Algebra and Geometry,2191-0383,,""Springer Nature"""
"Biochar,2524-7867,,""Springer Nature"""
"Biochemical Genetics,1573-4927,,""Springer Nature"""
"BioChip Journal,2092-7843,,""Springer Nature"""
"BioControl,1573-8248,,""Springer Nature"""
"Biodegradation,1572-9729,,""Springer Nature"""
"Bio-Design and Manufacturing,2522-8552,,""Springer Nature"""
"Biodiversity and Conservation,1572-9710,,""Springer Nature"""
"BioEnergy Research,1939-1242,,""Springer Nature"""
"Biogeochemistry,1573-515X,,""Springer Nature"""
"Biogerontology,1573-6768,,""Springer Nature"""
"Biologia,1336-9563,,""Springer Nature"""
"Biological Cybernetics,1432-0770,,""Springer Nature"""
"Biological Invasions,1573-1464,,""Springer Nature"""
"Biological Theory,1555-5550,,""Springer Nature"""
"Biological Trace Element Research,1559-0720,,""Springer Nature"""
"Biology & Philosophy,1572-8404,,""Springer Nature"""
"Biology and Fertility of Soils,1432-0789,,""Springer Nature"""
"Biomass Conversion and Biorefinery,2190-6823,,""Springer Nature"""
"Biomechanics and Modeling in Mechanobiology,1617-7940,,""Springer Nature"""
"Biomedical Engineering Education,2730-5945,,""Springer Nature"""
"Biomedical Microdevices,1572-8781,,""Springer Nature"""
"BioMetals,1572-8773,,""Springer Nature"""
"Biomolecular NMR Assignments,1874-270X,,""Springer Nature"""
"BioNanoScience,2191-1649,,""Springer Nature"""
"Biophysical Economics and Sustainability,2730-7204,,""Springer Nature"""
"Bioprocess and Biosystems Engineering,1615-7605,,""Springer Nature"""
"Biosemiotics,1875-1350,,""Springer Nature"""
"BioSocieties,1745-8560,,""Springer Nature"""
"Biotechnology and Bioprocess Engineering,1976-3816,,""Springer Nature"""
"Biotechnology Letters,1573-6776,,""Springer Nature"""
"BIT Numerical Mathematics,1572-9125,,""Springer Nature"""
"Boletín de la Sociedad Matemática Mexicana,2296-4495,,""Springer Nature"""
"Bollettino dell'Unione Matematica Italiana,2198-2759,,""Springer Nature"""
"Bone Marrow Transplantation,1476-5365,,""Springer Nature"""
"Boundary-Layer Meteorology,1573-1472,,""Springer Nature"""
"Brain Imaging and Behavior,1931-7565,,""Springer Nature"""
"Brain Structure and Function,1863-2661,,""Springer Nature"""
"Brain Topography,1573-6792,,""Springer Nature"""
"Brain Tumor Pathology,1861-387X,,""Springer Nature"""
"Brazilian Journal of Botany,1806-9959,,""Springer Nature"""
"Brazilian Journal of Chemical Engineering,1678-4383,,""Springer Nature"""
"Brazilian Journal of Microbiology,1678-4405,,""Springer Nature"""
"Brazilian Journal of Physics,1678-4448,,""Springer Nature"""
"Breast Cancer,1880-4233,,""Springer Nature"""
"Breast Cancer Research and Treatment,1573-7217,,""Springer Nature"""
"British Dental Journal,1476-5373,,""Springer Nature"""
"British Journal of Cancer,1532-1827,,""Springer Nature"""
"Building Simulation,1996-8744,,""Springer Nature"""
"Bulletin of Atmospheric Science and Technology,2662-1509,,""Springer Nature"""
"Bulletin of Earthquake Engineering,1573-1456,,""Springer Nature"""
"Bulletin of Engineering Geology and the Environment,1435-9537,,""Springer Nature"""
"Bulletin of Environmental Contamination and Toxicology,1432-0800,,""Springer Nature"""
"Bulletin of Mathematical Biology,1522-9602,,""Springer Nature"""
"Bulletin of the Brazilian Mathematical Society, New Series,1678-7714,,""Springer Nature"""
"Bulletin of the Iranian Mathematical Society,1735-8515,,""Springer Nature"""
"Bulletin of the Malaysian Mathematical Sciences Society,2180-4206,,""Springer Nature"""
"Bulletin of Volcanology,1432-0819,,""Springer Nature"""
"Calcified Tissue International,1432-0827,,""Springer Nature"""
"Calcolo,1126-5434,,""Springer Nature"""
"Calculus of Variations and Partial Differential Equations,1432-0835,,""Springer Nature"""
"Canadian Journal of Emergency Medicine,1481-8043,,""Springer Nature"""
"Canadian Journal of Public Health,1920-7476,,""Springer Nature"""
"Canadian Journal of Science, Mathematics and Technology Education,1942-4051,,""Springer Nature"""
"Canadian Studies in Population,1927-629X,,""Springer Nature"""
"Cancer Causes & Control,1573-7225,,""Springer Nature"""
"Cancer Chemotherapy and Pharmacology,1432-0843,,""Springer Nature"""
"Cancer Gene Therapy,1476-5500,,""Springer Nature"""
"Cancer Immunology, Immunotherapy,1432-0851,,""Springer Nature"""
"Carbon Letters,2233-4998,,""Springer Nature"""
"Carbonates and Evaporites,1878-5212,,""Springer Nature"""
"CardioVascular and Interventional Radiology,1432-086X,,""Springer Nature"""
"Cardiovascular Drugs and Therapy,1573-7241,,""Springer Nature"""
"Cardiovascular Engineering and Technology,1869-4098,,""Springer Nature"""
"Cardiovascular Intervention and Therapeutics,1868-4297,,""Springer Nature"""
"Cardiovascular Toxicology,1559-0259,,""Springer Nature"""
"Catalysis Letters,1572-879X,,""Springer Nature"""
"Catalysis Surveys from Asia,1574-9266,,""Springer Nature"""
"CCF Transactions on High Performance Computing,2524-4930,,""Springer Nature"""
"CCF Transactions on Pervasive Computing and Interaction,2524-5228,,""Springer Nature"""
"Celestial Mechanics and Dynamical Astronomy,1572-9478,,""Springer Nature"""
"Cell and Tissue Banking,1573-6814,,""Springer Nature"""
"Cell and Tissue Research,1432-0878,,""Springer Nature"""
"Cell Biochemistry and Biophysics,1559-0283,,""Springer Nature"""
"Cell Biology and Toxicology,1573-6822,,""Springer Nature"""
"Cell Death & Differentiation,1476-5403,,""Springer Nature"""
"Cell Stress and Chaperones,1466-1268,,""Springer Nature"""
"Cellular & Molecular Immunology,2042-0226,,""Springer Nature"""
"Cellular and Molecular Bioengineering,1865-5033,,""Springer Nature"""
"Cellular and Molecular Life Sciences,1420-9071,,""Springer Nature"""
"Cellular and Molecular Neurobiology,1573-6830,,""Springer Nature"""
"Cellular Oncology,2211-3436,,""Springer Nature"""
"Cellulose,1572-882X,,""Springer Nature"""
"CEN Case Reports,2192-4449,,""Springer Nature"""
"Cereal Research Communications,1788-9170,,""Springer Nature"""
"Chemical Papers,2585-7290,,""Springer Nature"""
"Chemistry Africa,2522-5766,,""Springer Nature"""
"Chemoecology,1423-0445,,""Springer Nature"""
"ChemTexts,2199-3793,,""Springer Nature"""
"Child & Youth Care Forum,1573-3319,,""Springer Nature"""
"Child and Adolescent Social Work Journal,1573-2797,,""Springer Nature"""
"Child Indicators Research,1874-8988,,""Springer Nature"""
"Child Psychiatry & Human Development,1573-3327,,""Springer Nature"""
"Children's Literature in Education,1573-1693,,""Springer Nature"""
"Child's Nervous System,1433-0350,,""Springer Nature"""
"China Foundry,2365-9459,,""Springer Nature"""
"China International Strategy Review,2524-5635,,""Springer Nature"""
"China Ocean Engineering,2191-8945,,""Springer Nature"""
"Chinese Geographical Science,1993-064X,,""Springer Nature"""
"Chinese Journal of Academic Radiology,2520-8993,,""Springer Nature"""
"Chinese Political Science Review,2365-4252,,""Springer Nature"""
"Chromatographia,1612-1112,,""Springer Nature"""
"Chromosoma,1432-0886,,""Springer Nature"""
"Chromosome Research,1573-6849,,""Springer Nature"""
"Circuits, Systems, and Signal Processing,1531-5878,,""Springer Nature"""
"Circular Economy and Sustainability,2730-5988,,""Springer Nature"""
"Clays and Clay Minerals,1552-8367,,""Springer Nature"""
"Clean Technologies and Environmental Policy,1618-9558,,""Springer Nature"""
"Climate Dynamics,1432-0894,,""Springer Nature"""
"Climatic Change,1573-1480,,""Springer Nature"""
"Clinical & Experimental Metastasis,1573-7276,,""Springer Nature"""
"Clinical and Experimental Medicine,1591-9528,,""Springer Nature"""
"Clinical and Experimental Nephrology,1437-7799,,""Springer Nature"""
"Clinical and Translational Imaging,2281-7565,,""Springer Nature"""
"Clinical Journal of Gastroenterology,1865-7265,,""Springer Nature"""
"Clinical Oral Investigations,1436-3771,,""Springer Nature"""
"Clinical Rheumatology,1434-9949,,""Springer Nature"""
"Clinical Social Work Journal,1573-3343,,""Springer Nature"""
"Cliometrica,1863-2513,,""Springer Nature"""
"Cluster Computing,1573-7543,,""Springer Nature"""
"Cognition, Technology & Work,1435-5566,,""Springer Nature"""
"Cognitive Computation,1866-9964,,""Springer Nature"""
"Cognitive Neurodynamics,1871-4099,,""Springer Nature"""
"Cognitive Processing,1612-4790,,""Springer Nature"""
"Cognitive Therapy and Research,1573-2819,,""Springer Nature"""
"Collectanea Mathematica,2038-4815,,""Springer Nature"""
"Colloid and Polymer Science,1435-1536,,""Springer Nature"""
"Communications in Mathematical Physics,1432-0916,,""Springer Nature"""
"Communications in Mathematics and Statistics,2194-671X,,""Springer Nature"""
"Community Ecology,1588-2756,,""Springer Nature"""
"Community Mental Health Journal,1573-2789,,""Springer Nature"""
"Comparative Clinical Pathology,1618-565X,,""Springer Nature"""
"Comparative Economic Studies,1478-3320,,""Springer Nature"""
"Comparative European Politics,1740-388X,,""Springer Nature"""
"Complex Analysis and its Synergies,2197-120X,,""Springer Nature"""
"Complex Analysis and Operator Theory,1661-8262,,""Springer Nature"""
"Computational and Applied Mathematics,1807-0302,,""Springer Nature"""
"Computational and Mathematical Organization Theory,1572-9346,,""Springer Nature"""
"Computational Brain & Behavior,2522-087X,,""Springer Nature"""
"computational complexity,1420-8954,,""Springer Nature"""
"Computational Economics,1572-9974,,""Springer Nature"""
"Computational Geosciences,1573-1499,,""Springer Nature"""
"Computational Management Science,1619-6988,,""Springer Nature"""
"Computational Mechanics,1432-0924,,""Springer Nature"""
"Computational Methods and Function Theory,2195-3724,,""Springer Nature"""
"Computational Optimization and Applications,1573-2894,,""Springer Nature"""
"Computational Particle Mechanics,2196-4386,,""Springer Nature"""
"Computational Statistics,1613-9658,,""Springer Nature"""
"Computer Supported Cooperative Work (CSCW),1573-7551,,""Springer Nature"""
"Computing,1436-5057,,""Springer Nature"""
"Conservation Genetics,1572-9737,,""Springer Nature"""
"Conservation Genetics Resources,1877-7260,,""Springer Nature"""
"Constitutional Political Economy,1572-9966,,""Springer Nature"""
"Constraints,1572-9354,,""Springer Nature"""
"Construction Robotics,2509-8780,,""Springer Nature"""
"Constructive Approximation,1432-0940,,""Springer Nature"""
"Contemporary Family Therapy,1573-3335,,""Springer Nature"""
"Contemporary Islam,1872-0226,,""Springer Nature"""
"Contemporary Jewry,1876-5165,,""Springer Nature"""
"Contemporary Political Theory,1476-9336,,""Springer Nature"""
"Contemporary School Psychology,2161-1505,,""Springer Nature"""
"Continuum Mechanics and Thermodynamics,1432-0959,,""Springer Nature"""
"Contributions to Mineralogy and Petrology,1432-0967,,""Springer Nature"""
"Control Theory and Technology,2198-0942,,""Springer Nature"""
"Coral Reefs,1432-0975,,""Springer Nature"""
"Corporate Reputation Review,1479-1889,,""Springer Nature"""
"Corpus Pragmatics,2509-9515,,""Springer Nature"""
"Crime Prevention and Community Safety,1743-4629,,""Springer Nature"""
"Crime, Law and Social Change,1573-0751,,""Springer Nature"""
"Criminal Law and Philosophy,1871-9805,,""Springer Nature"""
"Criminal Law Forum,1572-9850,,""Springer Nature"""
"Critical Criminology,1572-9877,,""Springer Nature"""
"Cryptography and Communications,1936-2455,,""Springer Nature"""
"CSI Transactions on ICT,2277-9086,,""Springer Nature"""
"Cultural Studies of Science Education,1871-1510,,""Springer Nature"""
"Culture, Medicine, and Psychiatry,1573-076X,,""Springer Nature"""
"Current Genetics,1432-0983,,""Springer Nature"""
"Current Medical Science,2523-899X,,""Springer Nature"""
"Current Microbiology,1432-0991,,""Springer Nature"""
"Current Psychology,1936-4733,,""Springer Nature"""
"Curriculum Perspectives,2367-1793,,""Springer Nature"""
"Customer Needs and Solutions,2196-2928,,""Springer Nature"""
"Cytotechnology,1573-0778,,""Springer Nature"""
"Dao,1569-7274,,""Springer Nature"""
"DARU Journal of Pharmaceutical Sciences,2008-2231,,""Springer Nature"""
"Data Mining and Knowledge Discovery,1573-756X,,""Springer Nature"""
"DECISION,2197-1722,,""Springer Nature"""
"Decisions in Economics and Finance,1129-6569,,""Springer Nature"""
"Design Automation for Embedded Systems,1572-8080,,""Springer Nature"""
"Designs, Codes and Cryptography,1573-7586,,""Springer Nature"""
"Development Genes and Evolution,1432-041X,,""Springer Nature"""
"Diabetologia,1432-0428,,""Springer Nature"""
"Dialectical Anthropology,1573-0786,,""Springer Nature"""
"Digital Experiences in Mathematics Education,2199-3254,,""Springer Nature"""
"Digital Finance,2524-6186,,""Springer Nature"""
"Digital War,2662-1983,,""Springer Nature"""
"Discrete & Computational Geometry,1432-0444,,""Springer Nature"""
"Discrete Event Dynamic Systems,1573-7594,,""Springer Nature"""
"Distributed and Parallel Databases,1573-7578,,""Springer Nature"""
"Distributed Computing,1432-0452,,""Springer Nature"""
"Documenta Ophthalmologica,1573-2622,,""Springer Nature"""
"Drug Delivery and Translational Research,2190-3948,,""Springer Nature"""
"Dynamic Games and Applications,2153-0793,,""Springer Nature"""
"Dysphagia,1432-0460,,""Springer Nature"""
"Early Childhood Education Journal,1573-1707,,""Springer Nature"""
"Earth Science Informatics,1865-0481,,""Springer Nature"""
"Earth Systems and Environment,2509-9434,,""Springer Nature"""
"Earth, Moon, and Planets,1573-0794,,""Springer Nature"""
"Earthquake Engineering and Engineering Vibration,1993-503X,,""Springer Nature"""
"East Asia,1874-6284,,""Springer Nature"""
"EcoHealth,1612-9210,,""Springer Nature"""
"Economia Politica,1973-820X,,""Springer Nature"""
"Economic Change and Restructuring,1574-0277,,""Springer Nature"""
"Economic Theory,1432-0479,,""Springer Nature"""
"Economic Theory Bulletin,2196-1093,,""Springer Nature"""
"Economics of Disasters and Climate Change,2511-1299,,""Springer Nature"""
"Economics of Governance,1435-8131,,""Springer Nature"""
"Ecosystems,1435-0629,,""Springer Nature"""
"Ecotoxicology,1573-3017,,""Springer Nature"""
"Education and Information Technologies,1573-7608,,""Springer Nature"""
"Education and Treatment of Children,1934-8924,,""Springer Nature"""
"Educational Assessment, Evaluation and Accountability,1874-8600,,""Springer Nature"""
"Educational Psychology Review,1573-336X,,""Springer Nature"""
"Educational Research for Policy and Practice,1573-1723,,""Springer Nature"""
"Educational Studies in Mathematics,1573-0816,,""Springer Nature"""
"Educational Technology Research and Development,1556-6501,,""Springer Nature"""
"Electrical Engineering,1432-0487,,""Springer Nature"""
"Electrocatalysis,1868-5994,,""Springer Nature"""
"Electronic Commerce Research,1572-9362,,""Springer Nature"""
"Electronic Materials Letters,2093-6788,,""Springer Nature"""
"Emergency Radiology,1438-1435,,""Springer Nature"""
"Emergent Materials,2522-574X,,""Springer Nature"""
"Emission Control Science and Technology,2199-3637,,""Springer Nature"""
"Empirica,1573-6911,,""Springer Nature"""
"Empirical Economics,1435-8921,,""Springer Nature"""
"Empirical Software Engineering,1573-7616,,""Springer Nature"""
"Employee Responsibilities and Rights Journal,1573-3378,,""Springer Nature"""
"Endocrine,1559-0100,,""Springer Nature"""
"Endocrine Pathology,1559-0097,,""Springer Nature"""
"Energy Efficiency,1570-6478,,""Springer Nature"""
"Energy Systems,1868-3975,,""Springer Nature"""
"Energy, Ecology and Environment,2363-8338,,""Springer Nature"""
"Engineering with Computers,1435-5663,,""Springer Nature"""
"English Teaching & Learning,2522-8560,,""Springer Nature"""
"Entrepreneurship Education,2520-8152,,""Springer Nature"""
"Environment Systems and Decisions,2194-5411,,""Springer Nature"""
"Environment, Development and Sustainability,1573-2975,,""Springer Nature"""
"Environmental and Ecological Statistics,1573-3009,,""Springer Nature"""
"Environmental and Resource Economics,1573-1502,,""Springer Nature"""
"Environmental Biology of Fishes,1573-5133,,""Springer Nature"""
"Environmental Chemistry Letters,1610-3661,,""Springer Nature"""
"Environmental Earth Sciences,1866-6299,,""Springer Nature"""
"Environmental Economics and Policy Studies,1867-383X,,""Springer Nature"""
"Environmental Fluid Mechanics,1573-1510,,""Springer Nature"""
"Environmental Geochemistry and Health,1573-2983,,""Springer Nature"""
"Environmental Management,1432-1009,,""Springer Nature"""
"Environmental Modeling & Assessment,1573-2967,,""Springer Nature"""
"Environmental Monitoring and Assessment,1573-2959,,""Springer Nature"""
"Environmental Processes,2198-7505,,""Springer Nature"""
"Environmental Science and Pollution Research,1614-7499,,""Springer Nature"""
"Environmental Sustainability,2523-8922,,""Springer Nature"""
"EPMA Journal,1878-5085,,""Springer Nature"""
"Erkenntnis,1572-8420,,""Springer Nature"""
"Esophagus,1612-9067,,""Springer Nature"""
"Estuaries and Coasts,1559-2731,,""Springer Nature"""
"Ethical Theory and Moral Practice,1572-8447,,""Springer Nature"""
"Ethics and Information Technology,1572-8439,,""Springer Nature"""
"Euphytica,1573-5060,,""Springer Nature"""
"Eurasian Business Review,2147-4281,,""Springer Nature"""
"Eurasian Economic Review,2147-429X,,""Springer Nature"""
"Euro-Mediterranean Journal for Environmental Integration,2365-7448,,""Springer Nature"""
"European Actuarial Journal,2190-9741,,""Springer Nature"""
"European Archives of Oto-Rhino-Laryngology,1434-4726,,""Springer Nature"""
"European Archives of Paediatric Dentistry,1996-9805,,""Springer Nature"""
"European Archives of Psychiatry and Clinical Neuroscience,1433-8491,,""Springer Nature"""
"European Biophysics Journal,1432-1017,,""Springer Nature"""
"European Child & Adolescent Psychiatry,1435-165X,,""Springer Nature"""
"European Food Research and Technology,1438-2385,,""Springer Nature"""
"European Geriatric Medicine,1878-7657,,""Springer Nature"""
"European Journal of Applied Physiology,1439-6327,,""Springer Nature"""
"European Journal of Clinical Microbiology & Infectious Diseases,1435-4373,,""Springer Nature"""
"European Journal of Clinical Nutrition,1476-5640,,""Springer Nature"""
"European Journal of Clinical Pharmacology,1432-1041,,""Springer Nature"""
"European Journal of Forest Research,1612-4677,,""Springer Nature"""
"European Journal of Human Genetics,1476-5438,,""Springer Nature"""
"European Journal of Law and Economics,1572-9990,,""Springer Nature"""
"European Journal of Mathematics,2199-6768,,""Springer Nature"""
"European Journal of Nuclear Medicine and Molecular Imaging,1619-7089,,""Springer Nature"""
"European Journal of Nutrition,1436-6215,,""Springer Nature"""
"European Journal of Orthopaedic Surgery & Traumatology,1432-1068,,""Springer Nature"""
"European Journal of Pediatrics,1432-1076,,""Springer Nature"""
"European Journal of Plant Pathology,1573-8469,,""Springer Nature"""
"European Journal of Plastic Surgery,1435-0130,,""Springer Nature"""
"European Journal of Psychology of Education,1878-5174,,""Springer Nature"""
"European Journal of Wildlife Research,1439-0574,,""Springer Nature"""
"European Journal of Wood and Wood Products,1436-736X,,""Springer Nature"""
"European Journal on Criminal Policy and Research,1572-9869,,""Springer Nature"""
"European Radiology,1432-1084,,""Springer Nature"""
"European Spine Journal,1432-0932,,""Springer Nature"""
"Evolutionary and Institutional Economics Review,2188-2096,,""Springer Nature"""
"Evolutionary Biology,1934-2845,,""Springer Nature"""
"Evolutionary Ecology,1573-8477,,""Springer Nature"""
"Evolutionary Intelligence,1864-5917,,""Springer Nature"""
"Evolutionary Psychological Science,2198-9885,,""Springer Nature"""
"Evolving Systems,1868-6486,,""Springer Nature"""
"Experimental and Applied Acarology,1572-9702,,""Springer Nature"""
"Experimental and Computational Multiphase Flow,2661-8877,,""Springer Nature"""
"Experimental Astronomy,1572-9508,,""Springer Nature"""
"Experimental Brain Research,1432-1106,,""Springer Nature"""
"Experimental Mechanics,1741-2765,,""Springer Nature"""
"Experimental Techniques,1747-1567,,""Springer Nature"""
"Experiments in Fluids,1432-1114,,""Springer Nature"""
"Exposure and Health,2451-9685,,""Springer Nature"""
"Extremes,1572-915X,,""Springer Nature"""
"Extremophiles,1433-4909,,""Springer Nature"""
"Eye,1476-5454,,""Springer Nature"""
"Facies,1612-4820,,""Springer Nature"""
"Familial Cancer,1573-7292,,""Springer Nature"""
"Feminist Legal Studies,1572-8455,,""Springer Nature"""
"Few-Body Systems,1432-5411,,""Springer Nature"""
"Fibers and Polymers,1875-0052,,""Springer Nature"""
"Finance and Stochastics,1432-1122,,""Springer Nature"""
"Financial Markets and Portfolio Management,2373-8529,,""Springer Nature"""
"Fire Technology,1572-8099,,""Springer Nature"""
"Fish Physiology and Biochemistry,1573-5168,,""Springer Nature"""
"Fisheries Science,1444-2906,,""Springer Nature"""
"Flexible Services and Manufacturing Journal,1936-6590,,""Springer Nature"""
"Flow, Turbulence and Combustion,1573-1987,,""Springer Nature"""
"Folia Geobotanica,1874-9348,,""Springer Nature"""
"Folia Microbiologica,1874-9356,,""Springer Nature"""
"Food Analytical Methods,1936-976X,,""Springer Nature"""
"Food and Bioprocess Technology,1935-5149,,""Springer Nature"""
"Food and Environmental Virology,1867-0342,,""Springer Nature"""
"Food Biophysics,1557-1866,,""Springer Nature"""
"Food Ethics,2364-6861,,""Springer Nature"""
"Food Science and Biotechnology,2092-6456,,""Springer Nature"""
"Food Security,1876-4525,,""Springer Nature"""
"Forensic Science, Medicine and Pathology,1556-2891,,""Springer Nature"""
"Forensic Toxicology,1860-8973,,""Springer Nature"""
"Formal Methods in System Design,1572-8102,,""Springer Nature"""
"Foundations of Chemistry,1572-8463,,""Springer Nature"""
"Foundations of Computational Mathematics,1615-3383,,""Springer Nature"""
"Foundations of Physics,1572-9516,,""Springer Nature"""
"Foundations of Science,1572-8471,,""Springer Nature"""
"French Politics,1476-3427,,""Springer Nature"""
"Frontiers of Information Technology & Electronic Engineering,2095-9230,,""Springer Nature"""
"Fudan Journal of the Humanities and Social Sciences,2198-2600,,""Springer Nature"""
"Functional & Integrative Genomics,1438-7948,,""Springer Nature"""
"Fungal Diversity,1878-9129,,""Springer Nature"""
"Fuzzy Optimization and Decision Making,1573-2908,,""Springer Nature"""
"Gastric Cancer,1436-3305,,""Springer Nature"""
"GEM - International Journal on Geomathematics,1869-2680,,""Springer Nature"""
"Gender Issues,1936-4717,,""Springer Nature"""
"Gene Therapy,1476-5462,,""Springer Nature"""
"General Relativity and Gravitation,1572-9532,,""Springer Nature"""
"General Thoracic and Cardiovascular Surgery,1863-6713,,""Springer Nature"""
"Genes & Genomics,2092-9293,,""Springer Nature"""
"Genes & Immunity,1476-5470,,""Springer Nature"""
"Genetic Programming and Evolvable Machines,1573-7632,,""Springer Nature"""
"Genetic Resources and Crop Evolution,1573-5109,,""Springer Nature"""
"Genetica,1573-6857,,""Springer Nature"""
"Genome Instability & Disease,2524-7662,,""Springer Nature"""
"Geoheritage,1867-2485,,""Springer Nature"""
"GeoInformatica,1573-7624,,""Springer Nature"""
"GeoJournal,1572-9893,,""Springer Nature"""
"Geo-Marine Letters,1432-1157,,""Springer Nature"""
"Geometriae Dedicata,1572-9168,,""Springer Nature"""
"Geometric and Functional Analysis,1420-8970,,""Springer Nature"""
"Geotechnical and Geological Engineering,1573-1529,,""Springer Nature"""
"GeroScience,2509-2723,,""Springer Nature"""
"Glass Structures & Engineering,2363-5150,,""Springer Nature"""
"Global Implementation Research and Applications,2662-9275,,""Springer Nature"""
"Global Journal of Flexible Systems Management,0974-0198,,""Springer Nature"""
"Global Public Policy and Governance,2730-6305,,""Springer Nature"""
"Global Social Welfare,2196-8799,,""Springer Nature"""
"Glycoconjugate Journal,1573-4986,,""Springer Nature"""
"Gold Bulletin,2190-7579,,""Springer Nature"""
"GPS Solutions,1521-1886,,""Springer Nature"""
"Graefe's Archive for Clinical and Experimental Ophthalmology,1435-702X,,""Springer Nature"""
"Granular Computing,2364-4974,,""Springer Nature"""
"Granular Matter,1434-7636,,""Springer Nature"""
"Graphs and Combinatorics,1435-5914,,""Springer Nature"""
"Group Decision and Negotiation,1572-9907,,""Springer Nature"""
"Head and Neck Pathology,1936-0568,,""Springer Nature"""
"Health and Technology,2190-7196,,""Springer Nature"""
"Health Care Management Science,1572-9389,,""Springer Nature"""
"Health Information Science and Systems,2047-2501,,""Springer Nature"""
"Health Services and Outcomes Research Methodology,1572-9400,,""Springer Nature"""
"Heart and Vessels,1615-2573,,""Springer Nature"""
"Heat and Mass Transfer,1432-1181,,""Springer Nature"""
"HEC Forum,1572-8498,,""Springer Nature"""
"Hepatology International,1936-0541,,""Springer Nature"""
"Heredity,1365-2540,,""Springer Nature"""
"Hernia,1248-9204,,""Springer Nature"""
"Higher Education,1573-174X,,""Springer Nature"""
"Histochemistry and Cell Biology,1432-119X,,""Springer Nature"""
"Historical Archaeology,2328-1103,,""Springer Nature"""
"History and Philosophy of the Life Sciences,1742-6316,,""Springer Nature"""
"Homo Oeconomicus,2366-6161,,""Springer Nature"""
"Hormones,2520-8721,,""Springer Nature"""
"Horticulture, Environment, and Biotechnology,2211-3460,,""Springer Nature"""
"Human Arenas,2522-5804,,""Springer Nature"""
"Human Cell,1749-0774,,""Springer Nature"""
"Human Ecology,1572-9915,,""Springer Nature"""
"Human Factors and Mechanical Engineering for Defense and Safety,2367-2544,,""Springer Nature"""
"Human Genetics,1432-1203,,""Springer Nature"""
"Human Nature,1936-4776,,""Springer Nature"""
"Human Rights Review,1874-6306,,""Springer Nature"""
"Human Studies,1572-851X,,""Springer Nature"""
"Human-Intelligent Systems Integration,2524-4884,,""Springer Nature"""
"Humanistic Management Journal,2366-6048,,""Springer Nature"""
"Husserl Studies,1572-8501,,""Springer Nature"""
"Hydrobiologia,1573-5117,,""Springer Nature"""
"Hydrogeology Journal,1435-0157,,""Springer Nature"""
"Hyperfine Interactions,1572-9540,,""Springer Nature"""
"Hypertension Research,1348-4214,,""Springer Nature"""
"Ichthyological Research,1616-3915,,""Springer Nature"""
"Immunogenetics,1432-1211,,""Springer Nature"""
"Immunologic Research,1559-0755,,""Springer Nature"""
"In Silico Pharmacology,2193-9616,,""Springer Nature"""
"In Vitro Cellular & Developmental Biology - Animal,1543-706X,,""Springer Nature"""
"In Vitro Cellular & Developmental Biology - Plant,1475-2689,,""Springer Nature"""
"Indian Economic Review,2520-1778,,""Springer Nature"""
"Indian Geotechnical Journal,2277-3347,,""Springer Nature"""
"Indian Journal of Clinical Biochemistry,0974-0422,,""Springer Nature"""
"Indian Journal of Gastroenterology,0975-0711,,""Springer Nature"""
"Indian Journal of Gynecologic Oncology,2363-8400,,""Springer Nature"""
"Indian Journal of Hematology and Blood Transfusion,0974-0449,,""Springer Nature"""
"Indian Journal of Microbiology,0973-7715,,""Springer Nature"""
"Indian Journal of Orthopaedics,1998-3727,,""Springer Nature"""
"Indian Journal of Otolaryngology and Head & Neck Surgery,0973-7707,,""Springer Nature"""
"Indian Journal of Surgery,0973-9793,,""Springer Nature"""
"Indian Journal of Surgical Oncology,0976-6952,,""Springer Nature"""
"Indian Journal of Thoracic and Cardiovascular Surgery,0973-7723,,""Springer Nature"""
"Indian Pediatrics,0974-7559,,""Springer Nature"""
"Indian Phytopathology,2248-9800,,""Springer Nature"""
"Infection,1439-0973,,""Springer Nature"""
"Inflammation,1573-2576,,""Springer Nature"""
"Inflammation Research,1420-908X,,""Springer Nature"""
"Inflammopharmacology,1568-5608,,""Springer Nature"""
"Information Geometry,2511-249X,,""Springer Nature"""
"Information Retrieval Journal,1573-7659,,""Springer Nature"""
"Information Systems and e-Business Management,1617-9854,,""Springer Nature"""
"Information Systems Frontiers,1572-9419,,""Springer Nature"""
"Information Technology & Tourism,1943-4294,,""Springer Nature"""
"Information Technology and Management,1573-7667,,""Springer Nature"""
"Innovations in Systems and Software Engineering,1614-5054,,""Springer Nature"""
"Innovative Higher Education,1573-1758,,""Springer Nature"""
"Innovative Infrastructure Solutions,2364-4184,,""Springer Nature"""
"Insectes Sociaux,1420-9098,,""Springer Nature"""
"Instructional Science,1573-1952,,""Springer Nature"""
"Integral Equations and Operator Theory,1420-8989,,""Springer Nature"""
"Integrative Psychological and Behavioral Science,1936-3567,,""Springer Nature"""
"Intelligent Service Robotics,1861-2784,,""Springer Nature"""
"Interchange,1573-1790,,""Springer Nature"""
"Interdisciplinary Sciences: Computational Life Sciences,1867-1462,,""Springer Nature"""
"Interest Groups & Advocacy,2047-7422,,""Springer Nature"""
"Internal and Emergency Medicine,1970-9366,,""Springer Nature"""
"International Archives of Occupational and Environmental Health,1432-1246,,""Springer Nature"""
"International Cancer Conference Journal,2192-3183,,""Springer Nature"""
"International Criminology,2662-9976,,""Springer Nature"""
"International Economics and Economic Policy,1612-4812,,""Springer Nature"""
"International Entrepreneurship and Management Journal,1555-1938,,""Springer Nature"""
"International Environmental Agreements: Politics, Law and Economics,1573-1553,,""Springer Nature"""
"International Journal for Educational and Vocational Guidance,1573-1782,,""Springer Nature"""
"International Journal for Philosophy of Religion,1572-8684,,""Springer Nature"""
"International Journal for the Advancement of Counselling,1573-3246,,""Springer Nature"""
"International Journal for the Semiotics of Law - Revue internationale de Sémiotique juridique,1572-8722,,""Springer Nature"""
"International Journal of Aeronautical and Space Sciences,2093-2480,,""Springer Nature"""
"International Journal of Applied and Computational Mathematics,2199-5796,,""Springer Nature"""
"International Journal of Applied Positive Psychology,2364-5059,,""Springer Nature"""
"International Journal of Artificial Intelligence in Education,1560-4306,,""Springer Nature"""
"International Journal of Behavioral Medicine,1532-7558,,""Springer Nature"""
"International Journal of Biometeorology,1432-1254,,""Springer Nature"""
"International Journal of Bullying Prevention,2523-3661,,""Springer Nature"""
"International Journal of Civil Engineering,2383-3874,,""Springer Nature"""
"International Journal of Clinical Oncology,1437-7772,,""Springer Nature"""
"International Journal of Clinical Pharmacy,2210-7711,,""Springer Nature"""
"International Journal of Cognitive Therapy,1937-1217,,""Springer Nature"""
"International Journal of Colorectal Disease,1432-1262,,""Springer Nature"""
"International Journal of Community Well-Being,2524-5309,,""Springer Nature"""
"International Journal of Computer Assisted Radiology and Surgery,1861-6429,,""Springer Nature"""
"International Journal of Computer Vision,1573-1405,,""Springer Nature"""
"International Journal of Computer-Supported Collaborative Learning,1556-1615,,""Springer Nature"""
"International Journal of Data Science and Analytics,2364-4168,,""Springer Nature"""
"International Journal of Diabetes in Developing Countries,1998-3832,,""Springer Nature"""
"International Journal of Digital Humanities,2524-7840,,""Springer Nature"""
"International Journal of Disclosure and Governance,1746-6539,,""Springer Nature"""
"International Journal of Dynamics and Control,2195-2698,,""Springer Nature"""
"International Journal of Early Childhood,1878-4658,,""Springer Nature"""
"International Journal of Earth Sciences,1437-3262,,""Springer Nature"""
"International Journal of Economic Policy Studies,1881-4387,,""Springer Nature"""
"International Journal of Energy and Environmental Engineering,2251-6832,,""Springer Nature"""
"International Journal of Energy and Water Resources,2522-0101,,""Springer Nature"""
"International Journal of Environmental Research,2008-2304,,""Springer Nature"""
"International Journal of Environmental Science and Technology,1735-2630,,""Springer Nature"""
"International Journal of Ethics Education,2364-0006,,""Springer Nature"""
"International Journal of Fracture,1573-2673,,""Springer Nature"""
"International Journal of Game Theory,1432-1270,,""Springer Nature"""
"International Journal of Geosynthetics and Ground Engineering,2199-9279,,""Springer Nature"""
"International Journal of Global Business and Competitiveness,0976-1888,,""Springer Nature"""
"International Journal of Health Economics and Management,2199-9031,,""Springer Nature"""
"International Journal of Hindu Studies,1574-9282,,""Springer Nature"""
"International Journal of Historical Archaeology,1573-7748,,""Springer Nature"""
"International Journal of Impotence Research,1476-5489,,""Springer Nature"""
"International Journal of Information Security,1615-5270,,""Springer Nature"""
"International Journal of Information Technology,2511-2112,,""Springer Nature"""
"International Journal of Intelligent Robotics and Applications,2366-598X,,""Springer Nature"""
"International Journal of Intelligent Transportation Systems Research,1868-8659,,""Springer Nature"""
"International Journal of Latin American Religions,2509-9965,,""Springer Nature"""
"International Journal of Legal Medicine,1437-1596,,""Springer Nature"""
"International Journal of Machine Learning and Cybernetics,1868-808X,,""Springer Nature"""
"International Journal of Material Forming,1960-6214,,""Springer Nature"""
"International Journal of Mechanics and Materials in Design,1573-8841,,""Springer Nature"""
"International Journal of Mental Health and Addiction,1557-1882,,""Springer Nature"""
"International Journal of Metalcasting,2163-3193,,""Springer Nature"""
"International Journal of Minerals, Metallurgy and Materials,1869-103X,,""Springer Nature"""
"International Journal of Multimedia Information Retrieval,2192-662X,,""Springer Nature"""
"International Journal of Obesity,1476-5497,,""Springer Nature"""
"International Journal of Parallel Programming,1573-7640,,""Springer Nature"""
"International Journal of Pavement Research and Technology,1997-1400,,""Springer Nature"""
"International Journal of Peptide Research and Therapeutics,1573-3904,,""Springer Nature"""
"International Journal of Plant Production,1735-8043,,""Springer Nature"""
"International Journal of Politics, Culture, and Society,1573-3416,,""Springer Nature"""
"International Journal of Precision Engineering and Manufacturing,2005-4602,,""Springer Nature"""
"International Journal of Precision Engineering and Manufacturing-Green Technology,2198-0810,,""Springer Nature"""
"International Journal of Primatology,1573-8604,,""Springer Nature"""
"International Journal of Research in Undergraduate Mathematics Education,2198-9753,,""Springer Nature"""
"International Journal of Science and Mathematics Education,1573-1774,,""Springer Nature"""
"International Journal of Social Robotics,1875-4805,,""Springer Nature"""
"International Journal of Speech Technology,1572-8110,,""Springer Nature"""
"International Journal of Steel Structures,2093-6311,,""Springer Nature"""
"International Journal of System Assurance Engineering and Management,0976-4348,,""Springer Nature"""
"International Journal of Technology and Design Education,1573-1804,,""Springer Nature"""
"International Journal of the Classical Tradition,1874-6292,,""Springer Nature"""
"International Journal of the Sociology of Leisure,2520-8691,,""Springer Nature"""
"International Journal of Theoretical Physics,1572-9575,,""Springer Nature"""
"International Journal of Thermophysics,1572-9567,,""Springer Nature"""
"International Journal of Tropical Insect Science,1742-7592,,""Springer Nature"""
"International Journal of Wireless Information Networks,1572-8129,,""Springer Nature"""
"International Journal on Child Maltreatment: Research, Policy and Practice,2524-5244,,""Springer Nature"""
"International Journal on Digital Libraries,1432-1300,,""Springer Nature"""
"International Journal on Document Analysis and Recognition (IJDAR),1433-2825,,""Springer Nature"""
"International Journal on Interactive Design and Manufacturing (IJIDeM),1955-2505,,""Springer Nature"""
"International Journal on Software Tools for Technology Transfer,1433-2787,,""Springer Nature"""
"International Microbiology,1618-1905,,""Springer Nature"""
"International Nano Letters,2228-5326,,""Springer Nature"""
"International Ophthalmology,1573-2630,,""Springer Nature"""
"International Orthopaedics,1432-5195,,""Springer Nature"""
"International Politics,1740-3898,,""Springer Nature"""
"International Review of Economics,1863-4613,,""Springer Nature"""
"International Review of Education,1573-0638,,""Springer Nature"""
"International Review on Public and Nonprofit Marketing,1865-1992,,""Springer Nature"""
"International Tax and Public Finance,1573-6970,,""Springer Nature"""
"International Urogynecology Journal,1433-3023,,""Springer Nature"""
"International Urology and Nephrology,1573-2584,,""Springer Nature"""
"Inventiones mathematicae,1432-1297,,""Springer Nature"""
"Investigational New Drugs,1573-0646,,""Springer Nature"""
"Ionics,1862-0760,,""Springer Nature"""
"Iran Journal of Computer Science,2520-8446,,""Springer Nature"""
"Iranian Journal of Science and Technology, Transactions of Civil Engineering,2364-1843,,""Springer Nature"""
"Iranian Journal of Science and Technology, Transactions of Electrical Engineering,2364-1827,,""Springer Nature"""
"Iranian Journal of Science and Technology, Transactions of Mechanical Engineering,2364-1835,,""Springer Nature"""
"Iranian Polymer Journal,1735-5265,,""Springer Nature"""
"Irish Journal of Medical Science (1971 -),1863-4362,,""Springer Nature"""
"Irrigation Science,1432-1319,,""Springer Nature"""
"Italian Economic Journal,2199-3238,,""Springer Nature"""
"Japan Journal of Industrial and Applied Mathematics,1868-937X,,""Springer Nature"""
"Japanese Journal of Radiology,1867-108X,,""Springer Nature"""
"Japanese Journal of Statistics and Data Science,2520-8764,,""Springer Nature"""
"JBIC Journal of Biological Inorganic Chemistry,1432-1327,,""Springer Nature"""
"Jewish History,1572-8579,,""Springer Nature"""
"Jindal Global Law Review,2364-4869,,""Springer Nature"""
"Journal for General Philosophy of Science,1572-8587,,""Springer Nature"""
"Journal for STEM Education Research,2520-8713,,""Springer Nature"""
"Journal of Academic Ethics,1572-8544,,""Springer Nature"""
"Journal of Acupuncture and Tuina Science,1993-0399,,""Springer Nature"""
"Journal of Adult Development,1573-3440,,""Springer Nature"""
"Journal of African American Studies,1936-4741,,""Springer Nature"""
"Journal of Agricultural and Environmental Ethics,1573-322X,,""Springer Nature"""
"Journal of Agricultural, Biological and Environmental Statistics,1537-2693,,""Springer Nature"""
"Journal of Algebraic Combinatorics,1572-9192,,""Springer Nature"""
"Journal of Ambient Intelligence and Humanized Computing,1868-5145,,""Springer Nature"""
"Journal of Anesthesia,1438-8359,,""Springer Nature"""
"Journal of Applied and Computational Topology,2367-1734,,""Springer Nature"""
"Journal of Applied Electrochemistry,1572-8838,,""Springer Nature"""
"Journal of Applied Genetics,2190-3883,,""Springer Nature"""
"Journal of Applied Mathematics and Computing,1865-2085,,""Springer Nature"""
"Journal of Applied Phycology,1573-5176,,""Springer Nature"""
"Journal of Applied Youth Studies,2204-9207,,""Springer Nature"""
"Journal of Archaeological Method and Theory,1573-7764,,""Springer Nature"""
"Journal of Archaeological Research,1573-7756,,""Springer Nature"""
"Journal of Arid Land,2194-7783,,""Springer Nature"""
"Journal of Artificial Organs,1619-0904,,""Springer Nature"""
"Journal of Asset Management,1479-179X,,""Springer Nature"""
"Journal of Assisted Reproduction and Genetics,1573-7330,,""Springer Nature"""
"Journal of Atmospheric Chemistry,1573-0662,,""Springer Nature"""
"Journal of Autism and Developmental Disorders,1573-3432,,""Springer Nature"""
"Journal of Automated Reasoning,1573-0670,,""Springer Nature"""
"Journal of Banking and Financial Technology,2524-7964,,""Springer Nature"""
"Journal of Banking Regulation,1750-2071,,""Springer Nature"""
"Journal of Behavioral Education,1573-3513,,""Springer Nature"""
"Journal of Behavioral Medicine,1573-3521,,""Springer Nature"""
"Journal of Big Data Analytics in Transportation,2523-3564,,""Springer Nature"""
"Journal of Bio- and Tribo-Corrosion,2198-4239,,""Springer Nature"""
"Journal of Bioeconomics,1573-6989,,""Springer Nature"""
"Journal of Bioenergetics and Biomembranes,1573-6881,,""Springer Nature"""
"Journal of Bioethical Inquiry,1872-4353,,""Springer Nature"""
"Journal of Biological Physics,1573-0689,,""Springer Nature"""
"Journal of Biomolecular NMR,1573-5001,,""Springer Nature"""
"Journal of Bionic Engineering,2543-2141,,""Springer Nature"""
"Journal of Biosystems Engineering,2234-1862,,""Springer Nature"""
"Journal of Brand Management,1479-1803,,""Springer Nature"""
"Journal of Building Pathology and Rehabilitation,2365-3167,,""Springer Nature"""
"Journal of Business and Psychology,1573-353X,,""Springer Nature"""
"Journal of Business Cycle Research,2509-7970,,""Springer Nature"""
"Journal of Business Ethics,1573-0697,,""Springer Nature"""
"Journal of Cancer Education,1543-0154,,""Springer Nature"""
"Journal of Cancer Research and Clinical Oncology,1432-1335,,""Springer Nature"""
"Journal of Cancer Survivorship,1932-2267,,""Springer Nature"""
"Journal of Cardiovascular Translational Research,1937-5395,,""Springer Nature"""
"Journal of Cell Communication and Signaling,1873-961X,,""Springer Nature"""
"Journal of Chemical Crystallography,1572-8854,,""Springer Nature"""
"Journal of Chemical Ecology,1573-1561,,""Springer Nature"""
"Journal of Child & Adolescent Trauma,1936-153X,,""Springer Nature"""
"Journal of Child and Family Studies,1573-2843,,""Springer Nature"""
"Journal of Chinese Political Science,1874-6357,,""Springer Nature"""
"Journal of Civil Structural Health Monitoring,2190-5479,,""Springer Nature"""
"Journal of Classification,1432-1343,,""Springer Nature"""
"Journal of Clinical Immunology,1573-2592,,""Springer Nature"""
"Journal of Clinical Monitoring and Computing,1573-2614,,""Springer Nature"""
"Journal of Clinical Psychology in Medical Settings,1573-3572,,""Springer Nature"""
"Journal of Cluster Science,1572-8862,,""Springer Nature"""
"Journal of Coastal Conservation,1874-7841,,""Springer Nature"""
"Journal of Coatings Technology and Research,1935-3804,,""Springer Nature"""
"Journal of Cognitive Enhancement,2509-3304,,""Springer Nature"""
"Journal of Combinatorial Optimization,1573-2886,,""Springer Nature"""
"Journal of Community Genetics,1868-6001,,""Springer Nature"""
"Journal of Community Health,1573-3610,,""Springer Nature"""
"Journal of Comparative Physiology B,1432-136X,,""Springer Nature"""
"Journal of Computational Electronics,1572-8137,,""Springer Nature"""
"Journal of Computational Neuroscience,1573-6873,,""Springer Nature"""
"Journal of Computational Social Science,2432-2725,,""Springer Nature"""
"Journal of Computer Science and Technology,1860-4749,,""Springer Nature"""
"Journal of Computer Virology and Hacking Techniques,2263-8733,,""Springer Nature"""
"Journal of Computer-Aided Molecular Design,1573-4951,,""Springer Nature"""
"Journal of Computers in Education,2197-9995,,""Springer Nature"""
"Journal of Computing in Higher Education,1867-1233,,""Springer Nature"""
"Journal of Consumer Policy,1573-0700,,""Springer Nature"""
"Journal of Contemporary Psychotherapy,1573-3564,,""Springer Nature"""
"Journal of Control, Automation and Electrical Systems,2195-3899,,""Springer Nature"""
"Journal of Crop Science and Biotechnology,2005-8276,,""Springer Nature"""
"Journal of Cross-Cultural Gerontology,1573-0719,,""Springer Nature"""
"Journal of Cryptographic Engineering,2190-8516,,""Springer Nature"""
"Journal of Cryptology,1432-1378,,""Springer Nature"""
"Journal of Cultural Cognitive Science,2520-1018,,""Springer Nature"""
"Journal of Cultural Economics,1573-6997,,""Springer Nature"""
"Journal of Data, Information and Management,2524-6364,,""Springer Nature"""
"Journal of Developmental and Life-Course Criminology,2199-465X,,""Springer Nature"""
"Journal of Developmental and Physical Disabilities,1573-3580,,""Springer Nature"""
"Journal of Dharma Studies,2522-0934,,""Springer Nature"""
"Journal of Diabetes & Metabolic Disorders,2251-6581,,""Springer Nature"""
"Journal of Digital Imaging,1618-727X,,""Springer Nature"""
"Journal of Dynamic Behavior of Materials,2199-7454,,""Springer Nature"""
"Journal of Dynamical and Control Systems,1573-8698,,""Springer Nature"""
"Journal of Dynamics and Differential Equations,1572-9222,,""Springer Nature"""
"Journal of Earth Science,1867-111X,,""Springer Nature"""
"Journal of East Asian Linguistics,1572-8560,,""Springer Nature"""
"Journal of Echocardiography,1880-344X,,""Springer Nature"""
"Journal of Economic Growth,1573-7020,,""Springer Nature"""
"Journal of Economic Interaction and Coordination,1860-7128,,""Springer Nature"""
"Journal of Economics,1617-7134,,""Springer Nature"""
"Journal of Economics and Finance,1938-9744,,""Springer Nature"""
"Journal of Economics, Race, and Policy,2520-842X,,""Springer Nature"""
"Journal of Educational Change,1573-1812,,""Springer Nature"""
"Journal of Elasticity,1573-2681,,""Springer Nature"""
"Journal of Electrical Engineering & Technology,2093-7423,,""Springer Nature"""
"Journal of Electroceramics,1573-8663,,""Springer Nature"""
"Journal of Electronic Testing,1573-0727,,""Springer Nature"""
"Journal of Elliptic and Parabolic Equations,2296-9039,,""Springer Nature"""
"Journal of Endocrinological Investigation,1720-8386,,""Springer Nature"""
"Journal of Engineering Mathematics,1573-2703,,""Springer Nature"""
"Journal of Environmental Health Science and Engineering,2052-336X,,""Springer Nature"""
"Journal of Environmental Studies and Sciences,2190-6491,,""Springer Nature"""
"Journal of Ethology,1439-5444,,""Springer Nature"""
"Journal of Evolution Equations,1424-3202,,""Springer Nature"""
"Journal of Evolutionary Economics,1432-1386,,""Springer Nature"""
"Journal of Experimental Criminology,1572-8315,,""Springer Nature"""
"Journal of Exposure Science & Environmental Epidemiology,1559-064X,,""Springer Nature"""
"Journal of Family and Economic Issues,1573-3475,,""Springer Nature"""
"Journal of Family Violence,1573-2851,,""Springer Nature"""
"Journal of Financial Services Marketing,1479-1846,,""Springer Nature"""
"Journal of Financial Services Research,1573-0735,,""Springer Nature"""
"Journal of Fixed Point Theory and Applications,1661-7746,,""Springer Nature"""
"Journal of Flow Chemistry,2063-0212,,""Springer Nature"""
"Journal of Fluorescence,1573-4994,,""Springer Nature"""
"Journal of Food Measurement and Characterization,2193-4134,,""Springer Nature"""
"Journal of Food Science and Technology,0975-8402,,""Springer Nature"""
"Journal of Forestry Research,1993-0607,,""Springer Nature"""
"Journal of Formative Design in Learning,2509-8039,,""Springer Nature"""
"Journal of Fourier Analysis and Applications,1531-5851,,""Springer Nature"""
"Journal of Fusion Energy,1572-9591,,""Springer Nature"""
"Journal of Gambling Studies,1573-3602,,""Springer Nature"""
"Journal of Gastroenterology,1435-5922,,""Springer Nature"""
"Journal of Gastrointestinal Cancer,1941-6636,,""Springer Nature"""
"Journal of Gastrointestinal Surgery,1873-4626,,""Springer Nature"""
"Journal of General Internal Medicine,1525-1497,,""Springer Nature"""
"Journal of General Plant Pathology,1610-739X,,""Springer Nature"""
"Journal of Geodesy,1432-1394,,""Springer Nature"""
"Journal of Geographical Sciences,1861-9568,,""Springer Nature"""
"Journal of Geographical Systems,1435-5949,,""Springer Nature"""
"Journal of Geometry,1420-8997,,""Springer Nature"""
"Journal of Geovisualization and Spatial Analysis,2509-8829,,""Springer Nature"""
"Journal of Global Optimization,1573-2916,,""Springer Nature"""
"Journal of Grid Computing,1572-9184,,""Springer Nature"""
"Journal of Happiness Studies,1573-7780,,""Springer Nature"""
"Journal of Hardware and Systems Security,2509-3436,,""Springer Nature"""
"Journal of Healthcare Informatics Research,2509-498X,,""Springer Nature"""
"Journal of Hematopathology,1865-5785,,""Springer Nature"""
"Journal of Heuristics,1572-9397,,""Springer Nature"""
"Journal of Homotopy and Related Structures,1512-2891,,""Springer Nature"""
"Journal of Housing and the Built Environment,1573-7772,,""Springer Nature"""
"Journal of Human Genetics,1435-232X,,""Springer Nature"""
"Journal of Human Hypertension,1476-5527,,""Springer Nature"""
"Journal of Human Rights and Social Work,2365-1792,,""Springer Nature"""
"Journal of Hydrodynamics,1878-0342,,""Springer Nature"""
"Journal of Iberian Geology,1886-7995,,""Springer Nature"""
"Journal of Immigrant and Minority Health,1557-1920,,""Springer Nature"""
"Journal of Inclusion Phenomena and Macrocyclic Chemistry,1573-1111,,""Springer Nature"""
"Journal of Indian Council of Philosophical Research,2363-9962,,""Springer Nature"""
"Journal of Indian Philosophy,1573-0395,,""Springer Nature"""
"Journal of Industrial and Business Economics,1972-4977,,""Springer Nature"""
"Journal of Industry, Competition and Trade,1573-7012,,""Springer Nature"""
"Journal of Infrared, Millimeter, and Terahertz Waves,1866-6906,,""Springer Nature"""
"Journal of Inorganic and Organometallic Polymers and Materials,1574-1451,,""Springer Nature"""
"Journal of Insect Behavior,1572-8889,,""Springer Nature"""
"Journal of Insect Conservation,1572-9753,,""Springer Nature"""
"Journal of Intelligent & Robotic Systems,1573-0409,,""Springer Nature"""
"Journal of Intelligent Information Systems,1573-7675,,""Springer Nature"""
"Journal of Intelligent Manufacturing,1572-8145,,""Springer Nature"""
"Journal of International Entrepreneurship,1573-7349,,""Springer Nature"""
"Journal of International Migration and Integration,1874-6365,,""Springer Nature"""
"Journal of Interventional Cardiac Electrophysiology,1572-8595,,""Springer Nature"""
"Journal of Iron and Steel Research International,2210-3988,,""Springer Nature"""
"Journal of Labor Research,1936-4768,,""Springer Nature"""
"Journal of Logic, Language and Information,1572-9583,,""Springer Nature"""
"Journal of Low Temperature Physics,1573-7357,,""Springer Nature"""
"Journal of Mammalian Evolution,1573-7055,,""Springer Nature"""
"Journal of Management and Governance,1572-963X,,""Springer Nature"""
"Journal of Marine Science and Application,1993-5048,,""Springer Nature"""
"Journal of Marine Science and Technology,1437-8213,,""Springer Nature"""
"Journal of Maritime Archaeology,1557-2293,,""Springer Nature"""
"Journal of Marketing Analytics,2050-3326,,""Springer Nature"""
"Journal of Material Cycles and Waste Management,1611-8227,,""Springer Nature"""
"Journal of Materials Research,2044-5326,,""Springer Nature"""
"Journal of Materials Science,1573-4803,,""Springer Nature"""
"Journal of Materials Science: Materials in Electronics,1573-482X,,""Springer Nature"""
"Journal of Mathematical Biology,1432-1416,,""Springer Nature"""
"Journal of Mathematical Chemistry,1572-8897,,""Springer Nature"""
"Journal of Mathematical Fluid Mechanics,1422-6952,,""Springer Nature"""
"Journal of Mathematical Imaging and Vision,1573-7683,,""Springer Nature"""
"Journal of Mathematics Teacher Education,1573-1820,,""Springer Nature"""
"Journal of Maxillofacial and Oral Surgery,0974-942X,,""Springer Nature"""
"Journal of Medical and Biological Engineering,2199-4757,,""Springer Nature"""
"Journal of Medical Humanities,1573-3645,,""Springer Nature"""
"Journal of Medical Systems,1573-689X,,""Springer Nature"""
"Journal of Medical Toxicology,1937-6995,,""Springer Nature"""
"Journal of Medical Ultrasonics,1613-2254,,""Springer Nature"""
"Journal of Membrane Computing,2523-8914,,""Springer Nature"""
"Journal of Micro-Bio Robotics,2194-6426,,""Springer Nature"""
"Journal of Molecular Evolution,1432-1432,,""Springer Nature"""
"Journal of Molecular Histology,1567-2387,,""Springer Nature"""
"Journal of Molecular Medicine,1432-1440,,""Springer Nature"""
"Journal of Molecular Modeling,0948-5023,,""Springer Nature"""
"Journal of Molecular Neuroscience,1559-1166,,""Springer Nature"""
"Journal of Mountain Science,1993-0321,,""Springer Nature"""
"Journal of Muscle Research and Cell Motility,1573-2657,,""Springer Nature"""
"Journal of Nanoparticle Research,1572-896X,,""Springer Nature"""
"Journal of Nanostructure in Chemistry,2193-8865,,""Springer Nature"""
"Journal of Natural Medicines,1861-0293,,""Springer Nature"""
"Journal of Nephrology,1724-6059,,""Springer Nature"""
"Journal of Network and Systems Management,1573-7705,,""Springer Nature"""
"Journal of Neural Transmission,1435-1463,,""Springer Nature"""
"Journal of Neuroimmune Pharmacology,1557-1904,,""Springer Nature"""
"Journal of Neurology,1432-1459,,""Springer Nature"""
"Journal of Neuro-Oncology,1573-7373,,""Springer Nature"""
"Journal of NeuroVirology,1538-2443,,""Springer Nature"""
"Journal of Nondestructive Evaluation,1573-4862,,""Springer Nature"""
"Journal of Nonlinear Science,1432-1467,,""Springer Nature"""
"Journal of Nonverbal Behavior,1573-3653,,""Springer Nature"""
"Journal of Nuclear Cardiology,1532-6551,,""Springer Nature"""
"Journal of Occupational Rehabilitation,1573-3688,,""Springer Nature"""
"Journal of Ocean Engineering and Marine Energy,2198-6452,,""Springer Nature"""
"Journal of Ocean University of China,1993-5021,,""Springer Nature"""
"Journal of Oceanology and Limnology,2523-3521,,""Springer Nature"""
"Journal of Optics,0974-6900,,""Springer Nature"""
"Journal of Optimization Theory and Applications,1573-2878,,""Springer Nature"""
"Journal of Ornithology,2193-7206,,""Springer Nature"""
"Journal of Outdoor and Environmental Education,2522-879X,,""Springer Nature"""
"Journal of Packaging Technology and Research,2520-1042,,""Springer Nature"""
"Journal of Paleolimnology,1573-0417,,""Springer Nature"""
"Journal of Paleolithic Archaeology,2520-8217,,""Springer Nature"""
"Journal of Parasitic Diseases,0975-0703,,""Springer Nature"""
"Journal of Pediatric Endoscopic Surgery,2524-7883,,""Springer Nature"""
"Journal of Pediatric Neuropsychology,2199-2673,,""Springer Nature"""
"Journal of Peridynamics and Nonlocal Modeling,2522-8978,,""Springer Nature"""
"Journal of Perinatology,1476-5543,,""Springer Nature"""
"Journal of Pest Science,1612-4766,,""Springer Nature"""
"Journal of Pharmaceutical Innovation,1939-8042,,""Springer Nature"""
"Journal of Pharmaceutical Investigation,2093-6214,,""Springer Nature"""
"Journal of Pharmacokinetics and Pharmacodynamics,1573-8744,,""Springer Nature"""
"Journal of Philosophical Logic,1573-0433,,""Springer Nature"""
"Journal of Physiology and Biochemistry,1877-8755,,""Springer Nature"""
"Journal of Plant Biochemistry and Biotechnology,0974-1275,,""Springer Nature"""
"Journal of Plant Biology,1867-0725,,""Springer Nature"""
"Journal of Plant Diseases and Protection,1861-3837,,""Springer Nature"""
"Journal of Plant Growth Regulation,1435-8107,,""Springer Nature"""
"Journal of Plant Pathology,2239-7264,,""Springer Nature"""
"Journal of Plant Research,1618-0860,,""Springer Nature"""
"Journal of Police and Criminal Psychology,1936-6469,,""Springer Nature"""
"Journal of Policy Practice and Research,2662-1517,,""Springer Nature"""
"Journal of Polymer Research,1572-8935,,""Springer Nature"""
"Journal of Polymers and the Environment,1572-8919,,""Springer Nature"""
"Journal of Population Ageing,1874-7876,,""Springer Nature"""
"Journal of Population Economics,1432-1475,,""Springer Nature"""
"Journal of Population Research,1835-9469,,""Springer Nature"""
"Journal of Porous Materials,1573-4854,,""Springer Nature"""
"Journal of Power Electronics,2093-4718,,""Springer Nature"""
"Journal of Productivity Analysis,1573-0441,,""Springer Nature"""
"Journal of Proteins and Proteomics,2524-4663,,""Springer Nature"""
"Journal of Pseudo-Differential Operators and Applications,1662-999X,,""Springer Nature"""
"Journal of Psycholinguistic Research,1573-6555,,""Springer Nature"""
"Journal of Psychopathology and Behavioral Assessment,1573-3505,,""Springer Nature"""
"Journal of Psychosocial Rehabilitation and Mental Health,2198-963X,,""Springer Nature"""
"Journal of Public Health,1613-2238,,""Springer Nature"""
"Journal of Public Health Policy,1745-655X,,""Springer Nature"""
"Journal of Quantitative Criminology,1573-7799,,""Springer Nature"""
"Journal of Quantitative Economics,2364-1045,,""Springer Nature"""
"Journal of Racial and Ethnic Health Disparities,2196-8837,,""Springer Nature"""
"Journal of Radioanalytical and Nuclear Chemistry,1588-2780,,""Springer Nature"""
"Journal of Rational-Emotive & Cognitive-Behavior Therapy,1573-6563,,""Springer Nature"""
"Journal of Real-Time Image Processing,1861-8219,,""Springer Nature"""
"Journal of Regulatory Economics,1573-0468,,""Springer Nature"""
"Journal of Reliable Intelligent Environments,2199-4676,,""Springer Nature"""
"Journal of Religion and Health,1573-6571,,""Springer Nature"""
"Journal of Religious Education,2199-4625,,""Springer Nature"""
"Journal of Remanufacturing,2210-4690,,""Springer Nature"""
"Journal of Revenue and Pricing Management,1477-657X,,""Springer Nature"""
"Journal of Risk and Uncertainty,1573-0476,,""Springer Nature"""
"Journal of Robotic Surgery,1863-2491,,""Springer Nature"""
"Journal of Scheduling,1099-1425,,""Springer Nature"""
"Journal of Science Education and Technology,1573-1839,,""Springer Nature"""
"Journal of Science in Sport and Exercise,2662-1371,,""Springer Nature"""
"Journal of Scientific Computing,1573-7691,,""Springer Nature"""
"Journal of Sedimentary Environments,2447-9462,,""Springer Nature"""
"Journal of Seismology,1573-157X,,""Springer Nature"""
"Journal of Signal Processing Systems,1939-8115,,""Springer Nature"""
"Journal of Social and Economic Development,2199-6873,,""Springer Nature"""
"Journal of Soil Science and Plant Nutrition,0718-9516,,""Springer Nature"""
"Journal of Soils and Sediments,1614-7480,,""Springer Nature"""
"Journal of Sol-Gel Science and Technology,1573-4846,,""Springer Nature"""
"Journal of Solid State Electrochemistry,1433-0768,,""Springer Nature"""
"Journal of Solution Chemistry,1572-8927,,""Springer Nature"""
"Journal of Spatial Econometrics,2662-298X,,""Springer Nature"""
"Journal of Statistical Physics,1572-9613,,""Springer Nature"""
"Journal of Statistical Theory and Practice,1559-8616,,""Springer Nature"""
"Journal of Superconductivity and Novel Magnetism,1557-1947,,""Springer Nature"""
"Journal of Systems Science and Systems Engineering,1861-9576,,""Springer Nature"""
"Journal of Technology in Behavioral Science,2366-5963,,""Springer Nature"""
"Journal of the Academy of Marketing Science,1552-7824,,""Springer Nature"""
"Journal of the Association for Research in Otolaryngology,1438-7573,,""Springer Nature"""
"Journal of the Australian Ceramic Society,2510-1579,,""Springer Nature"""
"Journal of the Brazilian Society of Mechanical Sciences and Engineering,1806-3691,,""Springer Nature"""
"Journal of the Economic Science Association,2199-6776,,""Springer Nature"""
"Journal of the History of Biology,1573-0387,,""Springer Nature"""
"Journal of the Indian Society for Probability and Statistics,2364-9569,,""Springer Nature"""
"Journal of the Iranian Chemical Society,1735-2428,,""Springer Nature"""
"Journal of the Knowledge Economy,1868-7873,,""Springer Nature"""
"Journal of the Korean Ceramic Society,2234-0491,,""Springer Nature"""
"Journal of the Korean Physical Society,1976-8524,,""Springer Nature"""
"Journal of the Korean Statistical Society,2005-2863,,""Springer Nature"""
"Journal of the Operations Research Society of China,2194-6698,,""Springer Nature"""
"Journal of Theoretical Probability,1572-9230,,""Springer Nature"""
"Journal of Thermal Analysis and Calorimetry,1588-2926,,""Springer Nature"""
"Journal of Thermal Science,1993-033X,,""Springer Nature"""
"Journal of Thrombosis and Thrombolysis,1573-742X,,""Springer Nature"""
"Journal of Transatlantic Studies,1754-1018,,""Springer Nature"""
"Journal of Transportation Security,1938-775X,,""Springer Nature"""
"Journal of Ultrasound,1876-7931,,""Springer Nature"""
"Journal of Urban Health,1468-2869,,""Springer Nature"""
"Journal of Vibration Engineering & Technologies,2523-3939,,""Springer Nature"""
"Journal of Visualization,1875-8975,,""Springer Nature"""
"Journal of World Prehistory,1573-7802,,""Springer Nature"""
"Journal of Youth and Adolescence,1573-6601,,""Springer Nature"""
"Journal of Zhejiang University-SCIENCE A,1862-1775,,""Springer Nature"""
"Journal of Zhejiang University-SCIENCE B,1862-1783,,""Springer Nature"""
"Journal on Multimodal User Interfaces,1783-8738,,""Springer Nature"""
"JPC – Journal of Planar Chromatography – Modern TLC,1789-0993,,""Springer Nature"""
"Jus Cogens,2524-3985,,""Springer Nature"""
"Kew Bulletin,1874-933X,,""Springer Nature"""
"Knowledge and Information Systems,0219-3116,,""Springer Nature"""
"Korea-Australia Rheology Journal,2093-7660,,""Springer Nature"""
"La radiologia medica,1826-6983,,""Springer Nature"""
"Laboratory Investigation,1530-0307,,""Springer Nature"""
"Landscape and Ecological Engineering,1860-188X,,""Springer Nature"""
"Landscape Ecology,1572-9761,,""Springer Nature"""
"Landslides,1612-5118,,""Springer Nature"""
"Langenbeck's Archives of Surgery,1435-2451,,""Springer Nature"""
"Language Policy,1573-1863,,""Springer Nature"""
"Language Resources and Evaluation,1574-0218,,""Springer Nature"""
"Lasers in Dental Science,2367-2587,,""Springer Nature"""
"Lasers in Manufacturing and Materials Processing,2196-7237,,""Springer Nature"""
"Lasers in Medical Science,1435-604X,,""Springer Nature"""
"Latino Studies,1476-3443,,""Springer Nature"""
"Law and Critique,1572-8617,,""Springer Nature"""
"Law and Philosophy,1573-0522,,""Springer Nature"""
"Learning Environments Research,1573-1855,,""Springer Nature"""
"Letters in Mathematical Physics,1573-0530,,""Springer Nature"""
"Letters in Spatial and Resource Sciences,1864-404X,,""Springer Nature"""
"Leukemia,1476-5551,,""Springer Nature"""
"Lifetime Data Analysis,1572-9249,,""Springer Nature"""
"Limnology,1439-863X,,""Springer Nature"""
"Linguistics and Philosophy,1573-0549,,""Springer Nature"""
"Lithuanian Mathematical Journal,1573-8825,,""Springer Nature"""
"Liverpool Law Review,1572-8625,,""Springer Nature"""
"Logica Universalis,1661-8300,,""Springer Nature"""
"Lung,1432-1750,,""Springer Nature"""
"Machine Learning,1573-0565,,""Springer Nature"""
"Machine Vision and Applications,1432-1769,,""Springer Nature"""
"Magnetic Resonance Materials in Physics, Biology and Medicine,1352-8661,,""Springer Nature"""
"Mammal Research,2199-241X,,""Springer Nature"""
"Mammalian Biology,1618-1476,,""Springer Nature"""
"Mammalian Genome,1432-1777,,""Springer Nature"""
"Management International Review,1861-8901,,""Springer Nature"""
"manuscripta mathematica,1432-1785,,""Springer Nature"""
"Marine Biodiversity,1867-1624,,""Springer Nature"""
"Marine Biology,1432-1793,,""Springer Nature"""
"Marine Biotechnology,1436-2236,,""Springer Nature"""
"Marine Geophysical Research,1573-0581,,""Springer Nature"""
"Marine Life Science & Technology,2662-1746,,""Springer Nature"""
"Marine Systems & Ocean Technology,2199-4749,,""Springer Nature"""
"Maritime Economics & Logistics,1479-294X,,""Springer Nature"""
"Maritime Studies,2212-9790,,""Springer Nature"""
"Marketing Letters,1573-059X,,""Springer Nature"""
"Materials and Structures,1871-6873,,""Springer Nature"""
"Maternal and Child Health Journal,1573-6628,,""Springer Nature"""
"Mathematical Geosciences,1874-8953,,""Springer Nature"""
"Mathematical Physics, Analysis and Geometry,1572-9656,,""Springer Nature"""
"Mathematical Programming,1436-4646,,""Springer Nature"""
"Mathematical Programming Computation,1867-2957,,""Springer Nature"""
"Mathematical Sciences,2251-7456,,""Springer Nature"""
"Mathematics and Financial Economics,1862-9660,,""Springer Nature"""
"Mathematics Education Research Journal,2211-050X,,""Springer Nature"""
"Mathematics in Computer Science,1661-8289,,""Springer Nature"""
"Mathematics of Control, Signals, and Systems,1435-568X,,""Springer Nature"""
"Mathematische Annalen,1432-1807,,""Springer Nature"""
"Mathematische Zeitschrift,1432-1823,,""Springer Nature"""
"Meccanica,1572-9648,,""Springer Nature"""
"Mechanics of Soft Materials,2524-5619,,""Springer Nature"""
"Mechanics of Time-Dependent Materials,1573-2738,,""Springer Nature"""
"Medical & Biological Engineering & Computing,1741-0444,,""Springer Nature"""
"Medical Microbiology and Immunology,1432-1831,,""Springer Nature"""
"Medical Molecular Morphology,1860-1499,,""Springer Nature"""
"Medical Oncology,1559-131X,,""Springer Nature"""
"Medical Science Educator,2156-8650,,""Springer Nature"""
"Medicinal Chemistry Research,1554-8120,,""Springer Nature"""
"Medicine, Health Care and Philosophy,1572-8633,,""Springer Nature"""
"Mediterranean Geoscience Reviews,2661-8648,,""Springer Nature"""
"Mediterranean Journal of Mathematics,1660-5454,,""Springer Nature"""
"Memetic Computing,1865-9292,,""Springer Nature"""
"Metabolic Brain Disease,1573-7365,,""Springer Nature"""
"Metabolomics,1573-3890,,""Springer Nature"""
"Metacognition and Learning,1556-1631,,""Springer Nature"""
"Metals and Materials International,2005-4149,,""Springer Nature"""
"Meteorology and Atmospheric Physics,1436-5065,,""Springer Nature"""
"Methodology and Computing in Applied Probability,1573-7713,,""Springer Nature"""
"Metrika,1435-926X,,""Springer Nature"""
"METRON,2281-695X,,""Springer Nature"""
"Microbial Ecology,1432-184X,,""Springer Nature"""
"Microchimica Acta,1436-5073,,""Springer Nature"""
"Microfluidics and Nanofluidics,1613-4990,,""Springer Nature"""
"Microgravity Science and Technology,1875-0494,,""Springer Nature"""
"Microsystem Technologies,1432-1858,,""Springer Nature"""
"Mind & Society,1860-1839,,""Springer Nature"""
"Mindfulness,1868-8535,,""Springer Nature"""
"Mine Water and the Environment,1616-1068,,""Springer Nature"""
"Mineral Economics,2191-2211,,""Springer Nature"""
"Mineralium Deposita,1432-1866,,""Springer Nature"""
"Mineralogy and Petrology,1438-1168,,""Springer Nature"""
"Minerva,1573-1871,,""Springer Nature"""
"Mining, Metallurgy & Exploration,2524-3470,,""Springer Nature"""
"Mitigation and Adaptation Strategies for Global Change,1573-1596,,""Springer Nature"""
"Mobile Networks and Applications,1572-8153,,""Springer Nature"""
"Modeling Earth Systems and Environment,2363-6211,,""Springer Nature"""
"Modern Pathology,1530-0285,,""Springer Nature"""
"Molecular & Cellular Toxicology,2092-8467,,""Springer Nature"""
"Molecular and Cellular Biochemistry,1573-4919,,""Springer Nature"""
"Molecular Biology Reports,1573-4978,,""Springer Nature"""
"Molecular Biotechnology,1559-0305,,""Springer Nature"""
"Molecular Breeding,1572-9788,,""Springer Nature"""
"Molecular Diversity,1573-501X,,""Springer Nature"""
"Molecular Genetics and Genomics,1617-4623,,""Springer Nature"""
"Molecular Imaging and Biology,1860-2002,,""Springer Nature"""
"Molecular Neurobiology,1559-1182,,""Springer Nature"""
"Molecular Psychiatry,1476-5578,,""Springer Nature"""
"Monash Bioethics Review,1836-6716,,""Springer Nature"""
"Monatshefte für Chemie - Chemical Monthly,1434-4475,,""Springer Nature"""
"Monatshefte für Mathematik,1436-5081,,""Springer Nature"""
"Morphology,1871-5656,,""Springer Nature"""
"Motivation and Emotion,1573-6644,,""Springer Nature"""
"MRS Advances,2059-8521,,""Springer Nature"""
"MRS Bulletin,1938-1425,,""Springer Nature"""
"MRS Communications,2159-6867,,""Springer Nature"""
"MRS Energy & Sustainability,2329-2237,,""Springer Nature"""
"Mucosal Immunology,1935-3456,,""Springer Nature"""
"Multibody System Dynamics,1573-272X,,""Springer Nature"""
"Multidimensional Systems and Signal Processing,1573-0824,,""Springer Nature"""
"Multimedia Systems,1432-1882,,""Springer Nature"""
"Multimedia Tools and Applications,1573-7721,,""Springer Nature"""
"Multiscale and Multidisciplinary Modeling, Experiments and Design,2520-8179,,""Springer Nature"""
"Multiscale Science and Engineering,2524-4523,,""Springer Nature"""
"MUSCULOSKELETAL SURGERY,2035-5114,,""Springer Nature"""
"Mycological Progress,1861-8952,,""Springer Nature"""
"Mycopathologia,1573-0832,,""Springer Nature"""
"Mycorrhiza,1432-1890,,""Springer Nature"""
"Mycotoxin Research,1867-1632,,""Springer Nature"""
"Nano Research,1998-0000,,""Springer Nature"""
"Nanotechnology for Environmental Engineering,2365-6387,,""Springer Nature"""
"Natur und Recht,1439-0515,,""Springer Nature"""
"Natural Computing,1572-9796,,""Springer Nature"""
"Natural Hazards,1573-0840,,""Springer Nature"""
"Natural Language & Linguistic Theory,1573-0859,,""Springer Nature"""
"Natural Language Semantics,1572-865X,,""Springer Nature"""
"Natural Resources Research,1573-8981,,""Springer Nature"""
"Nature,1476-4687,,""Springer Nature"""
"Nature Aging,2662-8465,,""Springer Nature"""
"Nature Astronomy,2397-3366,,""Springer Nature"""
"Nature Biomedical Engineering,2157-846X,,""Springer Nature"""
"Nature Biotechnology,1546-1696,,""Springer Nature"""
"Nature Cancer,2662-1347,,""Springer Nature"""
"Nature Cardiovascular Research,2731-0590,,""Springer Nature"""
"Nature Catalysis,2520-1158,,""Springer Nature"""
"Nature Cell Biology,1476-4679,,""Springer Nature"""
"Nature Chemical Biology,1552-4469,,""Springer Nature"""
"Nature Chemistry,1755-4349,,""Springer Nature"""
"Nature Climate Change,1758-6798,,""Springer Nature"""
"Nature Computational Science,2662-8457,,""Springer Nature"""
"Nature Ecology & Evolution,2397-334X,,""Springer Nature"""
"Nature Electronics,2520-1131,,""Springer Nature"""
"Nature Energy,2058-7546,,""Springer Nature"""
"Nature Food,2662-1355,,""Springer Nature"""
"Nature Genetics,1546-1718,,""Springer Nature"""
"Nature Geoscience,1752-0908,,""Springer Nature"""
"Nature Human Behaviour,2397-3374,,""Springer Nature"""
"Nature Immunology,1529-2916,,""Springer Nature"""
"Nature Machine Intelligence,2522-5839,,""Springer Nature"""
"Nature Materials,1476-4660,,""Springer Nature"""
"Nature Medicine,1546-170X,,""Springer Nature"""
"Nature Metabolism,2522-5812,,""Springer Nature"""
"Nature Methods,1548-7105,,""Springer Nature"""
"Nature Microbiology,2058-5276,,""Springer Nature"""
"Nature Nanotechnology,1748-3395,,""Springer Nature"""
"Nature Neuroscience,1546-1726,,""Springer Nature"""
"Nature Photonics,1749-4893,,""Springer Nature"""
"Nature Physics,1745-2481,,""Springer Nature"""
"Nature Plants,2055-0278,,""Springer Nature"""
"Nature Structural & Molecular Biology,1545-9985,,""Springer Nature"""
"Nature Sustainability,2398-9629,,""Springer Nature"""
"Nature Synthesis,2731-0582,,""Springer Nature"""
"Naunyn-Schmiedeberg's Archives of Pharmacology,1432-1912,,""Springer Nature"""
"Neohelicon,1588-2810,,""Springer Nature"""
"Neophilologus,1572-8668,,""Springer Nature"""
"Neotropical Entomology,1678-8052,,""Springer Nature"""
"Network Modeling Analysis in Health Informatics and Bioinformatics,2192-6670,,""Springer Nature"""
"Networks and Spatial Economics,1572-9427,,""Springer Nature"""
"Neural Computing and Applications,1433-3058,,""Springer Nature"""
"Neural Processing Letters,1573-773X,,""Springer Nature"""
"Neurochemical Research,1573-6903,,""Springer Nature"""
"Neurocritical Care,1556-0961,,""Springer Nature"""
"Neuroethics,1874-5504,,""Springer Nature"""
"neurogenetics,1364-6753,,""Springer Nature"""
"Neuroinformatics,1559-0089,,""Springer Nature"""
"Neurological Sciences,1590-3478,,""Springer Nature"""
"NeuroMolecular Medicine,1559-1174,,""Springer Nature"""
"Neuropsychopharmacology,1740-634X,,""Springer Nature"""
"Neuroradiology,1432-1920,,""Springer Nature"""
"Neuroscience Bulletin,1995-8218,,""Springer Nature"""
"Neurosurgical Review,1437-2320,,""Springer Nature"""
"Neurotherapeutics,1878-7479,,""Springer Nature"""
"Neurotoxicity Research,1476-3524,,""Springer Nature"""
"New Forests,1573-5095,,""Springer Nature"""
"New Generation Computing,1882-7055,,""Springer Nature"""
"Nexus Network Journal,1522-4600,,""Springer Nature"""
"Nonlinear Differential Equations and Applications NoDEA,1420-9004,,""Springer Nature"""
"Nonlinear Dynamics,1573-269X,,""Springer Nature"""
"Nuclear Medicine and Molecular Imaging,1869-3482,,""Springer Nature"""
"Nuclear Science and Techniques,2210-3147,,""Springer Nature"""
"Numerical Algorithms,1572-9265,,""Springer Nature"""
"Numerische Mathematik,0945-3245,,""Springer Nature"""
"Nutrient Cycling in Agroecosystems,1573-0867,,""Springer Nature"""
"Nutrire,2316-7874,,""Springer Nature"""
"Obesity Surgery,1708-0428,,""Springer Nature"""
"Occupational Health Science,2367-0142,,""Springer Nature"""
"Ocean Dynamics,1616-7228,,""Springer Nature"""
"Ocean Science Journal,2005-7172,,""Springer Nature"""
"Odontology,1618-1255,,""Springer Nature"""
"Oecologia,1432-1939,,""Springer Nature"""
"Oncogene,1476-5594,,""Springer Nature"""
"Open Economies Review,1573-708X,,""Springer Nature"""
"Operational Research,1866-1505,,""Springer Nature"""
"Operations Management Research,1936-9743,,""Springer Nature"""
"OPSEARCH,0975-0320,,""Springer Nature"""
"Optical and Quantum Electronics,1572-817X,,""Springer Nature"""
"Optical Review,1349-9432,,""Springer Nature"""
"Optimization and Engineering,1573-2924,,""Springer Nature"""
"Optimization Letters,1862-4480,,""Springer Nature"""
"Oral and Maxillofacial Surgery,1865-1569,,""Springer Nature"""
"Oral Radiology,1613-9674,,""Springer Nature"""
"Order,1572-9273,,""Springer Nature"""
"Organic Agriculture,1879-4246,,""Springer Nature"""
"Organisms Diversity & Evolution,1618-1077,,""Springer Nature"""
"Origins of Life and Evolution of Biospheres,1573-0875,,""Springer Nature"""
"Ornithology Research,2662-673X,,""Springer Nature"""
"Paddy and Water Environment,1611-2504,,""Springer Nature"""
"Palaeobiodiversity and Palaeoenvironments,1867-1608,,""Springer Nature"""
"PalZ,1867-6812,,""Springer Nature"""
"Parasitology Research,1432-1955,,""Springer Nature"""
"Pastoral Psychology,1573-6679,,""Springer Nature"""
"Pattern Analysis and Applications,1433-755X,,""Springer Nature"""
"Pediatric Cardiology,1432-1971,,""Springer Nature"""
"Pediatric Nephrology,1432-198X,,""Springer Nature"""
"Pediatric Radiology,1432-1998,,""Springer Nature"""
"Pediatric Research,1530-0447,,""Springer Nature"""
"Pediatric Surgery International,1437-9813,,""Springer Nature"""
"Peer-to-Peer Networking and Applications,1936-6450,,""Springer Nature"""
"Periodica Mathematica Hungarica,1588-2829,,""Springer Nature"""
"Personal and Ubiquitous Computing,1617-4917,,""Springer Nature"""
"Perspectives on Behavior Science,2520-8977,,""Springer Nature"""
"Pflügers Archiv - European Journal of Physiology,1432-2013,,""Springer Nature"""
"Pharmaceutical Research,1573-904X,,""Springer Nature"""
"Pharmacological Reports,2299-5684,,""Springer Nature"""
"Phenomenology and the Cognitive Sciences,1572-8676,,""Springer Nature"""
"Phenomics,2730-5848,,""Springer Nature"""
"Philosophia,1574-9274,,""Springer Nature"""
"Philosophical Studies,1573-0883,,""Springer Nature"""
"Philosophy & Technology,2210-5441,,""Springer Nature"""
"Philosophy of Management,2052-9597,,""Springer Nature"""
"Photochemical & Photobiological Sciences,1474-9092,,""Springer Nature"""
"Photonic Network Communications,1572-8188,,""Springer Nature"""
"Photosynthesis Research,1573-5079,,""Springer Nature"""
"Physical and Engineering Sciences in Medicine,2662-4737,,""Springer Nature"""
"Physics and Chemistry of Minerals,1432-2021,,""Springer Nature"""
"Physics in Perspective,1422-6960,,""Springer Nature"""
"Physiology and Molecular Biology of Plants,0974-0430,,""Springer Nature"""
"Phytoparasitica,1876-7184,,""Springer Nature"""
"Pituitary,1573-7403,,""Springer Nature"""
"Place Branding and Public Diplomacy,1751-8059,,""Springer Nature"""
"Plant and Soil,1573-5036,,""Springer Nature"""
"Plant Biotechnology Reports,1863-5474,,""Springer Nature"""
"Plant Cell Reports,1432-203X,,""Springer Nature"""
"Plant Cell, Tissue and Organ Culture (PCTOC),1573-5044,,""Springer Nature"""
"Plant Ecology,1573-5052,,""Springer Nature"""
"Plant Foods for Human Nutrition,1573-9104,,""Springer Nature"""
"Plant Growth Regulation,1573-5087,,""Springer Nature"""
"Plant Molecular Biology,1573-5028,,""Springer Nature"""
"Plant Molecular Biology Reporter,1572-9818,,""Springer Nature"""
"Plant Physiology Reports,2662-2548,,""Springer Nature"""
"Plant Reproduction,2194-7961,,""Springer Nature"""
"Plant Systematics and Evolution,1615-6110,,""Springer Nature"""
"Planta,1432-2048,,""Springer Nature"""
"Plasma Chemistry and Plasma Processing,1572-8986,,""Springer Nature"""
"Plasmonics,1557-1963,,""Springer Nature"""
"Polar Biology,1432-2056,,""Springer Nature"""
"Policy Sciences,1573-0891,,""Springer Nature"""
"Political Behavior,1573-6687,,""Springer Nature"""
"Polymer Bulletin,1436-2449,,""Springer Nature"""
"Polytechnica,2520-8063,,""Springer Nature"""
"Population and Environment,1573-7810,,""Springer Nature"""
"Population Research and Policy Review,1573-7829,,""Springer Nature"""
"Portuguese Economic Journal,1617-9838,,""Springer Nature"""
"Positivity,1572-9281,,""Springer Nature"""
"Postdigital Science and Education,2524-4868,,""Springer Nature"""
"postmedieval,2040-5979,,""Springer Nature"""
"Potato Research,1871-4528,,""Springer Nature"""
"Potential Analysis,1572-929X,,""Springer Nature"""
"Precision Agriculture,1573-1618,,""Springer Nature"""
"Prevention Science,1573-6695,,""Springer Nature"""
"Primates,1610-7365,,""Springer Nature"""
"Probability Theory and Related Fields,1432-2064,,""Springer Nature"""
"Probiotics and Antimicrobial Proteins,1867-1314,,""Springer Nature"""
"Proceedings of the Zoological Society,0974-6919,,""Springer Nature"""
"Process Integration and Optimization for Sustainability,2509-4246,,""Springer Nature"""
"Progress in Additive Manufacturing,2363-9520,,""Springer Nature"""
"Progress in Artificial Intelligence,2192-6360,,""Springer Nature"""
"Progress in Biomaterials,2194-0517,,""Springer Nature"""
"PROSPECTS,1573-9090,,""Springer Nature"""
"Prostate Cancer and Prostatic Diseases,1476-5608,,""Springer Nature"""
"Protoplasma,1615-6102,,""Springer Nature"""
"Psychiatric Quarterly,1573-6709,,""Springer Nature"""
"Psychological Injury and Law,1938-9728,,""Springer Nature"""
"Psychological Research,1430-2772,,""Springer Nature"""
"Psychological Studies,0974-9861,,""Springer Nature"""
"Psychometrika,1860-0980,,""Springer Nature"""
"Psychopharmacology,1432-2072,,""Springer Nature"""
"Public Choice,1573-7101,,""Springer Nature"""
"Public Organization Review,1573-7098,,""Springer Nature"""
"Public Transport,1613-7159,,""Springer Nature"""
"Publishing Research Quarterly,1936-4792,,""Springer Nature"""
"Pure and Applied Geophysics,1420-9136,,""Springer Nature"""
"Purinergic Signalling,1573-9546,,""Springer Nature"""
"Qualitative Sociology,1573-7837,,""Springer Nature"""
"Qualitative Theory of Dynamical Systems,1662-3592,,""Springer Nature"""
"Quality & Quantity,1573-7845,,""Springer Nature"""
"Quality of Life Research,1573-2649,,""Springer Nature"""
"Quantitative Marketing and Economics,1573-711X,,""Springer Nature"""
"Quantum Information Processing,1573-1332,,""Springer Nature"""
"Quantum Machine Intelligence,2524-4914,,""Springer Nature"""
"Quantum Studies: Mathematics and Foundations,2196-5617,,""Springer Nature"""
"Queueing Systems,1572-9443,,""Springer Nature"""
"Race and Social Problems,1867-1756,,""Springer Nature"""
"Radiation and Environmental Biophysics,1432-2099,,""Springer Nature"""
"Radiation Detection Technology and Methods,2509-9949,,""Springer Nature"""
"Radiological Physics and Technology,1865-0341,,""Springer Nature"""
"Reaction Kinetics, Mechanisms and Catalysis,1878-5204,,""Springer Nature"""
"Reading and Writing,1573-0905,,""Springer Nature"""
"Real-Time Systems,1573-1383,,""Springer Nature"""
"Regenerative Engineering and Translational Medicine,2364-4141,,""Springer Nature"""
"Regional Environmental Change,1436-378X,,""Springer Nature"""
"Remote Sensing in Earth Systems Sciences,2520-8209,,""Springer Nature"""
"Rendiconti del Circolo Matematico di Palermo Series 2,1973-4409,,""Springer Nature"""
"Reproductive Sciences,1933-7205,,""Springer Nature"""
"Requirements Engineering,1432-010X,,""Springer Nature"""
"Res Publica,1572-8692,,""Springer Nature"""
"Research in Engineering Design,1435-6066,,""Springer Nature"""
"Research in Higher Education,1573-188X,,""Springer Nature"""
"Research in Number Theory,2363-9555,,""Springer Nature"""
"Research in Science Education,1573-1898,,""Springer Nature"""
"Research in the Mathematical Sciences,2197-9847,,""Springer Nature"""
"Research on Biomedical Engineering,2446-4740,,""Springer Nature"""
"Research on Chemical Intermediates,1568-5675,,""Springer Nature"""
"Research on Child and Adolescent Psychopathology,2730-7174,,""Springer Nature"""
"Results in Mathematics,1420-9012,,""Springer Nature"""
"Review Journal of Autism and Developmental Disorders,2195-7185,,""Springer Nature"""
"Review of Accounting Studies,1573-7136,,""Springer Nature"""
"Review of Agricultural, Food and Environmental Studies,2425-6897,,""Springer Nature"""
"Review of Derivatives Research,1573-7144,,""Springer Nature"""
"Review of Economic Design,1434-4750,,""Springer Nature"""
"Review of Economics of the Household,1573-7152,,""Springer Nature"""
"Review of Industrial Organization,1573-7160,,""Springer Nature"""
"Review of Managerial Science,1863-6691,,""Springer Nature"""
"Review of Philosophy and Psychology,1878-5166,,""Springer Nature"""
"Review of Quantitative Finance and Accounting,1573-7179,,""Springer Nature"""
"Review of Religious Research,2211-4866,,""Springer Nature"""
"Review of World Economics,1610-2886,,""Springer Nature"""
"Reviews in Fish Biology and Fisheries,1573-5184,,""Springer Nature"""
"Revista Brasileira de Farmacognosia,1981-528X,,""Springer Nature"""
"Revista de la Real Academia de Ciencias Exactas, Físicas y Naturales. Serie A. Matemáticas,1579-1505,,""Springer Nature"""
"Revista Matemática Complutense,1988-2807,,""Springer Nature"""
"Rheologica Acta,1435-1528,,""Springer Nature"""
"Rheumatology International,1437-160X,,""Springer Nature"""
"Ricerche di Matematica,1827-3491,,""Springer Nature"""
"Risk Management,1743-4637,,""Springer Nature"""
"Rock Mechanics and Rock Engineering,1434-453X,,""Springer Nature"""
"Russian Linguistics,1572-8714,,""Springer Nature"""
"Safety in Extreme Environments,2524-8189,,""Springer Nature"""
"Sampling Theory, Signal Processing, and Data Analysis,2730-5724,,""Springer Nature"""
"Sankhya A,0976-8378,,""Springer Nature"""
"Sankhya B,0976-8394,,""Springer Nature"""
"São Paulo Journal of Mathematical Sciences,2316-9028,,""Springer Nature"""
"School Mental Health,1866-2633,,""Springer Nature"""
"Science & Education,1573-1901,,""Springer Nature"""
"Science and Engineering Ethics,1471-5546,,""Springer Nature"""
"Science China Chemistry,1869-1870,,""Springer Nature"""
"Science China Earth Sciences,1869-1897,,""Springer Nature"""
"Science China Information Sciences,1869-1919,,""Springer Nature"""
"Science China Life Sciences,1869-1889,,""Springer Nature"""
"Science China Materials,2199-4501,,""Springer Nature"""
"Science China Mathematics,1869-1862,,""Springer Nature"""
"Science China Physics, Mechanics & Astronomy,1869-1927,,""Springer Nature"""
"Science China Technological Sciences,1869-1900,,""Springer Nature"""
"Scientometrics,1588-2861,,""Springer Nature"""
"Security Journal,1743-4645,,""Springer Nature"""
"Selecta Mathematica,1420-9020,,""Springer Nature"""
"SeMA Journal,2281-7875,,""Springer Nature"""
"Semigroup Forum,1432-2137,,""Springer Nature"""
"Sensing and Imaging,1557-2072,,""Springer Nature"""
"Service Business,1862-8508,,""Springer Nature"""
"Service Oriented Computing and Applications,1863-2394,,""Springer Nature"""
"Set-Valued and Variational Analysis,1877-0541,,""Springer Nature"""
"Sex Roles,1573-2762,,""Springer Nature"""
"Sexuality & Culture,1936-4822,,""Springer Nature"""
"Sexuality and Disability,1573-6717,,""Springer Nature"""
"Sexuality Research and Social Policy,1553-6610,,""Springer Nature"""
"Shock Waves,1432-2153,,""Springer Nature"""
"Signal, Image and Video Processing,1863-1711,,""Springer Nature"""
"Silicon,1876-9918,,""Springer Nature"""
"Skeletal Radiology,1432-2161,,""Springer Nature"""
"Sleep and Biological Rhythms,1479-8425,,""Springer Nature"""
"Sleep and Breathing,1522-1709,,""Springer Nature"""
"Sleep and Vigilance,2510-2265,,""Springer Nature"""
"Small Business Economics,1573-0913,,""Springer Nature"""
"Small-scale Forestry,1873-7854,,""Springer Nature"""
"SN Business & Economics,2662-9399,,""Springer Nature"""
"SN Comprehensive Clinical Medicine,2523-8973,,""Springer Nature"""
"SN Computer Science,2661-8907,,""Springer Nature"""
"SN Operations Research Forum,2662-2556,,""Springer Nature"""
"SN Partial Differential Equations and Applications,2662-2971,,""Springer Nature"""
"SN Social Sciences,2662-9283,,""Springer Nature"""
"Social Choice and Welfare,1432-217X,,""Springer Nature"""
"Social Indicators Research,1573-0921,,""Springer Nature"""
"Social Justice Research,1573-6725,,""Springer Nature"""
"Social Network Analysis and Mining,1869-5469,,""Springer Nature"""
"Social Psychiatry and Psychiatric Epidemiology,1433-9285,,""Springer Nature"""
"Social Psychology of Education,1573-1928,,""Springer Nature"""
"Social Theory & Health,1477-822X,,""Springer Nature"""
"Society,1936-4725,,""Springer Nature"""
"Socio-Ecological Practice Research,2524-5287,,""Springer Nature"""
"Soft Computing,1433-7479,,""Springer Nature"""
"Software and Systems Modeling,1619-1374,,""Springer Nature"""
"Software Quality Journal,1573-1367,,""Springer Nature"""
"Solar Physics,1573-093X,,""Springer Nature"""
"Sophia,1873-930X,,""Springer Nature"""
"Spatial Demography,2164-7070,,""Springer Nature"""
"Spatial Information Research,2366-3294,,""Springer Nature"""
"Spinal Cord,1476-5624,,""Springer Nature"""
"Spinal Cord Series and Cases,2058-6124,,""Springer Nature"""
"Spine Deformity,2212-1358,,""Springer Nature"""
"Sport Sciences for Health,1825-1234,,""Springer Nature"""
"Statistical Inference for Stochastic Processes,1572-9311,,""Springer Nature"""
"Statistical Methods & Applications,1613-981X,,""Springer Nature"""
"Statistical Papers,1613-9798,,""Springer Nature"""
"Statistics and Computing,1573-1375,,""Springer Nature"""
"Statistics in Biosciences,1867-1772,,""Springer Nature"""
"Stem Cell Reviews and Reports,2629-3277,,""Springer Nature"""
"Stochastic Environmental Research and Risk Assessment,1436-3259,,""Springer Nature"""
"Stochastics and Partial Differential Equations: Analysis and Computations,2194-041X,,""Springer Nature"""
"Structural and Multidisciplinary Optimization,1615-1488,,""Springer Nature"""
"Structural Chemistry,1572-9001,,""Springer Nature"""
"Studia Geophysica et Geodaetica,1573-1626,,""Springer Nature"""
"Studia Logica,1572-8730,,""Springer Nature"""
"Studies in Comparative International Development,1936-6167,,""Springer Nature"""
"Studies in East European Thought,1573-0948,,""Springer Nature"""
"Studies in Philosophy and Education,1573-191X,,""Springer Nature"""
"Subjectivity,1755-635X,,""Springer Nature"""
"Sugar Tech,0974-0740,,""Springer Nature"""
"Supportive Care in Cancer,1433-7339,,""Springer Nature"""
"Surgery Today,1436-2813,,""Springer Nature"""
"Surgical and Radiologic Anatomy,1279-8517,,""Springer Nature"""
"Surgical Endoscopy,1432-2218,,""Springer Nature"""
"Sustainability Science,1862-4057,,""Springer Nature"""
"Sustainable Water Resources Management,2363-5045,,""Springer Nature"""
"Swarm Intelligence,1935-3820,,""Springer Nature"""
"Symbiosis,1878-7665,,""Springer Nature"""
"Synthese,1573-0964,,""Springer Nature"""
"Systematic Parasitology,1573-5192,,""Springer Nature"""
"Systemic Practice and Action Research,1573-9295,,""Springer Nature"""
"Systems Microbiology and Biomanufacturing,2662-7663,,""Springer Nature"""
"Techniques in Coloproctology,1128-045X,,""Springer Nature"""
"Technology and Economics of Smart Grids and Sustainable Energy,2199-4706,,""Springer Nature"""
"Technology, Knowledge and Learning,2211-1670,,""Springer Nature"""
"TechTrends,1559-7075,,""Springer Nature"""
"Telecommunication Systems,1572-9451,,""Springer Nature"""
"Tertiary Education and Management,1573-1936,,""Springer Nature"""
"TEST,1863-8260,,""Springer Nature"""
"Thalassas: An International Journal of Marine Sciences,2366-1674,,""Springer Nature"""
"The AAPS Journal,1550-7416,,""Springer Nature"""
"The American Sociologist,1936-4784,,""Springer Nature"""
"The Analysis of Verbal Behavior,2196-8926,,""Springer Nature"""
"The Annals of Regional Science,1432-0592,,""Springer Nature"""
"The Asia-Pacific Education Researcher,2243-7908,,""Springer Nature"""
"The Cerebellum,1473-4230,,""Springer Nature"""
"The European Journal of Development Research,1743-9728,,""Springer Nature"""
"The European Journal of Health Economics,1618-7601,,""Springer Nature"""
"The European Physical Journal A,1434-601X,,""Springer Nature"""
"The European Physical Journal B,1434-6036,,""Springer Nature"""
"The European Physical Journal D,1434-6079,,""Springer Nature"""
"The European Physical Journal E,1292-895X,,""Springer Nature"""
"The European Physical Journal H,2102-6467,,""Springer Nature"""
"The European Physical Journal Plus,2190-5444,,""Springer Nature"""
"The European Physical Journal Special Topics,1951-6401,,""Springer Nature"""
"The Geneva Papers on Risk and Insurance - Issues and Practice,1468-0440,,""Springer Nature"""
"The Geneva Risk and Insurance Review,1554-9658,,""Springer Nature"""
"The Indian Journal of Labour Economics,0019-5308,,""Springer Nature"""
"The Indian Journal of Pediatrics,0973-7693,,""Springer Nature"""
"The International Journal of Advanced Manufacturing Technology,1433-3015,,""Springer Nature"""
"The International Journal of Life Cycle Assessment,1614-7502,,""Springer Nature"""
"The Journal of Analysis,2367-2501,,""Springer Nature"""
"The Journal of Antibiotics,1881-1469,,""Springer Nature"""
"The Journal of Behavioral Health Services & Research,1556-3308,,""Springer Nature"""
"The Journal of East Asian Philosophy,2730-5414,,""Springer Nature"""
"The Journal of Economic Inequality,1573-8701,,""Springer Nature"""
"The Journal of Ethics,1572-8609,,""Springer Nature"""
"The Journal of Frailty & Aging,2273-4309,,""Springer Nature"""
"The Journal of Geometric Analysis,1559-002X,,""Springer Nature"""
"The Journal of Membrane Biology,1432-1424,,""Springer Nature"""
"The journal of nutrition, health & aging,1760-4788,,""Springer Nature"""
"The Journal of Obstetrics and Gynecology of India,0975-6434,,""Springer Nature"""
"The Journal of Prevention of Alzheimer's Disease,2426-0266,,""Springer Nature"""
"The Journal of Real Estate Finance and Economics,1573-045X,,""Springer Nature"""
"The Journal of Supercomputing,1573-0484,,""Springer Nature"""
"The Journal of Technology Transfer,1573-7047,,""Springer Nature"""
"The Journal of the Astronautical Sciences,2195-0571,,""Springer Nature"""
"The Journal of Value Inquiry,1573-0492,,""Springer Nature"""
"The Mathematical Intelligencer,1866-7414,,""Springer Nature"""
"The Nucleus,0976-7975,,""Springer Nature"""
"The Pharmacogenomics Journal,1473-1150,,""Springer Nature"""
"The Psychological Record,2163-3452,,""Springer Nature"""
"The Ramanujan Journal,1572-9303,,""Springer Nature"""
"The Review of Austrian Economics,1573-7128,,""Springer Nature"""
"The Review of International Organizations,1559-744X,,""Springer Nature"""
"The Review of Socionetwork Strategies,1867-3236,,""Springer Nature"""
"The Science of Nature,1432-1904,,""Springer Nature"""
"The Urban Review,1573-1960,,""Springer Nature"""
"The Visual Computer,1432-2315,,""Springer Nature"""
"The VLDB Journal,0949-877X,,""Springer Nature"""
"Theoretical and Applied Climatology,1434-4483,,""Springer Nature"""
"Theoretical and Applied Genetics,1432-2242,,""Springer Nature"""
"Theoretical and Computational Fluid Dynamics,1432-2250,,""Springer Nature"""
"Theoretical and Experimental Plant Physiology,2197-0025,,""Springer Nature"""
"Theoretical Chemistry Accounts,1432-2234,,""Springer Nature"""
"Theoretical Ecology,1874-1746,,""Springer Nature"""
"Theory and Decision,1573-7187,,""Springer Nature"""
"Theory and Society,1573-7853,,""Springer Nature"""
"Theory in Biosciences,1611-7530,,""Springer Nature"""
"Theory of Computing Systems,1433-0490,,""Springer Nature"""
"Therapeutic Innovation & Regulatory Science,2168-4804,,""Springer Nature"""
"Tissue Engineering and Regenerative Medicine,2212-5469,,""Springer Nature"""
"TOP,1863-8279,,""Springer Nature"""
"Topics in Catalysis,1572-9028,,""Springer Nature"""
"Topoi,1572-8749,,""Springer Nature"""
"Toxicological Research,2234-2753,,""Springer Nature"""
"Toxicology and Environmental Health Sciences,2233-7784,,""Springer Nature"""
"Transactions of the Indian Institute of Metals,0975-1645,,""Springer Nature"""
"Transactions on Electrical and Electronic Materials,2092-7592,,""Springer Nature"""
"Transformation Groups,1531-586X,,""Springer Nature"""
"Transgenic Research,1573-9368,,""Springer Nature"""
"Transition Metal Chemistry,1572-901X,,""Springer Nature"""
"Translational Stroke Research,1868-601X,,""Springer Nature"""
"Transport in Porous Media,1573-1634,,""Springer Nature"""
"Transportation,1572-9435,,""Springer Nature"""
"Transportation Infrastructure Geotechnology,2196-7210,,""Springer Nature"""
"Tree Genetics & Genomes,1614-2950,,""Springer Nature"""
"Trees,1432-2285,,""Springer Nature"""
"Trends in Organized Crime,1936-4830,,""Springer Nature"""
"Trends in Psychology,2358-1883,,""Springer Nature"""
"Tribology Letters,1573-2711,,""Springer Nature"""
"Tropical Animal Health and Production,1573-7438,,""Springer Nature"""
"Tropical Ecology,2661-8982,,""Springer Nature"""
"Tropical Plant Biology,1935-9764,,""Springer Nature"""
"Tropical Plant Pathology,1983-2052,,""Springer Nature"""
"Universal Access in the Information Society,1615-5297,,""Springer Nature"""
"Updates in Surgery,2038-3312,,""Springer Nature"""
"URBAN DESIGN International,1468-4519,,""Springer Nature"""
"Urban Ecosystems,1573-1642,,""Springer Nature"""
"Urban Forum,1874-6330,,""Springer Nature"""
"Urolithiasis,2194-7236,,""Springer Nature"""
"User Modeling and User-Adapted Interaction,1573-1391,,""Springer Nature"""
"Vegetation History and Archaeobotany,1617-6278,,""Springer Nature"""
"Vegetos,2229-4473,,""Springer Nature"""
"Veterinary Research Communications,1573-7446,,""Springer Nature"""
"Vietnam Journal of Mathematics,2305-2228,,""Springer Nature"""
"Virchows Archiv,1432-2307,,""Springer Nature"""
"Virtual Reality,1434-9957,,""Springer Nature"""
"Virus Genes,1572-994X,,""Springer Nature"""
"VirusDisease,2347-3517,,""Springer Nature"""
"VOLUNTAS: International Journal of Voluntary and Nonprofit Organizations,1573-7888,,""Springer Nature"""
"Waste and Biomass Valorization,1877-265X,,""Springer Nature"""
"Waste Disposal & Sustainable Energy,2524-7891,,""Springer Nature"""
"Water Conservation Science and Engineering,2364-5687,,""Springer Nature"""
"Water History,1877-7244,,""Springer Nature"""
"Water Resources Management,1573-1650,,""Springer Nature"""
"Water Waves,2523-3688,,""Springer Nature"""
"Water, Air, & Soil Pollution,1573-2932,,""Springer Nature"""
"Welding in the World,1878-6669,,""Springer Nature"""
"Wetlands,1943-6246,,""Springer Nature"""
"Wetlands Ecology and Management,1572-9834,,""Springer Nature"""
"Wireless Networks,1572-8196,,""Springer Nature"""
"Wireless Personal Communications,1572-834X,,""Springer Nature"""
"WMU Journal of Maritime Affairs,1654-1642,,""Springer Nature"""
"Wood Science and Technology,1432-5225,,""Springer Nature"""
"World Journal of Microbiology and Biotechnology,1573-0972,,""Springer Nature"""
"World Journal of Pediatrics,1867-0687,,""Springer Nature"""
"World Journal of Surgery,1432-2323,,""Springer Nature"""
"World Journal of Urology,1433-8726,,""Springer Nature"""
"World Wide Web,1573-1413,,""Springer Nature"""
"ZDM,1863-9704,,""Springer Nature"""
"Zeitschrift für angewandte Mathematik und Physik,1420-9039,,""Springer Nature"""
"Zoomorphology,1432-234X,,""Springer Nature"""
"Nature Water,2731-6084,,""Springer Nature"""
"Nature Mental Health,2731-6076,,""Springer Nature"""
"Clinical and Translational Oncology,1699-3055,,""Springer Nature"""
"Development,0951-1991,1477-9129,""The Company of Biologists"""
"Journal of Cell Science,0021-9533,1477-9137,""The Company of Biologists"""
"Journal of Experimental Biology,0022-0949,1477-9145,""The Company of Biologists"""
"Proceedings of the Royal Society A: Mathematical, Physical and Engineering Sciences,1471-2946,1364-5021,""The Royal Society"""
"Proceedings of the Royal Society B: Biological Sciences,1471-2954,0962-8452,""The Royal Society"""
"Journal of the Royal Society Interface,1742-5662,,""The Royal Society"""
"Biology Letters,1744-957X,,""The Royal Society"""
"Journal of Mechanics in Medicine and Biology,0219-5194,1793-6810,""World Scientific"""
"Functional Materials Letters,1793-6047,1793-7213,""World Scientific"""
"Journal of the Geological Society,2041-479X,,""Geological Society of London"""
"Quarterly Journal of Engineering Geology and Hydrogeology,2041-4803,,""Geological Society of London"""
"Petroleum Geoscience,2041-496X,,""Geological Society of London"""
"Geochemistry: Exploration, Environment, Analysis,2041-4943,,""Geological Society of London"""
"Proceedings of the Yorkshire Geological Society,2041-4811,,""Geological Society of London"""
"Geoenergy,2755-1725,,""Geological Society of London"""
"Accounts of Chemical Research,,1520-4898,""American Chemical Society"""
"Accounts of Materials Research,,2643-6728,""American Chemical Society"""
"ACS Agricultural Science & Technology,,2692-1952,""American Chemical Society"""
"ACS Applied Bio Materials,,2576-6422,""American Chemical Society"""
"ACS Applied Electronic Materials,,2637-6113,""American Chemical Society"""
"ACS Applied Energy Materials,,2574-0962,""American Chemical Society"""
"ACS Applied Materials & Interfaces,,1944-8252,""American Chemical Society"""
"ACS Applied Nano Materials,,2574-0970,""American Chemical Society"""
"ACS Applied Polymer Materials,,2637-6105,""American Chemical Society"""
"ACS Biomaterials Science & Engineering,,2373-9878,""American Chemical Society"""
"ACS Catalysis,,2155-5435,""American Chemical Society"""
"ACS Chemical Biology,,1554-8937,""American Chemical Society"""
"ACS Chemical Health & Safety,,1878-0504,""American Chemical Society"""
"ACS Chemical Neuroscience,,1948-7193,""American Chemical Society"""
"ACS Earth and Space Chemistry,,2472-3452,""American Chemical Society"""
"ACS Energy Letters,,2380-8195,""American Chemical Society"""
"ACS ES&T Engineering,,2690-0645,""American Chemical Society"""
"ACS ES&T Water,,2690-0637,""American Chemical Society"""
"ACS Food Science & Technology,,2692-1944,""American Chemical Society"""
"ACS Infectious Diseases,,2373-8227,""American Chemical Society"""
"ACS Macro Letters,,2161-1653,""American Chemical Society"""
"ACS Materials Letters,,2639-4979,""American Chemical Society"""
"ACS Medicinal Chemistry Letters,,1948-5875,""American Chemical Society"""
"ACS Nano,,1936-086X,""American Chemical Society"""
"ACS Pharmacology & Translational Science,,2575-9108,""American Chemical Society"""
"ACS Photonics,,2330-4022,""American Chemical Society"""
"ACS Sensors,,2379-3694,""American Chemical Society"""
"ACS Sustainable Chemistry & Engineering,,2168-0485,""American Chemical Society"""
"ACS Synthetic Biology,,2161-5063,""American Chemical Society"""
"Analytical Chemistry,,1520-6882,""American Chemical Society"""
"Biochemistry,,1520-4995,""American Chemical Society"""
"Bioconjugate Chemistry,,1520-4812,""American Chemical Society"""
"Biomacromolecules,,1526-4602,""American Chemical Society"""
"Chemical Research in Toxicology,,1520-5010,""American Chemical Society"""
"Chemical Reviews,,1520-6890,""American Chemical Society"""
"Chemistry of Materials,,1520-5002,""American Chemical Society"""
"Crystal Growth & Design,,1528-7505,""American Chemical Society"""
"Energy & Fuels,,1520-5029,""American Chemical Society"""
"Environmental Science & Technology,,1520-5851,""American Chemical Society"""
"Environmental Science & Technology Letters,,2328-8930,""American Chemical Society"""
"Industrial & Engineering Chemistry Research,,1520-5045,""American Chemical Society"""
"Inorganic Chemistry,,1520-510X,""American Chemical Society"""
"Journal of Agricultural and Food Chemistry,,1520-5118,""American Chemical Society"""
"Journal of Chemical & Engineering Data,,1520-5134,""American Chemical Society"""
"Journal of Chemical Education,,1938-1328,""American Chemical Society"""
"Journal of Chemical Information and Modeling,,1549-960X,""American Chemical Society"""
"Journal of Chemical Theory and Computation,,1549-9626,""American Chemical Society"""
"Journal of Medicinal Chemistry,,1520-4804,""American Chemical Society"""
"Journal of Natural Products,,1520-6025,""American Chemical Society"""
"Journal of Proteome Research,,1535-3907,""American Chemical Society"""
"Journal of the American Chemical Society,,1520-5126,""American Chemical Society"""
"Journal of the American Society for Mass Spectrometry,,1879-1123,""American Chemical Society"""
"Langmuir,,1520-5827,""American Chemical Society"""
"Macromolecules,,1520-5835,""American Chemical Society"""
"Molecular Pharmaceutics,,1543-8392,""American Chemical Society"""
"Nano Letters,,1530-6992,""American Chemical Society"""
"Organic Letters,,1523-7052,""American Chemical Society"""
"Organic Process Research & Development,,1520-586X,""American Chemical Society"""
"Organometallics,,1520-6041,""American Chemical Society"""
"The Journal of Organic Chemistry,,1520-6904,""American Chemical Society"""
"The Journal of Physical Chemistry A3,,1520-5215,""American Chemical Society"""
"The Journal of Physical Chemistry B3,,1520-5207,""American Chemical Society"""
"The Journal of Physical Chemistry C3,,1932-7455,""American Chemical Society"""
"The Journal of Physical Chemistry Letters,,1948-7185,""American Chemical Society"""
"The Analyst,1364-5528,,""Royal Society of Chemistry (RSC)"""
"Analytical Methods,1759-9679,,""Royal Society of Chemistry (RSC)"""
"Biomaterials Science,2047-4849,,""Royal Society of Chemistry (RSC)"""
"Catalysis Science & Technology,2044-4761,,""Royal Society of Chemistry (RSC)"""
"Chemical Communications,1364-548X,,""Royal Society of Chemistry (RSC)"""
"Chemical Society Reviews,1460-4744,,""Royal Society of Chemistry (RSC)"""
"CrystEngComm,1466-8033,,""Royal Society of Chemistry (RSC)"""
"Dalton Transactions,1477-9234,,""Royal Society of Chemistry (RSC)"""
"Energy & Environmental Science,1754-5706,,""Royal Society of Chemistry (RSC)"""
"Environmental Science: Nano,2051-8161,,""Royal Society of Chemistry (RSC)"""
"Environmental Science: Processes & Impacts,2050-7895,,""Royal Society of Chemistry (RSC)"""
"Environmental Science: Water Research & Technology,2053-1419,,""Royal Society of Chemistry (RSC)"""
"Faraday Discussions,1364-5498,,""Royal Society of Chemistry (RSC)"""
"Food & Function,2042-650X,,""Royal Society of Chemistry (RSC)"""
"Green Chemistry,1463-9270,,""Royal Society of Chemistry (RSC)"""
"Journal of Analytical Atomic Spectrometry,1364-5544,,""Royal Society of Chemistry (RSC)"""
"Journal of Materials Chemistry: A,2050-7496,,""Royal Society of Chemistry (RSC)"""
"Journal of Materials Chemsitry: B,2050-7518,,""Royal Society of Chemistry (RSC)"""
"Journal of Materials Chemistry: C,2050-7534,,""Royal Society of Chemistry (RSC)"""
"Lab on a Chip,1473-0189,,""Royal Society of Chemistry (RSC)"""
"Materials Horizons,2051-6355,,""Royal Society of Chemistry (RSC)"""
"Molecular Omics,2515-4184,,""Royal Society of Chemistry (RSC)"""
"Nanoscale,2040-3372,,""Royal Society of Chemistry (RSC)"""
"Nanoscale Horizons,2055-6764,,""Royal Society of Chemistry (RSC)"""
"Natural Product Reports,1460-4752,,""Royal Society of Chemistry (RSC)"""
"Organic & Biomolecular Chemistry,1477-0539,,""Royal Society of Chemistry (RSC)"""
"Polymer Chemistry,1759-9954,,""Royal Society of Chemistry (RSC)"""
"Reaction Chemistry & Engineering,2058-9883,,""Royal Society of Chemistry (RSC)"""
"RSC Medicinal Chemistry,2632-8682,,""Royal Society of Chemistry (RSC)"""
"Soft Matter,1744-6848,,""Royal Society of Chemistry (RSC)"""
"Sustainable Energy & Fuels,2398-4902,,""Royal Society of Chemistry (RSC)"""
"Molecular Systems Design & Engineering,2058-9689,,""Royal Society of Chemistry (RSC)"""
"The EMBO Journal,1460-2075,,""EMBO Press"""
"EMBO Reports,1469-3178,,""EMBO Press"""
"Genes & Development,1549-5477,,""Cold Spring Harbor Laboratory Press"""
"Genome Research,1549-5469,,""Cold Spring Harbor Laboratory Press"""
"Learning & Memory,1549-5485,,""Cold Spring Harbor Laboratory Press"""
"RNA,1469-9001,,""Cold Spring Harbor Laboratory Press"""
Journal of Vascular Research,1423-0135,,Karger
Digestive Diseases,1421-9875,,Karger
Gynecologic and Obstetric Investigation,1423-002X,,Karger
Neuropsychobiology,1423-0224,,Karger
"Plant Cell,1040-4651,1532-298X,""Oxford University Press"""
"Plant Physiology,0032-0889,1532-2548,""Oxford University Press"""
"Journal of Leukocyte Biology,,1938-3673,""Oxford University Press"""
"Monthly Notices of the Royal Astronomical Society,0035-8711,1365-2966,""Oxford University Press"""
"Monthly Notices of the Royal Astronomical Society Letters,1745-3925,1745-3933,""Oxford University Press"""
"Geophysical Journal International,0956-540X,1365-246X,""Oxford University Press"""
"FEMS Microbiology Ecology,0168-6496,1574-6941,""Oxford University Press"""
"FEMS Yeast Research,1567-1356,1567-1364,""Oxford University Press"""
"FEMS Reviews,0168-6445,1574-6976,""Oxford University Press"""
"Pathogens and Disease,,2049-632X,""Oxford University Press"""
"Briefings in Bioinformatics,,1477-4054,""Oxford University Press"""
"Physical Chemistry Chemical Physics,,1463-9084,""Royal Society of Chemistry (RSC)"""
"Evidence-Based Dentistry,1476-5446,,""Springer Nature"""
ACM GAMES: Research and Practice,2832-5516,,ACM
ACM Journal on Autonomous Transportation Systems,2833-0528,,ACM
ACM Journal on Computing and Sustainable Societies,2834-5533,,ACM
ACM Journal on Responsible Computing,2832-0565,,ACM
Proceedings of the ACM on Networking,2834-5509,,ACM
ACS Applied Optical Materials,2771-9855,,ACS
ACS Applied Engineering Materials,2771-9545,,ACS
