,Unnamed: 0.2,Unnamed: 0.1,Unnamed: 0,id,text_value,year,title,handle,rights,type,is_version_of,license,datetime,citation,collection,valid
0,0,0,0,86437,2023,2023,El mensaje de las medusas : Descubriendo el Océano,http://hdl.handle.net/10261/81994,openAccess,material didáctico,,,2013-09-13 09:02:33+00:00,El mensaje de las medusas : Descubriendo el Océano (2023); El missatge de les meduses : Descobrint l'Oceà (2023),(ICM) Material de divulgación,True
1,1,1,1,410705,2023-09,2023,Information Processing Capacity of Spin-Based Quantum Reservoir Computing Systems,http://hdl.handle.net/10261/229519,openAccess,artículo,Preprint,,2021-02-12 13:41:49+00:00,Cognitive Computation 15: 1440-1451 (2023),(IFISC) Artículos,True
2,2,2,2,418760,2023-12-31 00:00:00,2023,Los entramados políticos y sociales en la España Moderna. Del orden corporativo-jurisdiccional al Estado liberal.,http://hdl.handle.net/10261/345467,openAccess,libro,,,2024-02-05 18:53:06+00:00,"Imízcoz Beunza, José María (coord.), Ochoa de Eribe, Javier (coord.), Artola Renedo. Andoni (coord.), Los entramados políticos y sociales en la España Moderna. Del orden corporativo-jurisdiccional al Estado liberal., No disponible, http://dx.doi.org/10.13039/501100004837, http://hdl.handle.net/10261/345467",(CCHS-IH) Fundación Española de Historia Moderna,True
3,3,3,3,419322,2023,2023,The Sicilian Countryside in the Early Middle Ages: Human–Environment Interactions at Contrada Castro,http://hdl.handle.net/10261/237977,openAccess,artículo,,http://creativecommons.org/licenses/by-nc-nd/4.0/,2021-04-14 09:06:07+00:00,Environmental Archaeology - Journal of Human Palaeoecology 28(4): 240-255 (2023),(EEA) Artículos,True
4,4,4,4,433318,2023,2023,Breath analysis by secondary electro-spray ionization - mass spectrometry to interrogate biologically significant metabolites non-invasively,http://hdl.handle.net/10261/251668,openAccess,artículo,,,2021-10-06 08:58:28+00:00,Critical Reviews in Analytical Chemistry 53(4): 825-837 (2023),(CIB) Artículos,True
5,5,5,5,439219,2023-04-06 00:00:00,2023,SARS-CoV-2 Mac1 is required for IFN antagonism and efficient virus replication in mice,http://hdl.handle.net/10261/305742,openAccess,preprint,Preprint,https://creativecommons.org/licenses/by-nc-nd/4.0/,2023-04-10 11:18:24+00:00,BioRxiv: 10.1101/2023.04.06.535927 (2022),(PTI Salud Global) Colección Especial COVID-19,True
6,6,6,7,446982,2023,2023,The potential of defensive architectural heritage as a resource for proposing cultural itineraries,http://hdl.handle.net/10261/263324,closedAccess,artículo,,,2022-03-08 12:10:19+00:00,Journal of Cultural Heritage Management and Sustainable Development 13(2): 288-316 (2023),(EEA) Artículos,True
7,7,7,8,446993,2023,2023,"Sacha Inchi oil press-cake: Physicochemical characteristics, food-related applications and biological activity",http://hdl.handle.net/10261/263336,openAccess,artículo,Postprint,,2022-03-08 12:44:34+00:00,Food Reviews International 39: 148-159 (2023),(CIAL) Artículos,True
8,8,8,9,450258,2023,2023,20 razones para amar la ingeniería : y 21 para ser ingeniera,http://hdl.handle.net/10261/358134,closedAccess,libro,,,2024-05-23 09:28:56+00:00,20 razones para amar la ingeniería : y 21 para ser ingeniera (2023),(IAA) Libros y partes de libros,True
9,9,9,10,451944,2023-01-20 00:00:00,2023,Dismantlement of ammonia upon interaction withBen(n?10) clusters,http://hdl.handle.net/10261/269465,openAccess,artículo,Publisher's version,http://creativecommons.org/licenses/by-nc/4.0/,2022-05-12 10:35:24+00:00,Journal of Computational Chemistry 44(3): 159-167 (2023),(IQM) Artículos,True
10,10,10,11,452777,2023,2023,The Role of the Physical Environment and Size of Objects in Length Estimation,http://hdl.handle.net/10261/268960,openAccess,artículo,Publisher's version,https://creativecommons.org/licenses/by-nc-sa/4.0/,2022-05-09 07:57:20+00:00,Psicologica 44(1): e15195 (2023),Psicológica Journal,True
11,11,11,12,455250,2023-06,2023,Secondary frequency control stabilising voltage dynamics,http://hdl.handle.net/10261/271372,openAccess,artículo,Postprint,,2022-06-02 12:42:10+00:00,European Journal of Applied Mathematics 34(3): 467-483 (2023),(IFISC) Artículos,True
12,12,12,13,456263,2023-05,2023,Long-term monitoring of lizards and geckos in Doñana 2005-2021,http://hdl.handle.net/10261/272367,openAccess,dataset,,https://creativecommons.org/licenses/by/4.0/,2022-06-13 12:59:08+00:00,"Andreu, Ana C.; Arribas, Rosa; Román, Isidro; Márquez-Ferrando, Rocío; Díaz-Delgado, Ricardo; Bustamante, Javier; 2023; Long-term monitoring of lizards and geckos in Doñana 2005-2021 [dataset]; DIGITAL.CSIC; https://doi.org/10.20350/digitalCSIC/14674",(EBD) ICTS Reserva Biológica de Doñana,True
13,13,13,15,456753,2023,2023,Let’s go beyond “the effect of”: reappraising the impact of ordinary activities on cognition,http://hdl.handle.net/10261/272838,openAccess,artículo,Publisher's version,https://creativecommons.org/licenses/by-nc-sa/4.0/,2022-06-19 08:13:41+00:00,Psicologica 44(1): e15144 (2023),Psicológica Journal,True
14,14,14,16,456920,2023-02-11 00:00:00,2023,Titanium-rich TS-1 zeolite for highly efficient oxidative desulfurization,http://hdl.handle.net/10261/273009,openAccess,artículo,Publisher's version,https://creativecommons.org/licenses/by-nc-nd/4.0/,2022-06-21 12:06:06+00:00,Green Energy & Environment 8(1): 163-172 (2023),(ITQ) Artículos,True
15,15,15,17,456977,2023,2023,Mammalian puberty: a fly perspective,http://hdl.handle.net/10261/273066,openAccess,artículo,Publisher's version,http://creativecommons.org/licenses/by-nc-nd/4.0/,2022-06-22 10:05:22+00:00,FEBS Journal 290(2): 359-369 (2023),(IN) Artículos,True
16,16,16,18,456979,2023,2023,Exploring the conceptual structure of Spanish Experimental Psychology,http://hdl.handle.net/10261/273064,openAccess,artículo,Publisher's version,https://creativecommons.org/licenses/by/4.0/,2022-06-22 10:04:17+00:00,Psicologica 44(2): e15275 (2023),Psicológica Journal,True
17,17,17,19,458129,2023,2023,Attentional differences between gaze and arrows processing: where vs what are eyes looking at,http://hdl.handle.net/10261/274318,openAccess,artículo,Publisher's version,https://creativecommons.org/licenses/by/4.0/,2022-06-30 07:22:57+00:00,Psicologica 44(2): e15274 (2023),Psicológica Journal,True
18,18,18,20,460303,2023-01,2023,An insight into diferential protein abundance throughout Leishmania  donovani promastigote growth and diferentiation,http://hdl.handle.net/10261/276212,openAccess,artículo,Publisher's version,https://creativecommons.org/licenses/by/4.0/,2022-08-18 08:47:46+00:00,International Microbiology 26: 25-42 (2023),(CIB) Artículos,True
19,19,19,21,461410,2023,2023,Ambra1 haploinsufficiency in CD1 mice results in metabolic alterations and exacerbates age-associated retinal degeneration,http://hdl.handle.net/10261/276628,openAccess,artículo,Publisher's version,https://creativecommons.org/licenses/by-nc-nd/4.0/,2022-08-24 11:57:44+00:00,Autophagy 19(3): 784-80 (2023),(MNCN) Artículos,True
20,20,20,23,463920,2023,2023,Formation of acrylamide during the roasting of chia seeds (Salvia hispanica L.),http://hdl.handle.net/10261/278971,openAccess,artículo,Publisher's version,https://creativecommons.org/licenses/by-nc-nd/4.0/,2022-09-13 06:14:04+00:00,Food Chemistry 401: 134169 (2023),(ICTAN) Artículos,True
21,21,21,24,463953,2023-03-31 00:00:00,2023,Public Research Organisations and Public Research Funding,http://hdl.handle.net/10261/279003,openAccess,capítulo de libro,Preprint,,2022-09-13 09:16:44+00:00,"Lepori, Benedetto; Jongbloed, Ben; Hicks, Diana (eds.). Handbook of Public Funding of Research. Edward Elgar Publishing: 221–240 (2023)",(CCHS-IPP) Libros y partes de libros,True
22,22,22,25,464221,2023,2023,Potential effects of sucralose and saccharin on gut microbiota: A review,http://hdl.handle.net/10261/279256,openAccess,artículo,Publisher's version,https://creativecommons.org/licenses/by/4.0/,2022-09-16 07:25:33+00:00,Nutrients 14(8): 1682 (2022),(ICTAN) Artículos,True
23,23,23,26,464392,2023-01,2023,Genetic variability shapes the alternative pathway complement  activity and predisposition to complement-related diseases,http://hdl.handle.net/10261/279432,openAccess,artículo,Publisher's version,https://creativecommons.org/licenses/by/4.0/,2022-09-20 10:29:34+00:00,Immunological Reviews 313(1): 71-90 (2023),(CIB) Artículos,True
24,24,24,27,464564,2023-06,2023,Nestling sex ratio is unaffected by individual and  population traits in the griffon vulture,http://hdl.handle.net/10261/279589,openAccess,artículo,Publisher's version,https://creativecommons.org/licenses/by/4.0/,2022-09-22 07:45:36+00:00,Current Zoology 69(3): 227–235 (2023),(IMEDEA) Artículos,True
25,25,25,29,464635,2023-01-15 00:00:00,2023,Contribution of specific volatile markers to green and ripe fruity attributes in extra virgin olive oils studied with three analytical methods,http://hdl.handle.net/10261/279655,openAccess,artículo,Publisher's version,https://creativecommons.org/licenses/by-nc-nd/4.0/,2022-09-22 11:51:40+00:00,Food Chemistry 399: 133942 (2023),(IG) Artículos,True
26,26,26,30,464655,2023-01,2023,COVID-19 in adult acute myeloid leukemia patients: a long-term followup study from the European Hematology Association survey (EPICOVIDEHA),http://hdl.handle.net/10261/279671,openAccess,artículo,Publisher's version,https://creativecommons.org/licenses/by-nc/4.0/,2022-09-22 14:51:01+00:00,Haematologica - the Hematology Journal 108(1): 22-33 (2023),(PTI Salud Global) Colección Especial COVID-19,True
27,27,27,33,464765,2023-01,2023,Compositing of Coffee Silverskin with Carbon Rich Materials Leads to High Quality Soil Amendments,http://hdl.handle.net/10261/279823,openAccess,artículo,Publisher's version,https://creativecommons.org/licenses/by/4.0/,2022-09-26 08:06:45+00:00,Waste and Biomass Valorization 14(1): 297-307 (2023),(ICA) Artículos,True
28,28,28,35,464940,2023-12,2023,Collective and harmonized high throughput barcoding of insular arthropod biodiversity: Toward a Genomic Observatories Network for islands,http://hdl.handle.net/10261/279941,openAccess,artículo,Publisher's version,https://creativecommons.org/licenses/by-nc/4.0/,2022-09-27 09:39:56+00:00,Molecular Ecology 32(23): 6161-6176 (2023),(IMEDEA) Artículos,True
29,29,29,37,464959,2023-04,2023,Tracking contemporary microbial evolution in a changing ocean,http://hdl.handle.net/10261/279957,openAccess,artículo,Preprint,https://www.cell.com/rights-sharing-embargoes,2022-09-27 10:19:27+00:00,Trends in Microbiology 31(4): 336-345 (2023),(ICM) Artículos,True
30,30,30,38,465073,2023-01-15 00:00:00,2023,A chemometric study on the identification of 5-methylfurfural and 2-acetylfuran as particular volatile compounds of oxidized fish oil based on SHS-GC-IMS,http://hdl.handle.net/10261/280070,closedAccess,artículo,,,2022-09-28 11:09:58+00:00,Food Chemistry 399: 133991 (2023),(IG) Artículos,True
31,31,31,39,465242,2023,2023,Data from Does the temperature-size rule apply to marine protozoans after proper acclimation? [Dataset],http://hdl.handle.net/10261/280235,openAccess,dataset,,https://creativecommons.org/licenses/by/4.0/,2022-09-30 09:27:16+00:00,"Calbet, Albert; Saiz, Enric; 2023; Data from Does the temperature-size rule apply to marine protozoans after proper acclimation? [Dataset]; DIGITAL.CSIC; https://doi.org/10.20350/digitalCSIC/14754; http://hdl.handle.net/10261/280235",(ICM) Conjuntos de datos,True
32,32,32,40,465475,2023-09-30 00:00:00,2023,Neutrophil ?1 adrenergic receptor blockade blunts stroke-associated neuroinflammation,http://hdl.handle.net/10261/280498,openAccess,artículo,Postprint,,2022-10-05 10:05:07+00:00,British Journal of Pharmacology (2022),(CIB) Artículos,True
33,33,33,41,465698,2023-01-20 00:00:00,2023,Changes in soil organic matter molecular structure after five-years mimicking climate change scenarios in a Mediterranean savannah,http://hdl.handle.net/10261/281293,openAccess,artículo,Publisher's version,https://creativecommons.org/licenses/by-nc-nd/4.0/,2022-10-20 08:33:38+00:00,Science of The Total Environmen  (857) Part I: 159288 (2023),(IRNAS) Artículos,True
34,34,34,42,465711,2023-01-01 00:00:00,2023,"The association of COVID-19 incidence with temperature, humidity, and UV radiation – A global multi-city analysis",http://hdl.handle.net/10261/280692,closedAccess,artículo,,,2022-10-07 08:34:57+00:00,Science of the Total Environment 854: 158636 (2023),(PTI Salud Global) Colección Especial COVID-19,True
35,35,35,44,465807,2023-01-15 00:00:00,2023,Turning an invasive alien species into a valuable biomass: Anaerobic digestion of Rugulopteryx okamurae after thermal and new developed low-cost mechanical pretreatments,http://hdl.handle.net/10261/280780,embargoedAccess,artículo,Postprint,,2022-10-10 10:52:08+00:00,Science of the Total Environment 856 (1): 158914 (2023),(IG) Artículos,True
36,36,36,45,465858,2023,2023,Supervivencia y transformación de la industria azucarera en el este de Cuba al final del siglo xix,http://hdl.handle.net/10261/280828,openAccess,artículo,Publisher's version,https://creativecommons.org/licenses/by-nc/4.0/deed.es,2022-10-11 07:00:40+00:00,América Latina en la Historia Económica 30/1 (2023),(CCHS-IH) Artículos,True
37,37,37,46,465896,2023-01-01 00:00:00,2023,Comparison of different indirect approaches to design edible oleogels based on cellulose ethers,http://hdl.handle.net/10261/280873,openAccess,artículo,Publisher's version,https://creativecommons.org/licenses/by-nc-nd/4.0/,2022-10-11 10:10:40+00:00,Food Hydrocolloids 2023; 134: 108007,(IATA) Artículos,True
38,38,38,47,466567,2023-04,2023,Assessment of the humoral response to the homologous Gam-COVID-Vac (Sputnik V) or heterologous Sputnik V/mRNA-1273 (Moderna) vaccination against SARS-CoV-2 in dialysis patients,http://hdl.handle.net/10261/281503,closedAccess,artículo,,,2022-10-24 12:44:43+00:00,Journal of Nephrology 36: 861-872 (2023),(IBIS) Artículos,True
39,39,39,49,466616,2023-01,2023,Novel approaches to energize microbial biocatalysts,http://hdl.handle.net/10261/281553,openAccess,artículo,Publisher's version,,2022-10-25 09:20:57+00:00,Environmental Microbiology 25(1): 161-166 (2023),(CIB) Artículos,True
40,40,40,50,466632,2023-01-10 00:00:00,2023,"Neuronal lack of PDE7a disrupted working memory, spatial learning, and memory but facilitated cued fear memory in mice",http://hdl.handle.net/10261/281577,closedAccess,artículo,,,2022-10-25 11:25:11+00:00,Progress in Neuro-Psychopharmacology and Biological Psychiatry 120: 110655 (2023),(CIB) Artículos,True
41,41,41,51,466726,2023-08,2023,Coping with drought? Effects of extended drought conditions on soil invertebrate prey and diet selection by a fossorial amphisbaenian reptile,http://hdl.handle.net/10261/281656,openAccess,artículo,Publisher's version,http://creativecommons.org/licenses/by/4.0/,2022-10-26 12:26:32+00:00,Current Zoology 69(4): 367-376 (2023),(IBE) Artículos,True
42,42,42,53,466837,2023-01,2023,Microbial autotrophy explains large-scale soil CO2 fixation,http://hdl.handle.net/10261/281826,closedAccess,artículo,,,2022-10-28 11:13:32+00:00,Global Change Biology 29 (1) 231-242(2023),(IRNAS) Artículos,True
43,43,43,54,467045,2023,2023,"Tailoring structural, rheological and gelling properties of watermelon rind pectin by enzymatic treatments",http://hdl.handle.net/10261/281965,openAccess,artículo,Publisher's version,https://creativecommons.org/licenses/by-nc-nd/4.0/,2022-11-02 09:08:17+00:00,Food Hydrocolloids 135: 108119 (2023),(IATA) Artículos,True
44,44,44,56,467142,2023-03,2023,Long-lasting effects of harsh early-life conditions on adult survival of a long-lived vertebrate,http://hdl.handle.net/10261/282062,openAccess,artículo,Publisher's version,,2022-11-03 06:49:07+00:00,Oikos 3: e09371(2023),(IMEDEA) Artículos,True
45,45,45,58,467192,2023-08-18 00:00:00,2023,Informe sobre la situación del área de Antropología Social en las universidades y centros de investigación en relación con el reconocimiento de la actividad investigadora por parte de la CNEAI en forma de sexenios,http://hdl.handle.net/10261/282138,openAccess,artículo,,,2022-11-03 12:12:38+00:00,Disparidades 78(1): e002 (2023),(CCHS-IH) Informes y documentos de trabajo,True
46,46,46,59,467273,2023-01,2023,Soils in warmer & less developed countries have less micronutrients globally,http://hdl.handle.net/10261/282703,openAccess,artículo,Publisher's version,https://creativecommons.org/licenses/by/4.0/,2022-11-11 08:27:22+00:00,Global Change Biology 29 (2): 522-532 (2023),(ICA) Artículos,True
47,47,47,62,467538,2023-01-01 00:00:00,2023,Seasonal and diel patterns of biogenic volatile organic compound fluxes in a subarctic tundra,http://hdl.handle.net/10261/282443,openAccess,artículo,Publisher's version,,2022-11-08 07:31:53+00:00,Atmospheric Environment 292: 119430 (2023),(IDAEA) Artículos,True
48,48,48,63,467578,2023-01-01 00:00:00,2023,"Occurrence, data-based modelling, and risk assessment of emerging contaminants in an alluvial aquifer polluted by river recharge",http://hdl.handle.net/10261/282481,openAccess,artículo,Publisher's version,https://creativecommons.org/licenses/by-nc/4.0/,2022-11-08 09:20:42+00:00,"Environmental Pollution 316, Part 1: 120504 (2023)",(IDAEA) Artículos,True
49,49,49,65,467753,2023-03-01 00:00:00,2023,Physicochemical and microbiological assessment of commercial dehydrated black olives,http://hdl.handle.net/10261/282644,openAccess,artículo,Publisher's version,https://creativecommons.org/licenses/by-nc-nd/4.0/,2022-11-10 11:27:58+00:00,Food Control 145: 109417 (2023),(IG) Artículos,True
50,50,50,66,467765,2023-03-15 00:00:00,2023,Ketone-phenol reactions and the promotion of aromatizations by food phenolics,http://hdl.handle.net/10261/282654,openAccess,artículo,Publisher's version,https://creativecommons.org/licenses/by-nc-nd/4.0/,2022-11-10 12:09:49+00:00,Food Chemistry 404 (Part A): 134554 (2023),(IG) Artículos,True
51,51,51,67,467791,2023-01,2023,The influence of road networks on brown bear spatial distribution and habitat suitability in a human-modified landscape,http://hdl.handle.net/10261/282680,openAccess,artículo,Publisher's version,http://creativecommons.org/licenses/by-nc-nd/4.0/,2022-11-10 14:05:54+00:00,Journal of Zoology 319(1): 76-90 (2022),(IMIB) Artículos,True
52,52,52,69,467855,2023-01,2023,Temperature legacies predict microbial metabolic quotient across forest biomes,http://hdl.handle.net/10261/283301,closedAccess,artículo,,,2022-11-18 12:39:48+00:00,Global Change Biology 32 (1): 107-119 (2023),(IRNAS) Artículos,True
53,53,53,70,467973,2023,2023,Embracing postcolonial diversity? Music selection and affective formation in TAP Air Portugal’s in-flight entertainment system,http://hdl.handle.net/10261/282859,openAccess,capítulo de libro,Preprint,,2022-11-14 15:07:55+00:00,"Legacies of The Portuguese Colonial Empire: Nationalism, Multiculturalism and Citizenship",(INCIPIT) Libros y partes de libros,True
54,54,54,71,476114,2023-01-21 00:00:00,2023,Study of the performance and scalability of federated learning for  medical imaging with intermittent clients,http://hdl.handle.net/10261/283162,openAccess,artículo,Publisher's version,https://creativecommons.org/licenses/by/4.0/,2022-11-17 14:17:46+00:00,Neurocomputing 518: 142-154 (2023),(IFCA) Artículos,True
55,55,55,72,476301,2023-01,2023,"Methods to detect spatial biases in tracking studies caused by differential representativeness of individuals, populations and time",http://hdl.handle.net/10261/283345,openAccess,artículo,Publisher's version,http://creativecommons.org/licenses/by/4.0/,2022-11-21 09:34:15+00:00,Diversity and Distributions 29(1): 19-38 (2023),(CEAB) Artículos,True
56,56,56,75,476314,2023,2023,Frequency-dependent stimulated and post-stimulated voltage control of magnetism in transition metal nitrides: towards brain-inspired magneto-ionics,http://hdl.handle.net/10261/283373,openAccess,artículo,Publisher's version,https://creativecommons.org/licenses/by-nc/3.0/,2022-11-21 11:19:46+00:00,Materials Horizons 10(1): 88-96 (2023),(CIN2) Artículos,True
57,57,57,78,476413,2023,2023,A container-based workflow for distributed training of deep learning algorithms in HPC clusters,http://hdl.handle.net/10261/283443,openAccess,artículo,Publisher's version,http://creativecommons.org/licenses/by/4.0/,2022-11-22 09:51:16+00:00,Cluster Computing 26: 2815-2834 (2023),(IFCA) Artículos,True
58,58,58,79,476893,2023,2023,Legacy and emerging contaminants in flamingos' chicks' blood from the Ebro Delta Natural Park,http://hdl.handle.net/10261/283812,openAccess,artículo,Publisher's version,http://creativecommons.org/licenses/by-nc/4.0/,2022-11-25 10:22:35+00:00,Chemosphere 312(Part 1): 137205 (2023),(IREC) Artículos,True
59,59,59,81,476912,2023-02,2023,Plant and soil biodiversity is essential for supporting highly multifunctional forests during Mediterranean rewilding,http://hdl.handle.net/10261/284425,openAccess,artículo,,,2022-12-02 10:14:09+00:00,Functional Ecology 37 (2): 420-431 (2023),(IRNAS) Artículos,True
60,60,60,82,477039,2023-01-01 00:00:00,2023,A transversal approach to predict surface charge compensation in piezoelectric force microscopy,http://hdl.handle.net/10261/283937,openAccess,artículo,Publisher's version,https://creativecommons.org/licenses/by/4.0/,2022-11-28 11:26:41+00:00,Applied Surface Science 607: 154991 (2023),(ICMAB) Artículos,True
61,61,61,83,477048,2023-01,2023,The effect of Bi doping on the thermal conductivity of ZnO and ZnO:Al thin films,http://hdl.handle.net/10261/283943,openAccess,artículo,Publisher's version,https://creativecommons.org/licenses/by-nc-nd/4.0/,2022-11-28 11:43:37+00:00,Vacuum 207: 111572 (2023),(ICMAB) Artículos,True
62,62,62,84,477250,2023,2023,Assessment of grape volatile composition using fluorescence indices of leaves in vineyards affected by iron chlorosis,http://hdl.handle.net/10261/284140,openAccess,artículo,Publisher's version,https://creativecommons.org/licenses/by/4.0/,2022-11-29 19:11:43+00:00,Scientia Agricola 80: e20210250 (2023),(ICVV) Artículos,True
63,63,63,85,477264,2023,2023,Factors affecting survival and dispersal of the comma butterfly in a high mountain deciduous forest habitat,http://hdl.handle.net/10261/284153,openAccess,artículo,Publisher's version,,2022-11-30 07:48:36+00:00,Animal Biodiversity and Conservation 46(1) : 1-11 (2023),(CEAB) Artículos,True
64,64,64,86,477479,2023,2023,Drivers of behaviour and spatial ecology of the small-spotted catshark (Scyliorhinus canicula) [Poster],http://hdl.handle.net/10261/284363,openAccess,póster de congreso,,,2022-12-01 13:01:08+00:00,International Conference on Fish Telemetry (2023),(IIM) Comunicaciones congresos,True
65,65,65,87,477797,2023,2023,High-throughput sequencing as a tool for monitoring prokaryote communities in a wastewater treatment plant,http://hdl.handle.net/10261/284656,openAccess,artículo,Publisher's version,https://creativecommons.org/licenses/by-nc/4.0/,2022-12-12 12:03:40+00:00,Science of the Total Environment 861: 160531 (2023),(IIM) Artículos,True
66,66,66,88,477880,2023-02-28 00:00:00,2023,Effects of livestock overgrazing on the relationships between plant and microbial diversity across the temperate steppes in northern China,http://hdl.handle.net/10261/285068,closedAccess,artículo,,,2022-12-16 12:28:12+00:00,Land Degradation and Development 34 (4): 1197-1207 (2023),(IRNAS) Artículos,True
67,67,67,89,477945,2023-01,2023,La desconocida mortalidad de la población en las residencias de personas mayores de España,http://hdl.handle.net/10261/284792,openAccess,artículo,Publisher's version,https://creativecommons.org/licenses/by-nc-nd/4.0/,2022-12-14 08:43:14+00:00,Gaceta Sanitaria 37: 102261 (2023),(PTI Salud Global) Colección Especial COVID-19,True
68,68,68,91,477951,2023,2023,"Conflicting loyalties: Church freedom, pastoral care, and civil duties in Diego de Álava y Esquivel",http://hdl.handle.net/10261/284798,openAccess,capítulo de libro,Postprint,,2022-12-14 09:34:27+00:00,"Tubau Moreu, Xavier (ed.). Rethinking Catholicism in Renaissance Spain. Nueva York: Routledge: 57-87 (2023)",(CCHS-ILLA) Libros y partes de libros,True
69,69,69,92,477956,2023,2023,Introduction of Rethinking Catholicism in Renaissance Spain,http://hdl.handle.net/10261/284800,closedAccess,capítulo de libro,,,2022-12-14 09:45:01+00:00,"Tubau Moreu, Xavier (ed.). Rethinking Catholicism in Renaissance Spain. Nueva York: Routledge: 1-14 (2023)",(CCHS-ILLA) Libros y partes de libros,True
70,70,70,93,478050,2023,2023,Food peptides as inducers of CCK and GLP-1 secretion and GPCRs involved in enteroendocrine cell signalling,http://hdl.handle.net/10261/284897,openAccess,artículo,Postprint,,2022-12-15 07:58:29+00:00,Food Chemistry 402: 134225 (2023),(CIAL) Artículos,True
71,71,71,94,478123,2023-02,2023,On the path from xylem hydraulic failure to downstream cell death,http://hdl.handle.net/10261/284995,openAccess,artículo,Publisher's version,https://creativecommons.org/licenses/by-nc-nd/4.0/,2022-12-16 07:24:11+00:00,New Phytologist 237(3): 793-806 (2023),(IRNAS) Artículos,True
72,72,72,95,478149,2023,2023,La desafección por la carrera investigadora en matemáticas: diferencias entre hombres y mujeres,http://hdl.handle.net/10261/285009,openAccess,artículo,Publisher's version,Con autorización de la revista para autores CSIC,2022-12-16 08:22:45+00:00,"La Gaceta de la Real Sociedad Matemática Española, 26(1): 63–86 (2023)",(ICMAT) Artículos,True
73,73,73,97,478170,2023-01-01 00:00:00,2023,Aerobic respiration controls on shale weathering,http://hdl.handle.net/10261/285022,openAccess,artículo,Publisher's version,,2022-12-16 09:08:52+00:00,Geochimica et Cosmochimica Acta 340: 172-188 (2023),(IDAEA) Artículos,True
74,74,74,98,478184,2023-10-20 00:00:00,2023,MDF is a conserved splicing factor and modulates cell division and stress response in Arabidopsis,http://hdl.handle.net/10261/285062,openAccess,artículo,Publisher's version,https://creativecommons.org/ licenses/by/4.0/,2022-12-16 12:14:58+00:00,Life Science Alliance,(CIB) Artículos,True
75,75,75,99,478247,2023-01-01 00:00:00,2023,A biochemical and lipidomic approach to perceive Halimione portulacoides (L.) response to mercury: An environmental perspective,http://hdl.handle.net/10261/285106,embargoedAccess,artículo,Postprint,,2022-12-19 07:05:45+00:00,Marine Pollution Bulletin 186: 114393 (2023),(IDAEA) Artículos,True
76,76,76,100,478269,2023-02,2023,Migratory behaviour is positively associated with genetic diversity in butterflies,http://hdl.handle.net/10261/285121,openAccess,artículo,Publisher's version,https://creativecommons.org/licenses/by-nc/4.0/,2022-12-19 09:10:05+00:00,Molecular Ecology 32(3): 560–574 (2023),(IBE) Artículos,True
77,77,77,102,478272,2023,2023,Learning from arid and urban aquatic ecosystems to inform more sustainable and resilient futures,http://hdl.handle.net/10261/285128,closedAccess,artículo,,,2022-12-19 09:47:16+00:00,Journal of Hydrology 616 : 128841 (2023),(CEAB) Artículos,True
78,78,78,103,478313,2023-04,2023,RNA viruses alter house dust mite physiology and allergen production with no detected consequences for allergenicity,http://hdl.handle.net/10261/285175,openAccess,artículo,Publisher's version,,2022-12-19 12:17:54+00:00,Insect Molecular Biology 32(2): 173-186 (2023),(CIB) Artículos,True
79,79,79,104,478378,2023-03-01 00:00:00,2023,Stochastic inverse modeling of transient laboratory-scale three-dimensional two-phase core flooding scenarios,http://hdl.handle.net/10261/285227,embargoedAccess,artículo,Postprint,,2022-12-20 07:44:17+00:00,International Journal of Heat and Mass Transfer 202: 123716 (2023),(IDAEA) Artículos,True
80,80,80,105,478381,2023-02-01 00:00:00,2023,"The origin of groundwater salinity in the Matanza-Riachuelo aquifer system, Argentina",http://hdl.handle.net/10261/285232,embargoedAccess,artículo,Postprint,,2022-12-20 08:04:07+00:00,Groundwater for Sustainable Development 20: 100879 (2022),(IDAEA) Artículos,True
81,81,81,106,478402,2023-02-01 00:00:00,2023,New insights on the use of bill sheath as a biomonitoring tool for mercury in two kingfisher species: A comparison with different tissues,http://hdl.handle.net/10261/285251,openAccess,artículo,Publisher's version,,2022-12-20 09:11:51+00:00,Environmental Research 218: 114966 (2023),(IDAEA) Artículos,True
82,82,82,107,478405,2023-01,2023,An advection-reaction model of emerging contaminants in ground and surface waterbodies with known topology: a data-based approach,http://hdl.handle.net/10261/285252,openAccess,artículo,Publisher's version,,2022-12-20 09:24:58+00:00,MethodsX 10: 101948 (2023),(IDAEA) Artículos,True
83,83,83,108,478432,2023,2023,Milk lipids and their nutritional importance,http://hdl.handle.net/10261/285283,closedAccess,capítulo de libro,,,2022-12-20 10:49:28+00:00,Bioactive Lipids: 269-295 (2023),(CIAL) Libros y partes de libros,True
84,84,84,110,478443,2023,2023,Milk and dairy products,http://hdl.handle.net/10261/285296,closedAccess,capítulo de libro,,,2022-12-20 11:38:38+00:00,Encyclopedia of Human Nutrition: 479-491 (2023),(CIAL) Libros y partes de libros,True
85,85,85,111,478457,2023,2023,The wild plant Gnaphalium lavandulifolium as a sentinel for biomonitoring the effects of environmental heavy metals in the metropolitan area of México Valley,http://hdl.handle.net/10261/285321,openAccess,artículo,,,2022-12-20 13:03:12+00:00,Environmental Monitoring and Assessment 195: 195 (2023),(CIB) Artículos,True
86,86,86,112,478476,2023,2023,Susceptibility to milk fat depression in dairy sheep and goats: individual variation in ruminal fermentation and biohydrogenation,http://hdl.handle.net/10261/285330,openAccess,artículo,Publisher's version,https://creativecommons.org/licenses/by/4.0/,2022-12-20 13:37:32+00:00,"Journal of Dairy Science, 106, 245-256 (2023)",(IGM) Artículos,True
87,87,87,113,478487,2023-02,2023,Dual effect of the presence of fruits on leaf gas exchange and water relations of olive trees,http://hdl.handle.net/10261/286185,openAccess,artículo,Postprint,,2023-01-04 14:39:41+00:00,Tree Physiology  43 (2): 277–287 (2023,(IRNAS) Artículos,True
88,88,88,114,478488,2023-02-04 00:00:00,2023,The effect of nut growth limitation on triose phosphate utilization and downregulation of photosynthesis in almond,http://hdl.handle.net/10261/286718,openAccess,artículo,Postprint,,2023-01-13 08:22:28+00:00,Tree Physiology 43(2): 288-300 (2023),(IRNAS) Artículos,True
89,89,89,115,478796,2023-01-15 00:00:00,2023,Rationally designed antifungal protein chimeras reveal new insights into structure-activity relationship,http://hdl.handle.net/10261/285635,openAccess,artículo,Publisher's version,https://creativecommons.org/licenses/by-nc-nd/4.0/,2022-12-26 09:08:51+00:00,International Journal of Biological Macromolecules 225:135-148 (2023),(IBV) Artículos,True
90,90,90,117,478824,2023,2023,Structural and functional properties of alginate obtained by means of high hydrostatic pressure-assisted extraction,http://hdl.handle.net/10261/285657,openAccess,artículo,Publisher's version,https://creativecommons.org/licenses/by-nc-nd/4.0/,2022-12-26 13:28:41+00:00,Carbohydrate Polymers  299: 120175 (2023),(IATA) Artículos,True
91,91,91,119,478971,2023-01,2023,Bioaccumulation of CuO nanomaterials in rainbow trout: Influence of exposure route and particle shape,http://hdl.handle.net/10261/285866,openAccess,artículo,Publisher's version,https://creativecommons.org/licenses/by-nc-nd/4.0/,2022-12-29 14:41:49+00:00,Chemosphere 310: e136894 (2023),(INIA) Artículos,True
92,92,92,120,479075,2023-01,2023,Temperature as a likely driver shaping global patterns in mineralogical composition in bryozoans: implications for marine calcifiers under global change,http://hdl.handle.net/10261/285902,openAccess,artículo,Publisher's version,https://creativecommons.org/licenses/by/4.0/,2022-12-30 10:41:56+00:00,Ecography 2023(1): e06381 (2023),(ICM) Artículos,True
93,93,93,121,479098,2023-01,2023,Bifunctional carbazole derivatives for simultaneous therapy and fluorescence imaging in prion disease murine cell models,http://hdl.handle.net/10261/285938,openAccess,artículo,Publisher's version,https://creativecommons.org/licenses/by-nc-nd/4.0/,2022-12-30 13:14:07+00:00,European Journal of Medicinal Chemistry 245(Part 1): 114923 (2023),(CIB) Artículos,True
94,94,94,122,479219,2023-02-01 00:00:00,2023,Factors affecting pine processionary moth (Thaumetopoea pityocampa) incidence in Mediterranean pine stands: A multiscale approach,http://hdl.handle.net/10261/286038,openAccess,artículo,Publisher's version,https://creativecommons.org/licenses/by-nc-nd/4.0/,2023-01-03 10:54:23+00:00,Forest Ecology and Management 529: 120728 (2023),(CIB) Artículos,True
95,95,95,123,479302,2023-06,2023,"First detection of resistance to deltamethrin in Spanish populations of the Mediterranean fruit fly, Ceratitis capitata",http://hdl.handle.net/10261/286132,openAccess,artículo,Publisher's version,https://creativecommons.org/licenses/by/4.0/,2023-01-04 10:32:26+00:00,Journal of Pest Science 96: 1229-1242 (2023),(CIB) Artículos,True
96,96,96,124,479313,2023,2023,Effects of extending milk replacer feeding during the fattening period on the behaviour and welfare of lambs: A preliminary study,http://hdl.handle.net/10261/286124,openAccess,artículo,Publisher's version,https://creativecommons.org/licenses/by/4.0/,2023-01-04 10:17:37+00:00,Animals 13(1): 85 (2023),(CIAL) Artículos,True
97,97,97,125,479315,2023-01,2023,Intraspecific and Interstage Similarities in Host-Plant Preference in the Diamondback Moth (Lepidoptera: Plutellidae),http://hdl.handle.net/10261/286126,openAccess,artículo,Publisher's version,https://creativecommons.org/licenses/by/4.0/,2023-01-04 10:18:02+00:00,Horticulturae 9(1): 39 (2023),(ICA) Artículos,True
98,98,98,126,479316,2023-01-04 00:00:00,2023,Formic Acid Dehydrogenation over Ru- and Pd-Based Catalysts: Gas- vs. Liquid-Phase Reactions,http://hdl.handle.net/10261/286127,openAccess,artículo,,https://creativecommons.org/licenses/by/4.0/,2023-01-04 10:18:13+00:00,Materials 16(2): 472 (2023),(ICMS) Artículos,True
99,99,99,127,479328,2023-02,2023,Carbon monoxide stimulates both mitophagy and mitochondrial biogenesis to mediate protection against oxidative stress in astrocytes,http://hdl.handle.net/10261/286146,closedAccess,artículo,,,2023-01-04 11:39:50+00:00,Molecular Neurobiology 60: 851-863 (2023),(CIB) Artículos,True
100,100,100,128,479333,2023-01,2023,Abiotic plastic leaching contributes to ocean acidification,http://hdl.handle.net/10261/286149,openAccess,artículo,Publisher's version,https://creativecommons.org/licenses/by/4.0/,2023-01-04 11:49:25+00:00,Science of the Total Environment 854: 158683 (2023),(ICM) Artículos,True
101,101,101,129,479342,2023-01,2023,Development of epigenetic biomarkers with diagnostic and prognostic value to assess the lasting effects of early temperature changes in farmed fish,http://hdl.handle.net/10261/286163,openAccess,artículo,Publisher's version,https://creativecommons.org/licenses/by/4.0/,2023-01-04 12:20:54+00:00,Aquaculture 563: 738918 (2023),(ICM) Artículos,True
102,102,102,130,479389,2023-01,2023,Diazotrophs are overlooked contributors to carbon and nitrogen export to the deep ocean,http://hdl.handle.net/10261/286218,openAccess,artículo,Publisher's version,https://creativecommons.org/licenses/by/4.0/,2023-01-05 10:31:39+00:00,ISME Journal - International Society for Microbial Ecology 17: 47-58 (2023),(ICM) Artículos,True
103,103,103,131,479419,2023-01,2023,Microbial communities mediating net methylmercury formation along a trophic gradient in a peatland chronosequence,http://hdl.handle.net/10261/286246,openAccess,artículo,Publisher's version,https://creativecommons.org/licenses/by/4.0/,2023-01-05 11:33:45+00:00,Journal of Hazardous Materials 442: 130057 (2023),(ICM) Artículos,True
104,104,104,132,479437,2023-01-26 00:00:00,2023,Synthesis and biological evaluation of C(13)/C(13?)-Bis(desmethyl)disorazole?Z**,http://hdl.handle.net/10261/286250,openAccess,artículo,Publisher's version,https://creativecommons.org/licenses/by-nc-nd/4.0/,2023-01-05 11:39:01+00:00,Angewandte Chemie International Edition 62(5):  e20221219 (2023),(CIB) Artículos,True
105,105,105,133,479445,2023-01,2023,The Jelly-FAD: A paradigm shift in the design of biodegradable Fish Aggregating Devices,http://hdl.handle.net/10261/286268,openAccess,artículo,Publisher's version,https://creativecommons.org/licenses/by/4.0/,2023-01-05 12:26:33+00:00,Marine Policy 147: 105352 (2023),(ICM) Artículos,True
106,106,106,134,479455,2023-07-26 00:00:00,2023,Alzheimer’s-associated upregulation of mitochondria-associated ER membranes after traumatic brain injury,http://hdl.handle.net/10261/286270,openAccess,artículo,Publisher's version,https://creativecommons.org/licenses/by/4.0/,2023-01-05 12:34:29+00:00,Cellular and Molecular Neurobiology 43: 2219-2241 (2023),(CIB) Artículos,True
107,107,107,135,479490,2023-01-03 00:00:00,2023,Dataset related to a study to identify genomic regions in susceptibility to Schistosoma mansoni infection in a murine backcross,http://hdl.handle.net/10261/286294,openAccess,dataset,,https://creativecommons.org/licenses/by/4.0/,2023-01-09 10:56:02+00:00,"Hernández-Goenaga, Juan; López-Abán, Julio; Blanco-Gómez, Adrián; Vicente, Belén; Burguillo, Francisco J.; Pérez-Losada, J.; Muro, Antonio; 2023; Dataset related to a study to identify genomic regions in susceptibility to Schistosoma mansoni infection in a murine backcross [Dataset]; DIGITAL.CSIC; https://doi.org/10.20350/digitalCSIC/15081",(IBMCC) Conjuntos de datos,True
108,108,108,136,479494,2023,2023,Acrylamide bioaccessibility in potato and veggie chips. Impact of in vitro colonic fermentation on the non-bioaccessible fraction,http://hdl.handle.net/10261/286288,openAccess,artículo,Postprint,https://creativecommons.org/licenses/by-nc-nd/4.0/,2023-01-09 10:31:12+00:00,Food Research International 164: 112409 (2023),(ICTAN) Artículos,True
109,109,109,137,479495,2023,2023,Formation of process contaminants in commercial and homemade deep-fried breadcrumbs,http://hdl.handle.net/10261/286291,openAccess,artículo,Publisher's version,https://creativecommons.org/licenses/by-nc-nd/4.0/,2023-01-09 10:44:34+00:00,Food Research International 164: 112357 (2023),(ICTAN) Artículos,True
110,110,110,138,479524,2023-03-01 00:00:00,2023,"Posidonia bonsai: Dwarf Posidonia oceanica shoots associated to hydrothemal vent systems (Panarea Island, Italy)",http://hdl.handle.net/10261/286318,openAccess,artículo,Preprint,,2023-01-09 12:38:53+00:00,Aquatic Botany 185: 103611 (2023),(IEO) Artículos,True
111,111,111,139,479580,2023,2023,From Basic to Applied Science: The Case of the Differential Outcomes Procedure,http://hdl.handle.net/10261/286368,openAccess,artículo,Publisher's version,https://creativecommons.org/licenses/by/4.0/,2023-01-10 08:27:17+00:00,Psicologica 44(2): e15258  (2023),Psicológica Journal,True
112,112,112,140,479584,2023,2023,"Perceptions of capacity, fatigue, and their psychophysics: Examining construct equivalence and the relationship between actual capacity and perception of capacity during resisted elbow flexion tasks",http://hdl.handle.net/10261/286371,openAccess,artículo,Publisher's version,https://creativecommons.org/licenses/by-nc-sa/4.0/,2023-01-10 08:51:44+00:00,Psicologica 44(2): e15498 (2023),Psicológica Journal,True
113,113,113,141,479585,2023-02-01 00:00:00,2023,Study of modern Chinese cloisonné by means of small-spot energy dispersive X-ray fluorescence spectrometry and Raman spectroscopy,http://hdl.handle.net/10261/286372,openAccess,artículo,Publisher's version,,2023-01-10 08:52:25+00:00,Spectrochimica Acta Part B: Atomic Spectroscopy 200: 106594 (2023),(IDAEA) Artículos,True
114,114,114,142,479594,2023-01,2023,"Gene expression and biochemical patterns in the digestive gland of the mussel Mytilus galloprovincialis (Lamarck, 1819) exposed to 17?-ethinylestradiol",http://hdl.handle.net/10261/286380,embargoedAccess,artículo,Postprint,,2023-01-10 09:07:45+00:00,Aquatic Toxicology 254: 106376 (2023),(IDAEA) Artículos,True
115,115,115,143,479599,2023-01-09 00:00:00,2023,Soil biodiversity supports the delivery of multiple ecosystem functions in urban greenspaces,http://hdl.handle.net/10261/286742,openAccess,artículo,Postprint,,2023-01-13 11:38:28+00:00,Nature Ecology and Evolution 7: 113-126 (2023),(ICA) Artículos,True
116,116,116,149,479601,2023-01-01 00:00:00,2023,Formation of magnesium silicate hydrate (M-S-H) at pH 10 and 50°C in open-flow systems,http://hdl.handle.net/10261/286385,openAccess,artículo,Publisher's version,,2023-01-10 09:25:26+00:00,Applied Geochemistry 148: 105544 (2022),(IDAEA) Artículos,True
117,117,117,150,479608,2023-01-01 00:00:00,2023,Documenting the impacts of increasing salinity in freshwater and coastal ecosystems: Introduction to the special issue,http://hdl.handle.net/10261/286391,openAccess,artículo,Publisher's version,,2023-01-10 09:46:51+00:00,Limnology and Oceanography Letters (2023),(IDAEA) Artículos,True
118,118,118,151,479614,2023-01-31 00:00:00,2023,APLF and long non-coding RNA NIHCOLE promote stable DNA synapsis in non-homologous end joining,http://hdl.handle.net/10261/286401,openAccess,artículo,Publisher's version,http://creativecommons.org/licenses/by-nc-nd/4.0/,2023-01-10 10:25:03+00:00,Cell Reports 42: 111917 (2023),(CNB) Artículos,True
119,119,119,152,479615,2023-12,2023,High-throughput discovery of novel small-molecule inhibitors of acid Ceramidase,http://hdl.handle.net/10261/286397,openAccess,artículo,Publisher's version,,2023-01-10 10:14:49+00:00,Journal of Enzyme Inhibition and Medicinal Chemistry  38 (1) (2023),(IQAC) Artículos,True
120,120,120,153,479630,2023-01-04 00:00:00,2023,Material for N2O decomposition,http://hdl.handle.net/10261/286410,openAccess,solicitud de patente,,,2023-01-10 10:50:58+00:00,EP4112163 A1,(ICP) Patentes,True
121,121,121,154,479663,2023,2023,Adverse (geno)toxic effects of bisphenol A and its analogues in hepatic 3D cell model,http://hdl.handle.net/10261/286440,openAccess,artículo,Publisher's version,https://creativecommons.org/licenses/by-nc-nd/4.0/,2023-01-10 12:18:46+00:00,Environment International 171: 107721 (2023),(IIM) Artículos,True
122,122,122,155,479677,2023,2023,Effects of high temperature and marine heat waves on seagrasses: Is warming affecting the nutritional value of Posidonia oceanica?,http://hdl.handle.net/10261/286454,openAccess,artículo,Publisher's version,https://creativecommons.org/licenses/by-nc-nd/4.0/,2023-01-10 12:41:05+00:00,Marine Environmental Research 184: 105854 (2023),(IIM) Artículos,True
123,123,123,156,479682,2023-01-09 00:00:00,2023,"Cultura, arte y política en equidad",http://hdl.handle.net/10261/286480,closedAccess,artículo,,,2023-01-10 15:41:47+00:00,"Zenda. Autores, libros y compañía (2023)",(EEHA) Artículos,True
124,124,124,157,479683,2023,2023,Definition of the symbiovar viciae in the species Rhizobium azibense and biogeographic implications,http://hdl.handle.net/10261/286460,openAccess,artículo,Publisher's version,https://creativecommons.org/licenses/by/4.0/,2023-01-10 12:56:58+00:00,Archives of Microbiology 205(1): 18 (2023),(IRNASA) Artículos,True
125,125,125,158,479732,2023-01-04 00:00:00,2023,Trace metal fate in soil after application of digestate originating from the anaerobic digestion of non-source-separated organic fraction of municipal solid waste,http://hdl.handle.net/10261/286514,openAccess,artículo,Publisher's version,https://creativecommons.org/licenses/by/4.0/,2023-01-11 08:47:42+00:00,Frontiers in Environmental Science 10: 1007390 (2023),(IG) Artículos,True
126,126,126,159,479746,2023-05-01 00:00:00,2023,"Sandy seepage faces as bioactive nitrate reactors: Biogeochemistry, microbial ecology and metagenomics",http://hdl.handle.net/10261/286518,openAccess,artículo,Publisher's version,https://creativecommons.org/licenses/by-nc-nd/4.0/,2023-01-11 09:22:40+00:00,Geoscience Frontiers 14(3): 101529 (2023),(IIM) Artículos,True
127,127,127,160,479748,2023,2023,Brain derived neurotrophic factor (BDNF) polymorphisms and memory in healthy adults with university education,http://hdl.handle.net/10261/286519,openAccess,artículo,Publisher's version,https://creativecommons.org/licenses/by/4.0/,2023-01-11 09:34:08+00:00,Psicologica 44(2): e15431 (2023),Psicológica Journal,True
128,128,128,161,479751,2023,2023,"Spatial and temporal variation of methane emissions in the coastal Balearic Sea, Western Mediterranean",http://hdl.handle.net/10261/286526,openAccess,artículo,Publisher's version,https://creativecommons.org/licenses/by-nc-nd/4.0/,2023-01-11 09:57:29+00:00,Science of the Total Environment 865: 161249 (2023),(IIM) Artículos,True
129,129,129,163,479753,2023,2023,M2ex project. Trace metal fate in soil after application of digestate originating from the anaerobic digestion of non-source-separated organic fraction of municipal solid waste [Dataset],http://hdl.handle.net/10261/286541,openAccess,dataset,,,2023-01-11 11:13:14+00:00,"Baldasso, Veronica; Bonet-Garcia, Neus; Sayen, Stéphanie; Guillon, Emmanuel; Frunzo, Luigi; Gomes, Carlos A. R.; Alves, Maria João; Castro, Ricardo; Mucha, Ana Paula;  Almeida, C. Marisa R.; 2023; ""Trace metal fate in soil after application of digestate originating from the anaerobic digestion of non-source-separated organic fraction of municipal solid waste [Dataset]""; DIGITAL.CSIC; http://dx.doi.org/10.13039/501100000780",(IG) Conjuntos de datos,True
130,130,130,164,479767,2023-01-11 00:00:00,2023,Let’s go beyond “the effect of”: reappraising the impact of ordinary activities on cognition [Annotation],http://hdl.handle.net/10261/286639,openAccess,comentario,,http://creativecommons.org/licenses/by/4.0/,2023-01-12 09:56:48+00:00,"Román-Caballero, Rafael, Let’s go beyond “the effect of”: reappraising the impact of ordinary activities on cognition [Annotation], No disponible, No disponible, http://hdl.handle.net/10261/286639",OPRM: Open Comments,True
131,131,131,165,479768,2023-03-01 00:00:00,2023,Microbial engineering strategies for synthetic microplastics clean up: A review on recent approaches,http://hdl.handle.net/10261/286537,embargoedAccess,artículo,Postprint,,2023-01-11 10:52:16+00:00,Environmental Toxicology and Pharmacology 98: 104045 (2023),(IDAEA) Artículos,True
132,132,132,166,479769,2023-01-11 00:00:00,2023,Let’s go beyond “the effect of”: reappraising the impact of ordinary activities on cognition [Annotation],http://hdl.handle.net/10261/286640,openAccess,comentario,,http://creativecommons.org/licenses/by/4.0/,2023-01-12 09:57:40+00:00,"Román-Caballero, Rafael, Let’s go beyond “the effect of”: reappraising the impact of ordinary activities on cognition [Annotation], No disponible, No disponible, http://hdl.handle.net/10261/286640",OPRM: Open Comments,True
133,133,133,167,479770,2023-01-01 00:00:00,2023,Degradation of viral RNA in wastewater complex matrix models and other standards for wastewater-based epidemiology: A review,http://hdl.handle.net/10261/286538,embargoedAccess,artículo,Postprint,,2023-01-11 10:55:52+00:00,TrAC Trends in Analytical Chemistry 158: 116890 (2023),(IDAEA) Artículos,True
134,134,134,168,479783,2023-03,2023,Adding Biochar to a Fertile Temperate Soil Has No Impact on the Growth and Very Little on the Quality of Sunflower (Helianthus annuus L.) and Ancient and Modern Wheat Varieties (Triticum spp.),http://hdl.handle.net/10261/286728,embargoedAccess,artículo,Postprint,,2023-01-13 09:31:23+00:00,Journal of Soil Science and Plant Nutrition 23(1): 953-964 (2023),(ICA) Artículos,True
135,135,135,170,479812,2023-01,2023,Shaping of deep scattering layers by the seascape dynamics in the Canary islands,http://hdl.handle.net/10261/286589,openAccess,artículo,Postprint,,2023-01-11 13:06:17+00:00,Progress in Oceanography 210: 102953 (2023),(IEO) Artículos,True
136,136,136,171,479827,2023-01-09 00:00:00,2023,Full protection from SARS-CoV-2 brain infection and damage in susceptible transgenic mice conferred by MVA-CoV2-S vaccine candidate,http://hdl.handle.net/10261/286599,openAccess,artículo,Postprint,https://creativecommons.org/licenses/by/4.0/,2023-01-11 13:47:00+00:00,Nature Neuroscience (2023),(CNB) Artículos,True
137,137,137,174,479831,2023-01-11 00:00:00,2023,"Long-term monitoring in the biometrics of the red-swamp crayfish (Procambarus clarkii, Girard 1852) in Doñana Wetlands 2004-2022",http://hdl.handle.net/10261/286602,openAccess,dataset,,https://creativecommons.org/licenses/by/4.0/,2023-01-11 14:21:43+00:00,"Bravo, Miguel A.; Andreu, Ana C.; Román, Isidro; Arribas, Rosa; Márquez-Ferrando, Rocío; Díaz-Delgado, Ricardo; Bustamante, Javier; 2023; Long-term monitoring in the biometrics of the red-swamp crayfish (Procambarus clarkii, Girard 1852) in Doñana Wetlands 2004-2022 [Dataset]; DIGITAL.CSIC; https://doi.org/10.20350/digitalCSIC/15085",(EBD) ICTS Reserva Biológica de Doñana,True
138,138,138,176,479864,2023,2023,Surface productivity gradients govern changes in the viability of deep ocean prokaryotes across the tropical and subtropical Atlantic,http://hdl.handle.net/10261/286634,openAccess,artículo,Publisher's version,https://creativecommons.org/licenses/by-nc/4.0/,2023-01-12 09:36:27+00:00,Limnology and Oceanography 68(1): 56-69 (2023),(IIM) Artículos,True
139,139,139,178,479873,2023,2023,Group size varies with climate and oceanographic conditions in bottlenose dolphins,http://hdl.handle.net/10261/286642,openAccess,artículo,Postprint,,2023-01-12 10:03:51+00:00,Marine Biology 170(1): 7 (2023),(IIM) Artículos,True
140,140,140,179,479882,2023-01-12 00:00:00,2023,The Role of the Physical Environment and Size of Objects in Length Estimation [Annotation],http://hdl.handle.net/10261/286722,openAccess,comentario,,http://creativecommons.org/licenses/by/4.0/,2023-01-13 08:48:52+00:00,"Autor desconocido, Sin título, No disponible, No disponible, No disponible",OPRM: Open Comments,True
141,141,141,180,479883,2023-01-12 00:00:00,2023,The Role of the Physical Environment and Size of Objects in Length Estimation [Annotation],http://hdl.handle.net/10261/286723,openAccess,comentario,,http://creativecommons.org/licenses/by/4.0/,2023-01-13 08:49:21+00:00,"Giakoumi, Maria, The Role of the Physical Environment and Size of Objects in Length Estimation [Annotation], No disponible, No disponible, http://hdl.handle.net/10261/286723",OPRM: Open Comments,True
142,142,142,181,479908,2023-01-10 00:00:00,2023,Nitrogen assimilation and photorespiration become more efficient under chloride nutrition as a beneficial macronutrient,http://hdl.handle.net/10261/286735,openAccess,artículo,Publisher's version,https://creativecommons.org/licenses/by/4.0/,2023-01-13 10:56:19+00:00,Frontiers in Plant Science 13: 058774 (2023),(IRNAS) Artículos,True
143,143,143,182,479913,2023-01-13 00:00:00,2023,Dataset from Overwinter users of nest cavities affect breeding birds via nest-dwelling ectoparasites,http://hdl.handle.net/10261/286682,openAccess,dataset,,https://creativecommons.org/licenses/by/4.0/,2023-01-12 12:49:26+00:00,"García-Núñez, Antonio José; Tomás, Gustavo; Zamora-Muñoz, Carmen; Valera, Francisco; Soler, Juan José; 2023; Dataset from Overwinter users of nest cavities affect breeding birds via nest-dwelling ectoparasites [Dataset]; DIGITAL.CSIC; https://doi.org/10.20350/digitalCSIC/15087",(EEZA) Conjuntos de datos,True
144,144,144,183,479941,2023-01-01 00:00:00,2023,"Characterization of sunflower seed and oil wax ester composition by GC/MS, a final evaluation",http://hdl.handle.net/10261/286705,openAccess,artículo,Publisher's version,https://creativecommons.org/licenses/by-nc-nd/4.0/,2023-01-12 14:52:37+00:00,LWT - Food Science and Technology 173: 114365 (2023),(IG) Artículos,True
145,145,145,184,479945,2023-05-30 00:00:00,2023,A GC/MS method for the rapid determination of disaturated triacylglycerol positional isomers,http://hdl.handle.net/10261/286708,openAccess,artículo,Publisher's version,https://creativecommons.org/licenses/by-nc-nd/4.0/,2023-01-12 15:13:59+00:00,Food Chemistry 409: 135291 (2023),(IG) Artículos,True
146,146,146,185,479951,2023-02,2023,Warmer and drier ecosystems select for smaller bacterial genomes in global soils,http://hdl.handle.net/10261/286768,openAccess,artículo,Publisher's version,https://creativecommons.org/licenses/by/4.0/,2023-01-13 13:20:27+00:00,iMeta 2(1): e70 (2023),(IRNAS) Artículos,True
147,147,147,186,479956,2023-02,2023,Engineering a Highly Regioselective Fungal Peroxygenase for the Synthesis of Hydroxy Fatty Acids,http://hdl.handle.net/10261/287208,openAccess,artículo,Publisher's version,https://creativecommons.org/licenses/by/4.0/,2023-01-20 10:18:51+00:00,Angewandte Chemie International Edition  62 (9): e202217372 (2023),(ICP) Artículos,True
148,148,148,189,479960,2023-01-13 00:00:00,2023,Grazing intensity alters the plant diversity-ecosystem carbon storage relationship in rangelands across topographic and climatic gradients,http://hdl.handle.net/10261/287246,openAccess,artículo,Preprint,,2023-01-20 12:11:37+00:00,Functional Ecology 27 (3): 703-718 (2023),(IRNAS) Artículos,True
149,149,149,190,479963,2023-01-11 00:00:00,2023,Visita de los alumnos del Master Science CIHEAM –“Gestión sostenible y gobernanza del agua en el medio natural y agrario 2022-2023” a la Biblioteca de la EEAD-CSIC:  e-Recursos de información accesibles. Especial atención a las Bases de datos Web of Science (WoS) y Dimensions y a la accesibilidad a los documentos finales a texto completo (11 enero 2023),http://hdl.handle.net/10261/286732,openAccess,trabajo de divulgación,Publisher's version,https://creativecommons.org/licenses/by-nc-nd/4.0/,2023-01-13 10:16:53+00:00,"Martínez Giménez, José Carlos, Castán Larramona, María José, Visita de los alumnos del Master Science CIHEAM –“Gestión sostenible y gobernanza del agua en el medio natural y agrario 2022-2023” a la Biblioteca de la EEAD-CSIC:  e-Recursos de información accesibles. Especial atención a las Bases de datos Web of Science (WoS) y Dimensions y a la accesibilidad a los documentos finales a texto completo (11 enero 2023), No disponible, No disponible, http://hdl.handle.net/10261/286732",(EEAD) Material de divulgación,True
150,150,150,191,479972,2023-01,2023,"Nutritional composition of green asparagus (Asparagus officinalis L.), edible part and by-products, and assessment of their effect on the growth of human gut-associated bacteria",http://hdl.handle.net/10261/286736,openAccess,artículo,Publisher's version,https://creativecommons.org/licenses/by-nc-nd/4.0/,2023-01-13 10:59:34+00:00,Food Research International 163: 112284 (2023),(IG) Artículos,True
151,151,151,192,479973,2023-03-01 00:00:00,2023,Assessing Listeria monocytogenes growth during Spanish-style green table olive fermentation,http://hdl.handle.net/10261/286739,closedAccess,artículo,,,2023-01-13 11:25:31+00:00,Food Control  145: 109489 (2023),(IG) Artículos,True
152,152,152,193,479978,2023-02,2023,"Modelling the impacts of cover crop management strategies on the water use, carbon exchange and yield of olive orchards",http://hdl.handle.net/10261/286748,openAccess,artículo,Postprint,,2023-01-13 12:01:37+00:00,Journal of Forestry Research 34: 283-295 (2023),(IAS) Artículos,True
153,153,153,194,479979,2023-01,2023,Memoria 2021 (ILC),http://hdl.handle.net/10261/286749,openAccess,trabajo de divulgación,Publisher's version,,2023-01-13 12:04:40+00:00,"CSIC - Instituto de Lenguas y Culturas del Mediterráneo y Oriente Próximo (ILC), Memoria 2021 (ILC), No disponible, https://doi.org/10.20350/digitalCSIC/16982, http://hdl.handle.net/10261/286749",(CCHS-ILC) Memorias,True
154,154,154,195,479987,2023-01-15 00:00:00,2023,Effect of metals on mesophilic anaerobic digestion of strawberry extrudate in batch mode,http://hdl.handle.net/10261/286762,openAccess,artículo,Publisher's version,https://creativecommons.org/licenses/by/4.0/,2023-01-13 12:55:13+00:00,"Journal of Environmental Management 326, Part B:  116783 (2023)",(IG) Artículos,True
155,155,155,196,479990,2023-01-12 00:00:00,2023,"Intelectuales, escritoras, creadoras y autodidactas: la ciencia desde una perspectiva de igualdad y género",http://hdl.handle.net/10261/286776,closedAccess,entrada de blog,,,2023-01-13 16:05:42+00:00,eldiario.es (2023),(EEHA) Artículos,True
156,156,156,197,479991,2023-01,2023,Soilborne pathogens affect strawberry fruit flavor and quality,http://hdl.handle.net/10261/286766,closedAccess,artículo,,,2023-01-13 13:19:23+00:00,Plant science 326: 111533 (2023),(IG) Artículos,True
157,157,157,198,480018,2023-01-01 00:00:00,2023,Isotopic Mass Spectrometry in Food and Environmental Chemistry,http://hdl.handle.net/10261/286793,embargoedAccess,capítulo de libro,Postprint,,2023-01-16 09:00:50+00:00,Mass Spectrometry in Food and Environmental Chemistry 99–125 (2023),(IDAEA) Libros y partes de libros,True
158,158,158,199,480034,2023-01-15 00:00:00,2023,Stable Organic Radical for Enhancing Metal–Monolayer–Semiconductor Junction Performance,http://hdl.handle.net/10261/286811,openAccess,artículo,Postprint,,2023-01-16 10:14:18+00:00,ACS Applied Materials and Interfaces: 10.1021/acsami.2c15690 (2022),(ICMAB) Artículos,True
159,159,159,200,480061,2023-03,2023,On the superposition of multipolar spherical and cylindrical oscillations in swirling rigid flow,http://hdl.handle.net/10261/286836,openAccess,artículo,Publisher's version,https://creativecommons.org/licenses/by/4.0/,2023-01-16 11:12:18+00:00,European Journal of Mechanics - B - Fluids 98: 247-252 (2023),(ICM) Artículos,True
160,160,160,201,480069,2023-01,2023,La actividad científica del CSIC a través de sus publicaciones (WoS 2017-2021),http://hdl.handle.net/10261/286844,openAccess,informe técnico,,https://creativecommons.org/licenses/by-nc-nd/4.0/,2023-01-16 11:32:09+00:00,"Bordons, María, Morillo, Fernanda, De Filippo, Daniela, Moreno, Luz, González-Albo, Borja, La actividad científica del CSIC a través de sus publicaciones (WoS 2017-2021), No disponible, https://doi.org/10.20350/digitalCSIC/15088, http://hdl.handle.net/10261/286844",(CCHS) Informes y documentos de trabajo,True
161,161,161,203,480130,2023-01,2023,Linking the Interatomic Exchange-Correlation Energy to Experimental J?Coupling Constants,http://hdl.handle.net/10261/286870,openAccess,artículo,Publisher's version,,2023-01-16 12:26:55+00:00,The Journal of Physical Chemistry A (2023),(IQM) Artículos,True
162,162,162,204,480139,2023-03,2023,Dark fermentation and microalgae cultivation coupled systems: Outlook and challenges,http://hdl.handle.net/10261/286875,closedAccess,artículo,,,2023-01-16 12:36:35+00:00,Science of the Total Environment 865:  161136 (2023),(IG) Artículos,True
163,163,163,205,480143,2023-01,2023,Immunity elicited by AMP-encoding plasmids fails to increase the protection of European sea bass against nodavirus,http://hdl.handle.net/10261/286891,openAccess,artículo,Publisher's version,,2023-01-16 13:47:53+00:00,Fish and Shellfish Immunology 132: 108507 (2023),(IEO) Artículos,True
164,164,164,206,480147,2023-02,2023,Enhanced wastewater bioremediation by a sulfur-based copolymer as scaffold for microalgae immobilization (AlgaPol),http://hdl.handle.net/10261/286879,openAccess,artículo,Publisher's version,https://creativecommons.org/licenses/by/4.0/,2023-01-16 12:55:17+00:00,Chemosphere 315: 137761 (2023),(IG) Artículos,True
165,165,165,207,480151,2023,2023,Asparagus Fructans as Emerging Prebiotics,http://hdl.handle.net/10261/286885,openAccess,artículo,Publisher's version,https://creativecommons.org/licenses/by/4.0/,2023-01-16 13:20:24+00:00,Foods 12 (1): 81 (2023),(CABD) Artículos,True
166,166,166,209,480161,2023-01,2023,"TNF and IL6/Jak2 signaling pathways are the main contributors of the glia-derived neuroinflammation present in Lafora disease, a fatal form of progressive myoclonus epilepsy",http://hdl.handle.net/10261/286893,openAccess,artículo,Publisher's version,http://creativecommons.org/licenses/by/4.0/,2023-01-16 14:20:13+00:00,Neurobiology of Disease 176:105964 (2023),(IBV) Artículos,True
167,167,167,210,480182,2023,2023,"Computational models, educational implications, and methodological innovations: The realm of visual word recognition",http://hdl.handle.net/10261/286903,openAccess,artículo,Publisher's version,https://creativecommons.org/licenses/by/4.0/,2023-01-16 17:28:16+00:00,Psicologica 44(2): e15259 (2023),Psicológica Journal,True
168,168,168,211,480183,2023,2023,Celebrity worshipers' attentional bias toward idol faces: Evidence from empirical studies,http://hdl.handle.net/10261/286904,openAccess,documento de trabajo,Preprint,,2023-01-16 17:41:57+00:00,"Zhou, Tingzhi, Li, Wanyue, Celebrity worshipers' attentional bias toward idol faces: Evidence from empirical studies, No disponible, No disponible, http://hdl.handle.net/10261/286904",Psicológica Journal,True
169,169,169,212,480184,2023-01-02 00:00:00,2023,Occurrence and fate of contaminants of emerging concern and their transformation products after uptake by pak choi (Brassica rapa subsp. chinensis),http://hdl.handle.net/10261/286905,openAccess,artículo,Publisher's version,,2023-01-17 06:29:16+00:00,Environmental Pollution 319: 120958 (2023),(IDAEA) Artículos,True
170,170,170,213,480185,2023-03-05 00:00:00,2023,"Microplastics as an underestimated emerging contaminant in solid organic waste and their biological products: Occurrence, fate and ecological risks",http://hdl.handle.net/10261/286906,embargoedAccess,artículo,Postprint,,2023-01-17 06:37:28+00:00,Journal of Hazardous Materials Volume 445: 130596 (2023),(IDAEA) Artículos,True
171,171,171,214,480186,2023-01-01 00:00:00,2023,Editorial to the Special Issue: Mixing in Porous Media,http://hdl.handle.net/10261/286907,openAccess,artículo,Postprint,,2023-01-17 06:47:53+00:00,Transport in Porous Media (2023),(IDAEA) Artículos,True
172,172,172,215,480187,2023-01,2023,"Applied multivariate statistical analysis as a tool for assessing groundwater reactions in the Niebla-Posadas aquifer, Spain",http://hdl.handle.net/10261/286908,openAccess,artículo,Publisher's version,http://creativecommons.org/licenses/by/4.0/,2023-01-17 06:51:47+00:00,Hydrogeology Journal 31: 21–553 (2023),(IDAEA) Artículos,True
173,173,173,217,480192,2023-01-13 00:00:00,2023,Controlled evolution of three-dimensional magnetic states in strongly coupled cylindrical nanowire pairs,http://hdl.handle.net/10261/286913,openAccess,artículo,Publisher's version,http://creativecommons.org/licenses/by/4.0,2023-01-17 07:36:30+00:00,Nanotechnology 34(12): 125301 (2023),(INMA) Artículos,True
174,174,174,218,480201,2023-01,2023,Low-intensity continuous ultrasound to inhibit cancer cell migration,http://hdl.handle.net/10261/286927,openAccess,artículo,Publisher's version,https://creativecommons.org/licenses/by/4.0/,2023-01-17 09:21:56+00:00,Frontiers in Cell and Developmental Biology 10: 842965 (2023),(ITEFI) Artículos,True
175,175,175,220,480215,2023-01-02 00:00:00,2023,"Zein Nanoparticles Containing Arginine-Phenylalanine-Based Surfactants: Stability, Antimicrobial and Hemolytic Activity",http://hdl.handle.net/10261/286929,openAccess,artículo,Publisher's version,,2023-01-17 09:22:45+00:00,Nanomaterials 13 (1): 200 (2023),(IQAC) Artículos,True
176,176,176,221,480226,2023-01-10 00:00:00,2023,P-Rex1 is a novel substrate of the E3 ubiquitin ligase Malin associated with Lafora disease,http://hdl.handle.net/10261/286938,openAccess,artículo,Publisher's version,http://creativecommons.org/licenses/by/4.0/,2023-01-17 10:04:47+00:00,Neurobiology of Disease 177:105998 (2023),(IBV) Artículos,True
177,177,177,222,480265,2023,2023,Method for the analysis of volatile compounds in virgin olive oil by SPME-GC-MS or SPME-GC-FID,http://hdl.handle.net/10261/286977,openAccess,artículo,Publisher's version,https://creativecommons.org/licenses/by-nc-nd/4.0/,2023-01-17 12:55:24+00:00,MethodsX 10: 101972 (2023),(IG) Artículos,True
178,178,178,223,480273,2023,2023,Wave climate impact on massive mortality events of wild clam beds in the Ría de Vigo,http://hdl.handle.net/10261/286985,openAccess,póster de congreso,,,2023-01-17 13:18:20+00:00,Clivar 2023,(IIM) Comunicaciones congresos,True
179,179,179,224,480281,2023-01-12 00:00:00,2023,Isolation of Novel Bacterial Strains Pseudomonas extremaustralis CSW01 and Stutzerimonas stutzeri CSW02 from Sewage Sludge for Paracetamol Biodegradation,http://hdl.handle.net/10261/287750,openAccess,artículo,Publisher's version,https://creativecommons.org/licenses/by/4.0/,2023-01-27 12:33:43+00:00,Microorganisms 11(1): 196 (2023),(IRNAS) Artículos,True
180,180,180,225,480294,2023-01-12 00:00:00,2023,DES-ALAMBRAR Project Research Seminar. Traces of mass violence and repression: materialities of camps,http://hdl.handle.net/10261/287000,openAccess,vídeo,,https://creativecommons.org/licenses/by-nc-sa/4.0/,2023-01-18 07:32:23+00:00,"Vuelta-Santín, Rubén, DES-ALAMBRAR Project Research Seminar. Traces of mass violence and repression: materialities of camps, No disponible, No disponible, http://hdl.handle.net/10261/287000",(INCIPIT) Material de divulgación,True
181,181,181,226,480297,2023,2023,Probing 3D magnetic nanostructures by dark-field magneto-optical Kerr effect,http://hdl.handle.net/10261/287001,openAccess,artículo,Postprint,,2023-01-18 07:51:55+00:00,Journal of Applied Physics 133: 043901 (2023),(INMA) Artículos,True
182,182,182,227,480302,2023,2023,Theoretical considerations and supporting evidence for the primary role of source geometry on field potential amplitude and spatial extent,http://hdl.handle.net/10261/287014,openAccess,artículo,Publisher's version,https://creativecommons.org/licenses/by/4.0/,2023-01-18 08:46:02+00:00,Frontiers in Cellular Neuroscience 17: 1129097 (2023),(IC) Artículos,True
183,183,183,229,480312,2023-01-16 00:00:00,2023,"STRAUSS GPRS drifting buoys, Atlantic Ocean - Ría de Vigo (NW Iberia) - Jul. 2022 - Sep. 2022",http://hdl.handle.net/10261/287021,openAccess,dataset,Publisher's version,https://creativecommons.org/licenses/by-nc-sa/4.0/legalcode,2023-01-18 09:07:31+00:00,"Martínez Fernández, Adrián; Gilcoto, Miguel; Redondo, Waldo; Villacieros-Robineau, Nicolás; Varela, Ramiro; Fernández Baladrónm Adrián; 2023; STRAUSS GPRS drifting buoys, Atlantic Ocean - Ría de Vigo (NW Iberia) - Jul. 2022 - Sep. 2022 [Dataset]; DIGITAL.CSIC; https://doi.org/10.20350/digitalCSIC/15090",(IIM) Conjuntos de datos,True
184,184,184,230,480325,2023-01-18 00:00:00,2023,"Dataset supporting publication ""Probing 3D magnetic nanostructures by dark-field magneto-optical Kerr effect""",http://hdl.handle.net/10261/287032,openAccess,dataset,,http://creativecommons.org/licenses/by/4.0/,2023-01-18 10:03:33+00:00,"Sanz-Hernández, Dédalo; Skoric, Luka; Cascales Sandoval, Miguel A.; Fernández-Pacheco, Amalio; 2023; Dataset supporting publication ""Probing 3D magnetic nanostructures by dark-field magneto-optical Kerr effect"" [dataset]; DIGITAL.CSIC; https://doi.org/10.20350/digitalCSIC/15091",(INMA) Conjuntos de datos,True
185,185,185,231,480327,2023-02,2023,"Antisite Defects and Chemical Expansion in Low-damping, High-magnetization Yttrium Iron Garnet Films",http://hdl.handle.net/10261/287037,openAccess,artículo,Publisher's version,https://creativecommons.org/licenses/by-nc-nd/4.0/,2023-01-18 10:29:11+00:00,ChemNanoMat: 10.1002/cnma.202200495 (2022),(ICMAB) Artículos,True
186,186,186,233,480338,2023-01-11 00:00:00,2023,Artificial Graphene Spin Polarized Electrode for Magnetic Tunnel Junctions,http://hdl.handle.net/10261/287345,openAccess,artículo,Publisher's version,https://creativecommons.org/licenses/by-nc-nd/4.0/,2023-01-23 11:35:50+00:00,Nano Letters 23(1): 34-41  (2023),(CIN2) Artículos,True
187,187,187,235,480369,2023-02,2023,Stable nanovesicles formed by intrinsically planar bilayers,http://hdl.handle.net/10261/287125,openAccess,artículo,Publisher's version,https://creativecommons.org/licenses/by/4.0/,2023-01-19 11:01:39+00:00,Journal of Colloid and Interface Science 631(Part A): 202-211 (2023),(ICMAB) Artículos,True
188,188,188,236,480370,2023,2023,Molecular architecture and oligomerization of Candida glabrata Cdc13 underpin its telomeric DNA-binding and unfolding activity,http://hdl.handle.net/10261/287103,openAccess,artículo,Publisher's version,https://creativecommons.org/licenses/by-nc/4.0/,2023-01-19 09:19:01+00:00,Nucleic Acids Research: gkac1261 (2023),(CIB) Artículos,True
189,189,189,238,480371,2023-01,2023,Cumulative incidence of SARS-CoV-2 infection in the general population of the Valencian Community (Spain) after the surge of the Omicron BA.1 variant,http://hdl.handle.net/10261/287075,openAccess,artículo,Publisher's version,http://creativecommons.org/licenses/by/4.0/,2023-01-18 15:24:05+00:00,Journal of Medical Virology 95(1): e28284 (2023),(I2SysBio) Artículos,True
190,190,190,241,480373,2023-01-18 00:00:00,2023,Dataset: Raw data of the PhD dissertation: Contribuciones al estudio del atlas hominino. Un enfoque morfo-geométrico 3D,http://hdl.handle.net/10261/287078,openAccess,dataset,,https://creativecommons.org/licenses/by/4.0/,2023-01-18 16:27:12+00:00,"Palancar, Carlos A.; 2023; Dataset: Raw data of the PhD dissertation: Contribuciones al estudio del atlas hominino. Un enfoque morfo-geométrico 3D [Dataset]; DIGITAL.CSIC; https://doi.org/10.20350/digitalCSIC/15092",(MNCN) Conjuntos de datos,True
191,191,191,242,480388,2023-01-19 00:00:00,2023,Hitos del portal Simurg en 2022,http://hdl.handle.net/10261/287092,openAccess,trabajo de divulgación,,https://creativecommons.org/licenses/by-sa/4.0/,2023-01-19 08:34:17+00:00,"CSIC - Unidad de Recursos de Información Científica para la Investigación (URICI), Hitos del portal Simurg en 2022, No disponible, No disponible, http://hdl.handle.net/10261/287092",(URICI) Material de divulgación,True
192,192,192,243,480400,2023-01,2023,¿Quién compra el pescado en Mallorca? Similitudes y diferencias con Cataluña,http://hdl.handle.net/10261/287108,openAccess,informe técnico,Publisher's version,https://creativecommons.org/licenses/by/4.0/,2023-01-19 09:30:56+00:00,¿Quién compra el pescado en Mallorca? Similitudes y diferencias con Cataluña: 1-35 (2023),(IEO) Informes y documentos de trabajo,True
193,193,193,245,480429,2023-03-01 00:00:00,2023,"Energy-dependent dielectric tensor axes in monoclinic  -3,4,9,10-perylene tetracarboxylic dianhydride",http://hdl.handle.net/10261/287148,openAccess,artículo,Publisher's version,https://creativecommons.org/licenses/by-nc-nd/4.0/,2023-01-19 11:52:20+00:00,Thin Solid Films 768: 139686 (2023),(ICMAB) Artículos,True
194,194,194,246,480467,2023-01-13 00:00:00,2023,Preparation of cellulose nanocrystals: controlling the crystalline type by one-pot acid hydrolysis,http://hdl.handle.net/10261/287179,openAccess,artículo,Preprint,,2023-01-19 14:27:24+00:00,ACS Macro Letters 12(2): 152-158 (2023),(ICB) Artículos,True
195,195,195,247,480485,2023-01-19 00:00:00,2023,STRAUSS: Cultivo del mejillón en batea en Galicia,http://hdl.handle.net/10261/287183,openAccess,vídeo,,http://creativecommons.org/licenses/by-nc-nd/4.0/,2023-01-20 07:57:57+00:00,"Bastias Urbieta, Cristian, Martínez Fernández, Adrián, Silva, Elsa, Garci, Manuel E., Babarro, José M. F., Gilcoto, Miguel, STRAUSS: Cultivo del mejillón en batea en Galicia, No disponible, http://dx.doi.org/10.13039/501100011033, http://hdl.handle.net/10261/287183",(IIM) Material de divulgación,True
196,196,196,248,480487,2023,2023,Dataset: Relationship between feed efficiency and resilience in dairy ewes subjected to acute underfeeding,http://hdl.handle.net/10261/287187,openAccess,dataset,,,2023-01-20 08:30:40+00:00,"Barrio, Esther ; Hervás, Gonzalo ; Gindri, Marcelo ; Friggens, Nicolas C. ; Toral, Pablo G. ; Frutos, Pilar; 2023; Dataset: Relationship between feed efficiency and resilience in dairy ewes subjected to acute underfeeding ; DIGITAL.CSIC;	https://doi.org/10.20350/digitalCSIC/15094",(IGM) Conjuntos de datos,True
197,197,197,249,480495,2023,2023,Mapping dinoflagellate blooms (Noctiluca and Alexandrium) in aquaculture production areas in theNWIberian Peninsulawith the Sentinel-2/3 satellites,http://hdl.handle.net/10261/287193,openAccess,artículo,Publisher article,https://creativecommons.org/licenses/by/4.0/,2023-01-20 09:16:19+00:00,Science of the Total Environment 868: 161579 (2023),(IIM) Artículos,True
198,198,198,252,480498,2023,2023,"Effects of weathered polyethylene microplastic ingestion on sexual maturation, fecundity and egg quality in maturing broodstock Atlantic cod Gadus morhua",http://hdl.handle.net/10261/287231,openAccess,artículo,Publisher's version,https://creativecommons.org/licenses/by/4.0/,2023-01-20 11:34:47+00:00,Environmental Pollution 320: 121053 (2023),(IIM) Artículos,True
199,199,199,253,480504,2023-01-19 00:00:00,2023,Nanoimprinted 2D-chiral Perovskite Nanocrystal Metasurfaces for Circularly Polarized Photoluminescence,http://hdl.handle.net/10261/287206,openAccess,artículo,Publisher's version,,2023-01-20 10:07:23+00:00,Advanced Materials: 10.1002/adma.202210477 (2023),(ICMAB) Artículos,True
200,200,200,254,480515,2023-02,2023,Transient liquid assisted growth of superconducting YBa2Cu3O7?x films based on pulsed laser deposition,http://hdl.handle.net/10261/287237,openAccess,artículo,Publisher's version,https://creativecommons.org/licenses/by/4.0/,2023-01-20 11:51:27+00:00,Superconductor Science and Technology 36(2): 025003 (2023),(ICMAB) Artículos,True
201,201,201,255,480517,2023,2023,CoQ10 reduces glioblastoma growth and infiltration through proteome remodeling and inhibition of angiogenesis and inflammation,http://hdl.handle.net/10261/287211,openAccess,artículo,Publisher's version,http://creativecommons.org/licenses/by/4.0/,2023-01-20 10:37:03+00:00,Cellular Oncology 46: 65-77 (2023),(IREC) Artículos,True
202,202,202,256,480519,2023-01-10 00:00:00,2023,Application of seaweed and pruning residue as organic fertilizer to increase soil fertility and vine productivity,http://hdl.handle.net/10261/287774,openAccess,artículo,Publisher's version,https://creativecommons.org/licenses/by/4.0/,2023-01-30 07:55:51+00:00,Soil Use and Management (2023) https://doi.org/10.1111/sum.12882,(ICA) Artículos,True
203,203,203,258,480589,2023-01-20 00:00:00,2023,Cell wall modifications that alter the exolytic activity of lactococcal phage endolysins have little impact on phage growth,http://hdl.handle.net/10261/287277,openAccess,artículo,Publisher's ,http://creativecommons.org/licenses/by/4.0/,2023-01-20 13:15:33+00:00,Frontiers in Microbiology 14: 1106049 (2023),(IPLA) Artículos,True
204,204,204,259,480606,2023-01-18 00:00:00,2023,Visible-Light-Controlled Histone Deacetylase Inhibitors for Targeted Cancer Therapy,http://hdl.handle.net/10261/287295,openAccess,artículo,Postprint,,2023-01-20 17:21:08+00:00,Journal of Medicinal Chemistry (2023),(IQAC) Artículos,True
205,205,205,260,480609,2023-01-01 00:00:00,2023,Sequential Nitrification—Autotrophic Denitrification Using Sulfur as an Electron Donor and Chilean Zeolite as Microbial Support,http://hdl.handle.net/10261/287302,openAccess,artículo,Publisher's version,https://creativecommons.org/licenses/by/4.0/,2023-01-23 08:16:11+00:00,"Barahona, Andrea, Rubio, J., Gómez, R., Huiliñir, César, Borja Padilla, Rafael, Guerrero, Lorna, Sequential Nitrification—Autotrophic Denitrification Using Sulfur as an Electron Donor and Chilean Zeolite as Microbial Support, No disponible, https://doi.org/10.3390/w15010095, http://hdl.handle.net/10261/287302",(IG) Artículos,True
206,206,206,261,480615,2023-03-30 00:00:00,2023,A next-generation sequencing approach for the detection of mixed species in canned tuna,http://hdl.handle.net/10261/287305,openAccess,artículo,Publisher's version,https://creativecommons.org/licenses/by/4.0/,2023-01-23 08:22:21+00:00,Food Chemistry: X 17: 100560 (2023),(IIM) Artículos,True
207,207,207,262,480638,2023-01-07 00:00:00,2023,A new NMVOC speciated inventory for a reactivity-based approach to support ozone control strategies in Spain,http://hdl.handle.net/10261/287327,embargoedAccess,artículo,Postprint,,2023-01-23 10:26:21+00:00,Science of The Total Environment 867: 161449 (2023),(IDAEA) Artículos,True
208,208,208,263,480639,2023-04-01 00:00:00,2023,Visualizing and evaluating wormholes formation dynamics under flow competition in an intermediate-scale dissolution experiment,http://hdl.handle.net/10261/287328,closedAccess,artículo,Postprint,,2023-01-23 10:30:00+00:00,Science of The Total Environment 867: 160977 (2023),(IDAEA) Artículos,True
209,209,209,264,480642,2023-01-12 00:00:00,2023,Distribution in marine fish and EDI estimation of contaminants of emerging concern by vortex-assisted matrix solid-phase dispersion and HPLC-MS/MS,http://hdl.handle.net/10261/287331,openAccess,artículo,Publisher's version,,2023-01-23 10:45:49+00:00,Marine Pollution Bulletin 187: 114530 (2023),(IDAEA) Artículos,True
210,210,210,265,480644,2023-01-13 00:00:00,2023,Temporal variation of the temperature-mortality association in Spain: a nationwide analysis,http://hdl.handle.net/10261/287333,openAccess,artículo,Publisher's version,,2023-01-23 10:50:17+00:00,Environmental Health 22 (5) (2023),(IDAEA) Artículos,True
211,211,211,267,480649,2023-01-07 00:00:00,2023,Linking chemical exposure and fish metabolome: Discovering new biomarkers of environmental exposure of Argyrosomus regius to the antidepressant venlafaxine,http://hdl.handle.net/10261/287336,embargoedAccess,artículo,Postprint,,2023-01-23 10:59:15+00:00,Environmental Toxicology and Pharmacology 98: 104063 (2023),(IDAEA) Artículos,True
212,212,212,268,480652,2023-01-11 00:00:00,2023,Author Correction: Mechanism of human Lig1 regulation by PCNA in Okazaki fragment sealing,http://hdl.handle.net/10261/287339,openAccess,artículo,Publisher's version,,2023-01-23 11:02:59+00:00,Nature Communications 14: 158 (2023),(IQAC) Artículos,True
213,213,213,269,480655,2023-01-10 00:00:00,2023,Prediction Models Based on Soil Characteristics for Evaluation of the Accumulation Capacity of Nine Metals by Forage Sorghum Grown in Agricultural Soils Treated with Varying Amounts of Poultry Manure,http://hdl.handle.net/10261/287340,openAccess,artículo,Postprints,,2023-01-23 11:07:14+00:00,Bulletin of Environmental Contamination and Toxicology volume 110: 40 (2023),(CIDE) Artículos,True
214,214,214,271,480670,2023-01-20 00:00:00,2023,A 3D extra-large-pore zeolite enabled by 1D-to-3Dtopotactic condensation of a chain silicate,http://hdl.handle.net/10261/287377,openAccess,artículo,Postprint,,2023-01-23 13:00:42+00:00,Science 379: 283-287 (2023),(ICMM) Artículos,True
215,215,215,273,480694,2023-01-24 00:00:00,2023,Nitro-oleic acid regulates T cell activation through post-translational modification of calcineurin,http://hdl.handle.net/10261/287385,openAccess,artículo,Publisher's version,https://creativecommons.org/licenses/by-nc-nd/4.0/,2023-01-23 13:33:05+00:00,Proceedings of the National Academy of Sciences of the USA 120(4): 2208924120 (2023),(CBM) Artículos,True
216,216,216,274,480708,2023-01-13 00:00:00,2023,Desarrollo y optimización de arquitecturas novedosas para la implementación de cátodos sostenibles en pilas de combustibles de óxidos sólidos de temperaturas intermedias,http://hdl.handle.net/10261/287399,openAccess,tesis doctoral,Publisher's version,https://creativecommons.org/licenses/by/4.0/,2023-01-23 15:54:11+00:00,Desarrollo y optimización de arquitecturas novedosas para la implementación de cátodos sostenibles en pilas de combustibles de óxidos sólidos de temperaturas intermedias :,(ICV) Tesis,True
217,217,217,275,480734,2023-01-09 00:00:00,2023,A Tailored Strategy to Crosslink the Aspartate Transcarbamoylase Domain of the Multienzymatic Protein CAD,http://hdl.handle.net/10261/287424,openAccess,artículo,Publisher's version,http://creativecommons.org/licenses/by/4.0/,2023-01-24 11:12:36+00:00,Molecules 28(2):660 (2023),(IBV) Artículos,True
218,218,218,276,480750,2023-01-16 00:00:00,2023,Memoria Anual 2021,http://hdl.handle.net/10261/287436,openAccess,trabajo de divulgación,,,2023-01-24 11:20:20+00:00,"CSIC - Escuela de Estudios Árabes (EEA), Memoria Anual 2021, No disponible, https://doi.org/10.20350/digitalCSIC/16983, http://hdl.handle.net/10261/287436",(EEA) Memorias,True
219,219,219,277,480777,2023-01,2023,Monoclonal-Based Antivenomics Reveals Conserved Neutralizing Epitopes in Type I PLA2 Molecules from Coral Snakes,http://hdl.handle.net/10261/287475,openAccess,artículo,Publisher's version,http://creativecommons.org/licenses/by/4.0/,2023-01-24 12:40:19+00:00,Toxins 15(1):15 (2023),(IBV) Artículos,True
220,220,220,278,480796,2023-01-31 00:00:00,2023,PTI-PAIS de datos en abierto en CIENCIA del Patrimonio: prácticas con conjuntos de datos en DIGITAL.CSIC,http://hdl.handle.net/10261/287775,openAccess,material didáctico,,https://creativecommons.org/licenses/by-nc-nd/4.0/,2023-01-30 08:00:54+00:00,"Autor desconocido, Sin título, No disponible, No disponible, No disponible",(PTI-PAIS) Cursos-Material didáctico,True
221,221,221,280,480804,2023-01-24 00:00:00,20233,"Chatting with ChatGPT, in Spanish and English, about additive manufacturing of porous carbons. Will an AI be able to write scientific papers in the future or is it just a new and powerful assistance tool?",http://hdl.handle.net/10261/287489,openAccess,artículo,,,2023-01-25 09:29:43+00:00,"J. Angel Menéndez, Digital CSIC, 2023, DOI: 10.13140/RG.2.2.35461.42722",(INCAR) Artículos,True
222,222,222,281,480814,2023-01-22 00:00:00,2023,Supporting central nervous system neuroprotection and remyelination by specific TLR4 antagonism,http://hdl.handle.net/10261/287500,closedAccess,preprint,,,2023-01-25 10:28:16+00:00,BioRxiv: 10.1101/2023.01.22.524916 (2023),(PTI Salud Global) Colección Especial COVID-19,True
223,223,223,283,480817,2023-01,2023,Molecular Plasticity: las proteínas dúctiles en la salud y la biodiversidad (Vídeo),http://hdl.handle.net/10261/287501,openAccess,vídeo,Publisher's version,https://creativecommons.org/licenses/by-nc-nd/4.0/,2023-01-25 10:34:31+00:00,"Yruela Guerrero, Inmaculada, Torres, Roberto, Molecular Plasticity: las proteínas dúctiles en la salud y la biodiversidad (Vídeo), No disponible, http://dx.doi.org/10.13039/501100006003, http://hdl.handle.net/10261/287501",(EEAD) Material de divulgación,True
224,224,224,284,480821,2023-01-23 00:00:00,2023,A Novel Monoclonal Antibody Targeting a Large Surface of the Receptor Binding Motif Shows Pan-neutralizing SARS-CoV-2 Activity Including BQ.1.1 Variant,http://hdl.handle.net/10261/287515,openAccess,preprint,Preprints,https://creativecommons.org/licenses/by/4.0/,2023-01-25 11:52:59+00:00,BioRxiv: 10.1101/2023.01.20.524748 (2023),(CNB) Artículos,True
225,225,225,286,480828,2023-01-05 00:00:00,2023,Genomic analysis of Mycobacterium brumae sustains its nonpathogenic and immunogenic phenotype,http://hdl.handle.net/10261/287510,openAccess,artículo,Publisher's ,http://creativecommons.org/licenses/by/4.0/,2023-01-25 11:33:22+00:00,Frontiers in Microbiology 13: 982679 (2023),(IBV) Artículos,True
226,226,226,288,480835,2023-01,2023,The mineralocorticoid receptor modulates timing and location of genomic binding by glucocorticoid receptor in response to synthetic glucocorticoids in keratinocytes,http://hdl.handle.net/10261/287519,openAccess,artículo,Publisher's version,http://creativecommons.org/licenses/by/4.0/,2023-01-25 12:13:59+00:00,FASEB Journal - Federation of American Societies for Experimental Biology 37(1):e22709 (2023),(IBV) Artículos,True
227,227,227,289,480840,2023,20233,Medina in al-Andalus and the Maghrib,http://hdl.handle.net/10261/287523,closedAccess,comunicación de congreso,,,2023-01-25 12:27:40+00:00,"Carvajal López, J. C.; Fierro, M. (eds.). Intellectual Connections between Jazirat al-'Arab and Jazirat al-Andalus. Madrid: Casa Árabe: 15-30 (2023)",(CCHS-ILC) Libros y partes de libros,True
228,228,228,290,480902,2023,2023,Two Fe mining sub-products and three thiol compounds alleviate Fe deficiency in soybean (Glycine max L.) grown in a calcareous soil in greenhouse conditions,http://hdl.handle.net/10261/287577,closedAccess,artículo,,,2023-01-26 07:50:21+00:00,"Gheshlaghi Z, Khorassani R, Abadía J. Fe mining sub-products and three thiol compounds alleviate Fe deficiency in soybean (Glycine max L.) grown in a calcareous soil in greenhouse conditions. Plant and Soil 482: 469–490 (2023)",(EEAD) Artículos,True
229,229,229,291,480913,2023-01,2023,"STRAUSS Wave parameters obtained from ADCP currents of a RDI 600-kHz Workhorse Acoustic Doppler Current Profiler (ADCP), Atlantic Ocean - Ría de Vigo – Cabo do Mar (NW Iberia) - Nov. 2020 - Dec. 2020",http://hdl.handle.net/10261/287593,embargoedAccess,dataset,Publisher's versions,https://creativecommons.org/licenses/by-nc-sa/4.0/legalcode,2023-01-26 09:03:07+00:00,"Martínez Fernández, A.; Villacieros Robineau, N.; Gilcoto, M.; 2023; STRAUSS Wave parameters obtained from ADCP currents of a RDI 600-kHz Workhorse Acoustic Doppler Current Profiler (ADCP), Atlantic Ocean - Ría de Vigo – Cabo do Mar (NW Iberia) - Nov. 2020 - Dec. 2020 [Dataset]; DIGITAL.CSIC; https://doi.org/10.20350/digitalCSIC/15098",(IIM) Conjuntos de datos,True
230,230,230,292,480919,2023-01,2023,"STRAUSS Wave parameters obtained from ADCP currents of a RDI 600-kHz Workhorse Acoustic Doppler Current Profiler (ADCP), Atlantic Ocean - Ría de Vigo – Cabo do Mar (NW Iberia) - Oct. 2020 - Nov. 2020",http://hdl.handle.net/10261/287594,embargoedAccess,dataset,Publisher's version,https://creativecommons.org/licenses/by-nc-sa/4.0/legalcode,2023-01-26 09:16:58+00:00,"Martínez Fernández, A.; Villacieros Robineau, N.; Gilcoto, M.; 2023; STRAUSS Wave parameters obtained from ADCP currents of a RDI 600-kHz Workhorse Acoustic Doppler Current Profiler (ADCP), Atlantic Ocean - Ría de Vigo – Cabo do Mar (NW Iberia) - Oct. 2020 - Nov. 2020 [Dataset]; DIGITAL.CSIC; https://doi.org/10.20350/digitalCSIC/15099",(IIM) Conjuntos de datos,True
231,231,231,293,480921,2023-01-26 00:00:00,2023,Morfospecies and zOTUs interacting with each host plant from the PERDIVER project,http://hdl.handle.net/10261/287600,openAccess,dataset,,,2023-01-26 09:33:21+00:00,"García González, María Begoña; Jarne, María; Olesen, Jens M.; González, Adela; Caliz, Joan; Ortega Casamayor, Emilio; Miranda, Héctor; 2023; Morfospecies and zOTUs interacting with each host plant from the PERDIVER project [Dataset]; DIGITAL.CSIC; https://doi.org/10.20350/digitalCSIC/15101",(IPE) Conjuntos de datos,True
232,232,232,294,480922,2023-01-06 00:00:00,2023,Age-Related microRNA Overexpression in Lafora Disease Male Mice Provides Links between Neuroinflammation and Oxidative Stress,http://hdl.handle.net/10261/287618,openAccess,artículo,Publisher's version,http://creativecommons.org/licenses/by/4.0/,2023-01-26 10:23:32+00:00,International Journal of Molecular Sciences 24(2):1089 (2023),(IBV) Artículos,True
233,233,233,295,480925,2023-01,2023,"STRAUSS Wave parameters obtained from ADCP currents of a RDI 600-kHz Workhorse Acoustic Doppler Current Profiler (ADCP), Atlantic Ocean - Ría de Vigo – Cíes Sur (NW Iberia) - May 2022 - May. 2022",http://hdl.handle.net/10261/287596,embargoedAccess,dataset,Publisher's version,https://creativecommons.org/licenses/by-nc-sa/4.0/legalcode,2023-01-26 09:29:40+00:00,"Martínez Fernández, A.; Villacieros Robineau, N.; Gilcoto, M.; 2023; STRAUSS Wave parameters obtained from ADCP currents of a RDI 600-kHz Workhorse Acoustic Doppler Current Profiler (ADCP), Atlantic Ocean - Ría de Vigo – Cíes Sur (NW Iberia) - May 2022 - May. 2022 [Dataset]; DIGITAL.CSIC; https://doi.org/10.20350/digitalCSIC/15100",(IIM) Conjuntos de datos,True
234,234,234,296,480931,2023-01,2023,CSIC Investiga 5. Revista de Ciencia,http://hdl.handle.net/10261/287605,openAccess,revista divulgativa,Publisher's version,https://creativecommons.org/licenses/by/4.0/,2023-01-26 09:56:59+00:00,CSIC Investiga 5 (2023),(PRESIDENCIA) CSIC Investiga. Revista de Ciencia,True
235,235,235,297,480936,2023-02-15 00:00:00,2023,Long-term trends in mortality risk associated with short-term exposure to air pollution in 10 Japanese cities between 1977 and 2015,http://hdl.handle.net/10261/287608,openAccess,artículo,Publisher's version,,2023-01-26 10:03:00+00:00,Environmental Research 219: 115108 (2023),(IDAEA) Artículos,True
236,236,236,298,480938,2023-02-01 00:00:00,2023,"Enrichment of strategic metals in the Upper Triassic coal from the Nui Hong open-pit mine, Thai Nguyen Coalfield, NE Vietnam",http://hdl.handle.net/10261/287609,openAccess,artículo,Publisher's version,,2023-01-26 10:06:11+00:00,Ore Geology Reviews 153: 105301 (2023),(IDAEA) Artículos,True
237,237,237,299,480939,2023-01-01 00:00:00,2023,Assessing the effect of construction-induced consolidation on groundwater travel time distribution under unconfined conditions,http://hdl.handle.net/10261/287612,openAccess,artículo,Postprints,,2023-01-26 10:11:12+00:00,Hydrogeology Journal (2023),(IDAEA) Artículos,True
238,238,238,300,480942,2023-01-01 00:00:00,2023,"Extracellular vesicles, the emerging mirrors of brain physiopathology",http://hdl.handle.net/10261/287613,openAccess,artículo,Publisher's version,,2023-01-26 10:16:55+00:00,International Journal of Biological Sciences 19 (3): 721-743 (2023),(IQAC) Artículos,True
239,239,239,301,480957,2023-01-26 00:00:00,2023,Priming European Sea Bass Female Broodstocks Improve the Antimicrobial Immunity of Their Offspring,http://hdl.handle.net/10261/287642,openAccess,artículo,Publisher's version,,2023-01-26 11:54:58+00:00,Animals 13(3): 415 (2023),(IEO) Artículos,True
240,240,240,302,480968,2023-01-03 00:00:00,2023,Highly electron deficient diketopyrrolopyrroles,http://hdl.handle.net/10261/287641,openAccess,artículo,Publisher's version,https://creativecommons.org/licenses/by/3.0/,2023-01-26 11:54:20+00:00,Chemical Communications: 10.1039/D2CC06770F (2023),(ICMAB) Artículos,True
241,241,241,303,480993,2023-02-01 00:00:00,2023,Temperature-modulated synthesis of vertically oriented atomic bilayer graphene nanowalls grown on stainless steel by inductively coupled plasma chemical vapour deposition,http://hdl.handle.net/10261/287667,openAccess,artículo,Publisher's version,https://creativecommons.org/licenses/by/4.0/,2023-01-26 14:32:46+00:00,Applied Surface Science 610: 155530 (2023),(ICMAB) Artículos,True
242,242,242,304,480995,2023-02-15 00:00:00,2023,Untwining polar contributions from light-polarization dependent photovoltaic response of LuMnO3-based ferroelectric capacitors,http://hdl.handle.net/10261/287671,openAccess,artículo,Publisher's version,https://creativecommons.org/licenses/by-nc-nd/4.0/,2023-01-26 14:53:05+00:00,Acta Materialia 245: 118601 (2023),(ICMAB) Artículos,True
243,243,243,305,481000,2023,2023,Memoria 2022 de la Biblioteca Americanista de Sevilla,http://hdl.handle.net/10261/287674,openAccess,informe técnico,,,2023-01-26 16:02:04+00:00,"Gómez García, Marina, Memoria 2022 de la Biblioteca Americanista de Sevilla, No disponible, https://doi.org/10.20350/digitalCSIC/16987, http://hdl.handle.net/10261/287674",(Andalucía) Residencia de Investigadores y Biblioteca de Sevilla REBIS,True
244,244,244,306,481025,2023-01-10 00:00:00,2023,Catalytic hydrolysis of cellulose to glucose: On the influence of graphene oxide morphology under microwave radiation,http://hdl.handle.net/10261/287700,openAccess,artículo,Publisher's version,https://creativecommons.org/licenses/by-nc-nd/4.0/,2023-01-27 09:25:30+00:00,Journal of Environmental Chemical Engineering 11(2): 109290 (2023),(ICB) Artículos,True
245,245,245,307,481027,2023-01-13 00:00:00,2023,Optimisation of the processing conditions of hydrolytic hydrogenation of cellulose using carbon nanofiber supported Ni catalysts,http://hdl.handle.net/10261/287706,openAccess,artículo,Publisher's version,https://creativecommons.org/licenses/by-nc-nd/4.0/,2023-01-27 09:47:51+00:00,Catalysis Today 423: 114002 (2023),(ICB) Artículos,True
246,246,246,308,481037,2023-01-27 00:00:00,2023,"Perceptions of capacity, fatigue, and their psychophysics: Examining construct equivalence and the relationship between actual capacity and perception of capacity during resisted elbow flexion tasks [Review]",http://hdl.handle.net/10261/287797,openAccess,revisión,,http://creativecommons.org/licenses/by/4.0/,2023-01-30 10:51:30+00:00,"Halperin, Israel, Perceptions of capacity, fatigue, and their psychophysics: Examining construct equivalence and the relationship between actual capacity and perception of capacity during resisted elbow flexion tasks [Review], No disponible, https://doi.org/10.20350/digitalCSIC/15197, http://hdl.handle.net/10261/287797",OPRM: Open Peer Reviews,True
247,247,247,309,481041,2023-01-27 00:00:00,2023,"Experiencing Extinction Facilitates Subsequent Acquisition of Positive, but not Negative Patterning in Human Predictive Learning [Annotation]",http://hdl.handle.net/10261/287798,openAccess,comentario,,http://creativecommons.org/licenses/by/4.0/,2023-01-30 10:52:11+00:00,"Callejas-Aguilera, José E., Experiencing Extinction Facilitates Subsequent Acquisition of Positive, but not Negative Patterning in Human Predictive Learning [Annotation], No disponible, No disponible, http://hdl.handle.net/10261/287798",OPRM: Open Comments,True
248,248,248,310,481043,2023,2023,Negativity Bias Strengthens The Influence of Negative Affect in The Relationship Between Neuroticism And Life Satisfaction in Emerging Adults,http://hdl.handle.net/10261/287720,openAccess,documento de trabajo,Preprint,,2023-01-27 10:52:32+00:00,"Wibowo, Devina, Sianipar, Agnes, Negativity Bias Strengthens The Influence of Negative Affect in The Relationship Between Neuroticism And Life Satisfaction in Emerging Adults, No disponible, No disponible, http://hdl.handle.net/10261/287720",Psicológica Journal,True
249,249,249,311,481045,2023-01-27 00:00:00,2023,DIGITAL.CSIC: Servicios y herramientas digitales para datos en abierto,http://hdl.handle.net/10261/287725,openAccess,presentación,,https://creativecommons.org/licenses/by-nc-sa/4.0/,2023-01-27 11:00:08+00:00,"Bernal, Isabel, Oficina Técnica de DIGITAL.CSIC, DIGITAL.CSIC: Servicios y herramientas digitales para datos en abierto, No disponible, https://doi.org/10.20350/digitalCSIC/15725, http://hdl.handle.net/10261/287725",(URICI) Cursos-Material didáctico,True
250,250,250,313,481054,2023-01-27 00:00:00,2023,Introducción al Taller PTI-PAIS de datos en abierto en ciencia del patrimonio,http://hdl.handle.net/10261/287729,openAccess,presentación,,,2023-01-27 11:15:15+00:00,"Autor desconocido, Sin título, No disponible, No disponible, No disponible",(PTI-PAIS) Cursos-Material didáctico,True
251,251,251,315,481058,2023-01-27 00:00:00,2023,Experiencia en la subida de conjuntos de  datos de ciencia del patrimonio a Digital.CSIC,http://hdl.handle.net/10261/287734,openAccess,presentación,,,2023-01-27 11:32:02+00:00,"Carmona-Quiroga, Paula, Experiencia en la subida de conjuntos de  datos de ciencia del patrimonio a Digital.CSIC, No disponible, No disponible, http://hdl.handle.net/10261/287734",(IQF) Cursos-Material didáctico,True
252,252,252,317,481077,2023-04-13 00:00:00,2023,Effects of tree mycorrhizal type on soil respiration and carbon stock via fine root biomass and litter dynamic in tropical plantations,http://hdl.handle.net/10261/288231,openAccess,artículo,Publisher's version,https://creativecommons.org/licenses/by-nc/4.0/,2023-02-03 11:48:48+00:00,Journal of Plant Ecology 16(1): rtac056 (2023),(IRNAS) Artículos,True
253,253,253,318,481092,2023-01-30 00:00:00,2023,Images of a maize field with 2-3 leaf collars,http://hdl.handle.net/10261/287771,openAccess,dataset,,https://www.apache.org/licenses/LICENSE-2.0,2023-01-30 07:37:57+00:00,"Emmi, Luis Alfredo; González-de-Santos, Pablo; 2023; Images of a maize field with 2-3 leaf collars [Dataset]; DIGITAL.CSIC; https://doi.org/10.20350/digitalCSIC/15104",(CAR) Conjuntos de datos,True
254,254,254,319,481093,2023-01-30 00:00:00,2023,Images of a sugar beet field with 2-3 leaves,http://hdl.handle.net/10261/287772,openAccess,dataset,,https://www.apache.org/licenses/LICENSE-2.0,2023-01-30 07:51:12+00:00,"Emmi, Luis Alfredo; González-de-Santos, Pablo; 2023; Images of a sugar beet field with 2-3 leaves [Dataset]; DIGITAL.CSIC; https://doi.org/10.20350/digitalCSIC/15105",(CAR) Conjuntos de datos,True
255,255,255,320,481098,2023-01-31 00:00:00,2023,Special Issue on Interdisciplinary Researches for Cultural Heritage Conservation,http://hdl.handle.net/10261/288219,openAccess,editorial,Publisher's version,https://creativecommons.org/licenses/by/4.0/,2023-02-03 10:57:13+00:00,Applied Sciences 13(3): 1824 (2023),(IRNAS) Artículos,True
256,256,256,321,481099,2023,2023,Taller Seminario sobre Performance,http://hdl.handle.net/10261/287778,openAccess,trabajo de divulgación,Publisher's version,,2023-01-30 08:26:08+00:00,"Póster presentación del ""Taller Seminario sobre Performance"", 7-8 febrero, 2023",(CCHS-IH) Material de divulgación,True
257,257,257,322,481102,2023,2023,Legati: misiones diplomáticas hispanomusulmanas (1492-1708) [DATASET],http://hdl.handle.net/10261/287780,openAccess,dataset,,https://creativecommons.org/licenses/by-nc-nd/4.0/,2023-01-30 08:42:34+00:00,"González Cuerva, Rubén; Caprioli, Francesco; Soto Garrido, Miguel (2023): ""Legati: misiones diplomáticas hispanomusulmanas (1492-1708) [DATASET]""; DIGITAL.CSIC; https://doi.org/10.20350/digitalCSIC/15107",(CCHS-IH) Conjuntos de datos,True
258,258,258,323,481103,2023,2023,"Congreso Internacional Diálogos sobre el Gran Caribe: historia, literatura y sus perspectivas de futuro",http://hdl.handle.net/10261/287782,openAccess,trabajo de divulgación,Publisher's version,,2023-01-30 08:54:51+00:00,"Cartel presentación del ""Congreso Internacional Diálogos sobre el Gran Caribe: historia, literatura y sus perspectivas de futuro""",(CCHS-IH) Material de divulgación,True
259,259,259,324,481106,2023,2023,"Voces, discursos, imágenes y letras en el Caribe y Centro América: propuestas desde la literatura y el arte",http://hdl.handle.net/10261/287783,openAccess,trabajo de divulgación,Publisher's version,,2023-01-30 09:00:44+00:00,"Cartel presentación del seminario ""Voces, discursos, imágenes y letras en el Caribe y Centro América: propuestas desde la literatura y el arte""",(CCHS-IH) Material de divulgación,True
260,260,260,325,481114,2023-01-11 00:00:00,2023,Proteomic and in silico analyses of dextran synthesis influence on Leuconostoc lactis AV1n adaptation to temperature change,http://hdl.handle.net/10261/287804,openAccess,artículo,Publisher's version,https://creativecommons.org/licenses/by/4.0/,2023-01-30 11:15:42+00:00,Frontiers in Microbiology 13:1077375 (2022),(CIB) Artículos,True
261,261,261,326,481125,2023-01-30 00:00:00,2023,Modeling Weakly Scattering Random Media: A Tool to Resolve the Internal Structure of Nanoporous Materials,http://hdl.handle.net/10261/287799,openAccess,dataset,,https://creativecommons.org/licenses/by-nc/4.0/,2023-01-30 10:53:28+00:00,"Jiménez-Solano, Alberto; Miranda-Muñoz, José M.; Carretero-Palacios, Sol; Míguez, Hernán; 2023; Modeling Weakly Scattering Random Media: A Tool to Resolve the Internal Structure of Nanoporous Materials [Dataset]; DIGITAL.CSIC; https://doi.org/10.20350/digitalCSIC/15108",(ICMS) Conjuntos de datos,True
262,262,262,327,481126,2023-01-30 00:00:00,2023,Importance as pollinators and thermal biology of Andrena bees in southern Spanish montane habitats,http://hdl.handle.net/10261/287803,openAccess,dataset,,https://creativecommons.org/licenses/by-sa/4.0/,2023-01-30 11:14:37+00:00,"Herrera, Carlos M.; Núñez-Carbajal, Alejandro; Aguado, L. O.; Alonso, Conchita; 2023; Importance as pollinators and thermal biology of Andrena bees in southern Spanish montane habitats [Dataset]; DIGITAL.CSIC; https://doi.org/10.20350/digitalCSIC/15109",(EBD) Conjuntos de datos,True
263,263,263,328,481128,2023-01,2023,"Return of the marine heterotrophic flagellates: diversity, distribution and gene expression patterns",http://hdl.handle.net/10261/287805,openAccess,tesis doctoral,,,2023-01-30 11:19:16+00:00,"Autor desconocido, Sin título, No disponible, No disponible, No disponible",(ICM) Tesis,True
264,264,264,329,481132,2023-01-24 00:00:00,2023,Maytansinol functionalization:towards useful probes for studying microtubule dynamics,http://hdl.handle.net/10261/287829,closedAccess,artículo,,,2023-01-30 12:03:12+00:00,Chemistry - a European Journal 29 (5) e202203431 (2023),(CIB) Artículos,True
265,265,265,330,481143,2023,2023,Wave climate variability in a partially sheltered and upwelling-driven bay (Ría de Vigo),http://hdl.handle.net/10261/287817,openAccess,póster de congreso,,,2023-01-30 11:48:23+00:00,Clivar 2023,(IIM) Comunicaciones congresos,True
266,266,266,331,481168,2023-01-04 00:00:00,2023,"Monitoring insect resistance to Bt maize in the European Union: update, challenges, and future prospects",http://hdl.handle.net/10261/287847,openAccess,artículo,Publisher's version,https://creativecommons.org/licenses/by/4.0/,2023-01-30 13:02:12+00:00,Journal of Economic Entomology 116 (2) 275-288 (2023),(CIB) Artículos,True
267,267,267,332,481197,2023-01-18 00:00:00,2023,Occurrence and distribution of contaminants of legacy and emerging concern in surface waters of two Western Mediterranean coastal areas: Mar Menor Lagoon and Ebro Delta,http://hdl.handle.net/10261/287867,embargoedAccess,artículo,Postprint,,2023-01-31 07:02:36+00:00,Marine Pollution Bulletin 187: 114542 (2023),(IEO) Artículos,True
268,268,268,334,481201,2023-01-10 00:00:00,2023,Elevated sphingosine-1-phosphate lyase leads to increased metabolism and reduced survival in adrenocortical carcinoma,http://hdl.handle.net/10261/287870,openAccess,artículo,Publisher's version,,2023-01-31 07:24:15+00:00,"European Journal of Endocrinology, 188 (1): lvac007 (2023)",(IQAC) Artículos,True
269,269,269,335,481214,2023,2023,Grabados en portada de las primeras ediciones de La España Dramática: Colección de obras teatrales del siglo XIX. [DATASET],http://hdl.handle.net/10261/287899,openAccess,dataset,,https://creativecommons.org/licenses/by-nc/4.0/,2023-01-31 11:07:23+00:00,"Martínez Olmo, María del Pilar; 2006; Grabados en portada de las primeras ediciones de La España Dramática: Colección de obras teatrales del siglo XIX. [DATASET]; DOI https://doi.org/10.20350/digitalCSIC/15110",(CCHS) Conjuntos de datos,True
270,270,270,336,481216,2023-01-13 00:00:00,20233,Alternative approaches to understand microtubule cap morphology and function,http://hdl.handle.net/10261/287881,openAccess,artículo,Publisher's version,https://creativecommons.org/licenses/by-nc-nd/4.0/,2023-01-31 08:55:52+00:00,ACS Omega (2023),(CIB) Artículos,True
271,271,271,337,481238,2023-01-05 00:00:00,2023,Chemical modulation of microtubule structure through the laulimalide/peloruside site,http://hdl.handle.net/10261/287910,openAccess,artículo,Publisher's version,https://creativecommons.org/licenses/by-nc-nd/4.0/,2023-01-31 12:11:49+00:00,Structure 31 (2023),(CIB) Artículos,True
272,272,272,338,481241,2023-01-31 00:00:00,2023,Monitoring data of internal temperature and humidity measurements of the walls of the Church of Talamanca del Jarama at different heights. [Dataset],http://hdl.handle.net/10261/287928,openAccess,dataset,,https://creativecommons.org/licenses/by/4.0/,2023-01-31 13:11:22+00:00,"Aparicio Secanellas, Sofía; Anaya Velayos, José Javier; González Hernández, Margarita; García Izquierdo, Miguel Ángel;Martínez Garrido, Inmaculada; Fort, Rafael;2023;Effect of solar radiation and humidity on the inner core of walls in historic buildings [Dataset]; DIGITAL.CSIC; Versión 1; DOI",(ITEFI) Conjuntos de datos,True
273,273,273,340,481258,2023-01-31 00:00:00,2023,Dataset for the paper: Protective coatings on metals found in scientific-technical collections: the collection of the Spanish National Museum of Science and Technology (MUNCYT),http://hdl.handle.net/10261/287944,openAccess,dataset,,https://creativecommons.org/licenses/by/4.0/,2023-01-31 17:41:51+00:00,"Molina Delgado, M. Teresa; Cano Díaz, Emilio; Fort González, Rafael; Álvarez de Buergo, Mónica; Ramírez Barat, Blanca; 2023; Dataset for the paper: Protective coatings on metals found in scientific-technical collections: the collection of the Spanish National Museum of Science and Technology (MUNCYT) [Dataset]; DIGITAL.CSIC; V1; DOI: https://doi.org/10.20350/digitalCSIC/15113",(CENIM) Conjuntos de datos,True
274,274,274,342,481260,2023,2023,Nudibranch predation boosts sponge silicon cycling,http://hdl.handle.net/10261/287921,openAccess,artículo,Publisher's version,http:// creativecommons.org/licenses/by/4.0/,2023-01-31 12:54:01+00:00,Scientific Reports 13: 1178 (2023),(IIM) Artículos,True
275,275,275,343,481293,2023-02,2023,Will a hyperactive classical complement pathway exacerbate autoimmune diseases?,http://hdl.handle.net/10261/287925,closedAccess,artículo,,,2023-01-31 13:03:11+00:00,Autoimmunity Reviews  103241 (2023),(CIB) Artículos,True
276,276,276,344,481298,2023-01-23 00:00:00,2023,Structures of pMV158 replication initiator RepB with and without DNA reveal a flexible dual-function protein,http://hdl.handle.net/10261/287931,openAccess,artículo,Publisher's version,https://creativecommons.org/licenses/by/4.0/,2023-01-31 13:52:11+00:00,Nucleic Acids Research  51(3): 1458-1472 (2023),(CIB) Artículos,True
277,277,277,346,481300,2023-01,2023,Programa de Seguimiento de Procesos Naturales. Espacio Natural de Doñana. Memoria 2022,http://hdl.handle.net/10261/287933,openAccess,informe técnico,,,2023-01-31 14:17:40+00:00,"ICTS de la Reserva Biológica de Doñana, Programa de Seguimiento de Procesos Naturales. Espacio Natural de Doñana. Memoria 2022, No disponible, http://dx.doi.org/10.13039/501100004837, http://hdl.handle.net/10261/287933",(EBD) ICTS Reserva Biológica de Doñana,True
278,278,278,347,481326,2023-02-01 00:00:00,2023,Exploring the conceptual structure of Spanish Experimental Psychology [Review],http://hdl.handle.net/10261/288058,openAccess,revisión,,http://creativecommons.org/licenses/by/4.0/,2023-02-01 16:57:29+00:00,"Autor desconocido, Sin título, No disponible, No disponible, No disponible",OPRM: Open Peer Reviews,True
279,279,279,348,481328,2023-02-01 00:00:00,2023,From Basic to Applied Science: The Case of the Differential Outcomes Procedure [Review],http://hdl.handle.net/10261/288059,openAccess,revisión,,http://creativecommons.org/licenses/by/4.0/,2023-02-01 17:03:04+00:00,"Autor desconocido, Sin título, No disponible, No disponible, No disponible",OPRM: Open Peer Reviews,True
280,280,280,349,481353,2023-01-25 00:00:00,2023,"Tarro canelo – Tadorna ferruginea (Pallas, 1764)",http://hdl.handle.net/10261/287988,openAccess,informe técnico,Publisher's version,https://creativecommons.org/licenses/by-nc-nd/4.0/,2023-02-01 11:38:33+00:00,Enciclopedia Virtual de los Vertebrados Españoles,(MNCN) Enciclopedia Virtual de los Vertebrados Españoles,True
281,281,281,350,481408,2023-02-01 00:00:00,2023,Tectonic map of the Iberian continental margins and abyssal plains: Tectonic features and Main Map references,http://hdl.handle.net/10261/288043,openAccess,dataset,,https://creativecommons.org/licenses/by/4.0/,2023-02-01 14:49:20+00:00,"Druet Vélez, María; Bohoyo, Fernando; Maestro González, Adolfo; Mink Proeck, Sandra Martina; García Senz, Jesús María; Pedrera Parias, Antonio; Rodríguez Fernández, R.; 2023; Tectonic map of the Iberian continental margins and abyssal plains: Tectonic features and Main Map references [Dataset]; https://doi.org/10.20350/digitalCSIC/15115",(IGME) Conjuntos de datos,True
282,282,282,351,481424,2023-03,2023,1st European Meeting on Geomicrobiology of volcanic caves. Book of Abstract,http://hdl.handle.net/10261/296261,openAccess,capítulo de libro,Publisher's version,,2023-03-01 06:51:23+00:00,1st European Meeting on Geomicrobiology of volcanic caves. Book of Abstract: 36 pág. (2023),(IRNAS) Libros y partes de libros,True
283,283,283,352,481470,2023,2023,Carta de Servicios Red de Bibliotecas y Archivos del CSIC 2023-2026,http://hdl.handle.net/10261/288096,openAccess,documento de trabajo,,http://creativecommons.org/licenses/by-nc-sa/4.0/,2023-02-02 10:08:17+00:00,"CSIC - Unidad de Recursos de Información Científica para la Investigación (URICI), Carta de Servicios Red de Bibliotecas y Archivos del CSIC 2023-2026, No disponible, https://doi.org/10.20350/digitalCSIC/15118, http://hdl.handle.net/10261/288096",(URICI) Informes y documentos de trabajo,True
284,284,284,353,481471,2023-03,2023,Affirmative action and the choice of schools,http://hdl.handle.net/10261/288102,embargoedAccess,artículo,Postprint,,2023-02-02 10:13:16+00:00,Journal of Public Economics 219: 104824 (2023),(IAE) Artículos,True
285,285,285,354,481494,2023-03-07 00:00:00,2023,"Monitoring of internal temperature and humidity of 2 types of CTL (pine and fir) placed outdoor in 3 different climatic conditions (Madrid, Avila and Seville)[Dataset]",http://hdl.handle.net/10261/349892,openAccess,dataset,,https://creativecommons.org/licenses/by-sa/4.0/,2024-03-11 09:59:20+00:00,"Aparicio Secanellas, Sofía;  Galván Rodríguez, Jorge; Anaya Velayos, José Javier; GONZALEZ HERNANDEZ, MARGARITA; 2023; Monitoring of internal temperature and humidity of 2 types of CTL (pine and fir) placed outdoor in 3 different climatic conditions (Madrid, Avila and Seville)[Dataset];DIGITAL.CSIC;Versión 1 ;DOI]",(ITEFI) Conjuntos de datos,True
286,286,286,355,481513,2023-01-10 00:00:00,2023,Microscopic mechanism of ferroelectric properties in barium hexaferrites,http://hdl.handle.net/10261/288140,openAccess,artículo,Pre-print,,2023-02-02 12:17:06+00:00,Journal of Alloys and Compounds 931: 167433 (2023),(ICMAB) Artículos,True
287,287,287,356,481532,2023-01,2023,Effect of Water Stress on the Yield of Indeterminate-Growth Green Bean Cultivars (Phaseolus vulgaris L.) during the Autumn Cycle in Southern Spain,http://hdl.handle.net/10261/288190,openAccess,artículo,Publisher's version,https://creativecommons.org/licenses/by/4.0/,2023-02-03 08:58:13+00:00,Agriculture 13(1): 46 (2023),(IRNAS) Artículos,True
288,288,288,357,481536,2023-01-13 00:00:00,2023,Identification of a new structural family of SGK1 inhibitors as potential neuroprotective agents,http://hdl.handle.net/10261/288164,openAccess,artículo,Publisher's version,https://creativecommons.org/licenses/by/4.0/,2023-02-02 14:09:17+00:00,Journal of Enzyme Inhibition and Medicinal Chemistry 38 (1) 2153841 (2023),(CIB) Artículos,True
289,289,289,358,481556,2023-01-16 00:00:00,2023,Statistical study of the effectiveness of surface application of graphene oxide as a coating for concrete protection,http://hdl.handle.net/10261/288184,openAccess,artículo,Publisher's version,https://creativecommons.org/licenses/by/4.0/,2023-02-03 08:29:00+00:00,Coatings 13(1): 213 (2023),(ICB) Artículos,True
290,290,290,359,481558,2023-01-18 00:00:00,2023,"Genome sequence of Stenotrophomonas indicatrix CPHE1, a powerful phenanthrene-degrading bacterium",http://hdl.handle.net/10261/288894,openAccess,artículo,Postprint,,2023-02-10 13:30:52+00:00,3 Biotech 13: 53 (2023),(IRNAS) Artículos,True
291,291,291,360,481567,2023-01-04 00:00:00,2023,A subset of PD-1-expressing CD56bright NK cells identifies patients with good response to immune checkpoint inhibitors in lung cancer,http://hdl.handle.net/10261/288197,openAccess,artículo,Publisher's version,https://creativecommons.org/licenses/by/4.0/,2023-02-03 09:32:54+00:00,Cancers 15(2): 329 (2923),(INMA) Artículos,True
292,292,292,362,481573,2023-02-03 00:00:00,2023,From Basic to Applied Science: The Case of the Differential Outcomes Procedure [Review],http://hdl.handle.net/10261/288257,openAccess,revisión,,http://creativecommons.org/licenses/by/4.0/,2023-02-03 12:59:18+00:00,"Luque, David, From Basic to Applied Science: The Case of the Differential Outcomes Procedure [Review], No disponible, https://doi.org/10.20350/digitalCSIC/15198, http://hdl.handle.net/10261/288257",OPRM: Open Peer Reviews,True
293,293,293,363,481575,2023-02-03 00:00:00,2023,Brain derived neurotrophic factor (BDNF) polymorphisms and memory in healthy adults with university education [Review],http://hdl.handle.net/10261/288258,openAccess,revisión,,http://creativecommons.org/licenses/by/4.0/,2023-02-03 12:59:48+00:00,"López-Higes, Ramón, Brain derived neurotrophic factor (BDNF) polymorphisms and memory in healthy adults with university education [Review], No disponible, https://doi.org/10.20350/digitalCSIC/15200, http://hdl.handle.net/10261/288258",OPRM: Open Peer Reviews,True
294,294,294,364,481576,2023-01-22 00:00:00,2023,Comparison of the Use of Traditional Solvents and Nanosecond 213 nm Nd:YAG Laser in Thinning Naturally Aged Varnish on a Contemporary Oil Easel Painting,http://hdl.handle.net/10261/288198,openAccess,artículo,Publisher's version,https://creativecommons.org/licenses/by/4.0/,2023-02-03 09:33:27+00:00,Heritage 6(2): 957-967 (2023),(IQF) Artículos,True
295,295,295,365,481597,2023-02,2023,SPEIbase v.2.8 [Dataset],http://hdl.handle.net/10261/288226,openAccess,dataset,,,2023-02-03 11:32:50+00:00,"Beguería, Santiago; Vicente Serrano, Sergio M.; Reig-Gracia, Fergus; Latorre Garcés, Borja; 2023; SPEIbase v.2.8 [Dataset]; DIGITAL.CSIC; Version 2.8; https://doi.org/10.20350/digitalCSIC/15121",(EEAD) SPEIbase,True
296,296,296,368,481637,2023-01-09 00:00:00,2023,Synergy of Ion Exchange and Covalent Reaction: Immobilization of Penicillin G Acylase on Heterofunctional Amino-Vinyl Sulfone Agarose,http://hdl.handle.net/10261/288270,openAccess,artículo,Publisher's version,https://creativecommons.org/licenses/by/4.0,2023-02-04 11:20:04+00:00,Catalysts 13(1): 151 (2023),(ICP) Artículos,True
297,297,297,369,481638,2023-01-10 00:00:00,2023,Evaluation of Fillers for Magnesium Potassium Phosphate Cement (MKPC) for the Encapsulation of Low and Intermediate Level Metallic Radioactive Wastes,http://hdl.handle.net/10261/288271,openAccess,Artículo,Publisher's version,https://creativecommons.org/licenses/by/4.0,2023-02-04 11:20:10+00:00,Materials 16(2): 679 (2023),(IETCC) Artículos,True
298,298,298,370,481639,2023-01-11 00:00:00,2023,Conceptualizing New Materialism in Geographical Studies of the Rural Realm,http://hdl.handle.net/10261/288272,openAccess,artículo,Publisher's version,https://creativecommons.org/licenses/by/4.0,2023-02-04 11:20:17+00:00,Land 12(1): 225 (2023),(CCHS-IPP) Artículos,True
299,299,299,371,481640,2023-01-12 00:00:00,2023,Plant and Meadow Structure Characterisation of Posidonia oceanica in Its Westernmost Distribution Range,http://hdl.handle.net/10261/288273,openAccess,artículo,Publisher's version,https://creativecommons.org/licenses/by/4.0,2023-02-04 11:20:22+00:00,Diversity 15(1): 101 (2023),(IIM) Artículos,True
300,300,300,373,481641,2023-01-12 00:00:00,2023,Foliar Fertilization of Potassium Silicon Improved Postharvest Fruit Quality of Peach and Nectarine [Prunus persica (L.) Batsch] Cultivars,http://hdl.handle.net/10261/288274,openAccess,artículo,Publisher's version,https://creativecommons.org/licenses/by/4.0,2023-02-04 11:20:26+00:00,Agriculture 13 (1): 195 (2023),(EEAD) Artículos,True
301,301,301,374,481642,2023-01-14 00:00:00,2023,Juices and By-Products of Red-Fleshed Sweet Oranges: Assessment of Bioactive and Nutritional Compounds,http://hdl.handle.net/10261/288275,openAccess,artículo,Publisher's version,https://creativecommons.org/licenses/by/4.0,2023-02-04 11:20:35+00:00,Foods 12(2): 400 (2023),(IATA) Artículos,True
302,302,302,375,481643,2023-01-18 00:00:00,2023,Technical-Economic Assessment-The Missing Piece for Increasing the Attractiveness of Applied Biocatalysis in Ester Syntheses?,http://hdl.handle.net/10261/288276,openAccess,artículo,Publisher's version,https://creativecommons.org/licenses/by/4.0,2023-02-04 11:20:45+00:00,Catalysts 13(2): 223 (2023),(ICP) Artículos,True
303,303,303,376,481644,2023-01-25 00:00:00,2023,"The Mortella II Wreck, a Genoese Merchantman Sunk in 1527 in Corsica (Saint-Florent, France): A Preliminary Assessment of the Site, Hull Structures and Artefacts",http://hdl.handle.net/10261/288277,openAccess,Artículo,Publisher's version,https://creativecommons.org/licenses/by/4.0,2023-02-04 11:21:09+00:00,Heritage 6(2): 1028-1068 (2023),(CCHS) Artículos,True
304,304,304,377,481645,2023-01-26 00:00:00,2023,The Role of Cymodocea nodosa and Caulerpa prolifera Meadows as Nitrogen Sinks in Temperate Coastal Lagoons,http://hdl.handle.net/10261/288278,openAccess,artículo,Publisher's version,https://creativecommons.org/licenses/by/4.0,2023-02-04 11:21:15+00:00,Diversity 15(2): 172 (2023),(IEO) Artículos,True
305,305,305,378,481646,2023-01-27 00:00:00,2023,Fast and Sustained Axonal Growth by BDNF Released from Chitosan Microspheres,http://hdl.handle.net/10261/288279,openAccess,artículo,Publisher's version,https://creativecommons.org/licenses/by/4.0,2023-02-04 11:21:19+00:00,Marine Drugs 21(2): 91 (2023),(ICTP) Artículos,True
306,306,306,380,481647,2023-01-31 00:00:00,2023,"Sustainable Geographical Changes in Rural Areas-Social, Environmental and Cultural Dimensions",http://hdl.handle.net/10261/288280,openAccess,editorial,Publisher's version,https://creativecommons.org/licenses/by/4.0,2023-02-04 11:21:30+00:00,Sustainability 15(3): 2517 (2023),(CCHS-IPP) Artículos,True
307,307,307,381,481648,2023-02-01 00:00:00,2023,Enzyme Immobilization,http://hdl.handle.net/10261/288281,openAccess,editorial,Publisher's version,https://creativecommons.org/licenses/by/4.0,2023-02-04 11:21:35+00:00,Molecules 28(3): 1373 (2023),(ICP) Artículos,True
308,308,308,382,481649,2023-02-01 00:00:00,2023,Association between moderate alcohol consumption and subjective quality of life in Spanish young adults,http://hdl.handle.net/10261/288282,openAccess,artículo,Publisher's version,https://creativecommons.org/licenses/by/4.0,2023-02-04 11:21:44+00:00,Nutrients 15(3): 750 (2023),(ICTAN) Artículos,True
309,309,309,383,481657,2023-01-05 00:00:00,2023,Taxon Cycles in Neotropical Mangroves,http://hdl.handle.net/10261/288287,openAccess,artículo,Publisher's version,,2023-02-06 08:01:49+00:00,Plants 12(2):244(2023),(IBB) Artículos,True
310,310,310,384,481658,2023-01-26 00:00:00,2023,LIFE medCLIFFS. Un proyecto europeo para la gestión integral de las especies vegetales invasoras en el litoral del NE de Cataluña (España),http://hdl.handle.net/10261/288290,openAccess,póster de congreso,,,2023-02-06 08:05:59+00:00,"VII Conference of the Biodiversity Research Institute: ""Urban Biodiversity"" (2023)",(IBB) Comunicaciones congresos,True
311,311,311,385,481672,2023,20233,"Cephalopods, a gap in the European Marine Strategy Framework Directive and their future integration",http://hdl.handle.net/10261/288300,openAccess,artículo,Publisher's version,http://creativecommons.org/licenses/by/4.0/,2023-02-06 09:21:19+00:00,Marine Biology 170: 26 (2023),(IEO) Artículos,True
312,312,312,387,481673,2023,2023,An environmentally relevant concentration of antibiotics impairs the immune system of zebrafish (Danio rerio) and increases susceptibility to virus infection,http://hdl.handle.net/10261/288301,openAccess,artículos,Publisher's version,https://creativecommons.org/licenses/by/4.0/,2023-02-06 09:34:17+00:00,Frontiers in Immunology 13: 1100092 (2023),(IIM) Artículos,True
313,313,313,388,481677,2023-04,2023,"Current knowledge on the presence, biodegradation, and toxicity of discarded face masks in the environment",http://hdl.handle.net/10261/288303,openAccess,artículo,Publisher's version,,2023-02-06 09:43:02+00:00,Journal of Environmental Chemical Engineering 11 (2): 109308 (2023),(IDAEA) Artículos,True
314,314,314,389,481680,2023,2023,"Diaporthe atlantica enhances tomato drought tolerance by improving photosynthesis, nutrient uptake and enzymatic antioxidant response",http://hdl.handle.net/10261/288381,openAccess,artículo,Publisher's version,http://creativecommons.org/licenses/by/4.0/,2023-02-06 13:27:42+00:00,Frontiers in Plant Science 14: 1118698 (2023),(IRNASA) Artículos,True
315,315,315,390,481681,2023-01-13 00:00:00,2023,Phenomenology of ultrafine particle concentrations and size distribution across urban Europe,http://hdl.handle.net/10261/288305,openAccess,artículo,Publisher's version,,2023-02-06 09:48:43+00:00,Environment International 172: 107744 (2023),(IDAEA) Artículos,True
316,316,316,391,481687,2023-01,2023,Frameworks for mapping lake ecosystem services. An example from Lithuania,http://hdl.handle.net/10261/288312,openAccess,artículo,Publisher's version,,2023-02-06 10:11:46+00:00,MethodsX 10: 102015 (2023),(IDAEA) Artículos,True
317,317,317,392,481689,2023-01-31 00:00:00,2023,Snow-Dependent Biogeochemical Cycling of Polycyclic Aromatic Hydrocarbons at Coastal Antarctica,http://hdl.handle.net/10261/288313,openAccess,artículo,Publisher's version,,2023-02-06 10:16:26+00:00,Environmental Science and Technology 57 (4): 1625–1636 (2023),(IDAEA) Artículos,True
318,318,318,393,481691,2023-01-12 00:00:00,2023,Perspectives of the Application of Non-Steroidal Anti-Inflammatory Drugs in Cancer Therapy: Attempts to Overcome Their Unfavorable Side Effects,http://hdl.handle.net/10261/288315,openAccess,artículo,Publisher's version,,2023-02-06 10:20:13+00:00,Cancers 15 (2): 475 (2023),(IQAC) Artículos,True
319,319,319,394,481694,2023-01-16 00:00:00,2023,Exosomes-Based Nanomedicine for Neurodegenerative Diseases: Current Insights and Future Challenges,http://hdl.handle.net/10261/288318,openAccess,artículo,Publisher's version,,2023-02-06 10:27:19+00:00,Pharmaceutics 15 (1): 298 (2023),(IQAC) Artículos,True
320,320,320,395,481698,2023-01-04 00:00:00,2023,Cpt1c Downregulation Causes Plasma Membrane Remodelling and Anthracycline Resistance in Breast Cancer,http://hdl.handle.net/10261/288321,openAccess,artículo,Publisher's version,,2023-02-06 10:32:40+00:00,International Journal of Molecular Sciences 24 (2): 946 (2023),(IQAC) Artículos,True
321,321,321,396,481717,2023-05,2023,Urea versus fractional Er:YAG laser pretreatment of methylene blue photodynamic therapy in the treatment of moderate toenail onychomycosis: short- and medium-term effects,http://hdl.handle.net/10261/288347,openAccess,aartículo,Publisher's version,http://creativecommons.org/licenses/by/4.0/,2023-02-06 12:08:20+00:00,Archives of Dermatological Research (2022),(IQF) Artículos,True
322,322,322,397,481729,2023-01-01 00:00:00,2023,Efficient Lead Pb(II) Removal with Chemically Modified Nostoc commune Biomass,http://hdl.handle.net/10261/288352,openAccess,artículo,Publisher's version,https:// creativecommons.org/licenses/by/ 4.0/,2023-02-06 12:21:07+00:00,Molecules  28(1): 268 (2023),(IQF) Artículos,True
323,323,323,398,481746,2023-02,2023,Surface characterization of alkane viral anchoring films prepared by titanate-assisted organosilanization,http://hdl.handle.net/10261/288373,openAccess,artículo,Publisher's version,https://creativecommons.org/licenses/by-nc-nd/4.0/,2023-02-06 13:04:10+00:00,Colloids and Surfaces B: Biointerfaces 222:113136 (2023),(IQF) Artículos,True
324,324,324,400,481749,2023-01,2023,Pelagia noctiluca (Cnidaria: Scyphozoa) as an industrial research model: Improvements in aquaculture techniques and preventive measures against their stings,http://hdl.handle.net/10261/288382,openAccess,tesis doctoral,,,2023-02-06 13:28:50+00:00,"Autor desconocido, Sin título, No disponible, No disponible, No disponible",(ICM) Tesis,True
325,325,325,401,481772,2023-01-26 00:00:00,2023,"Consuelo Naranjo (editora), Los márgenes de la esclavitud: resistencia, control y abolición en el Caribe y América Latina, Madrid, Editorial Dykinson, 2021 [RESEÑA]",http://hdl.handle.net/10261/288395,openAccess,artículo,Publisher's version,Con permiso de la revista para autores CSIC,2023-02-06 15:12:52+00:00,Minius 27: 449-456 (2022),(CCHS-IH) Artículos,True
326,326,326,402,481773,2023,2023,"Jorge Enrique Elías-Caro y Consuelo Naranjo Orovio (eds.). Migraciones antillanas. Trabajo, desigualdad y xenofobia. Santa Marta, Colombia: Editorial Unimagdalena, 2021 [RESEÑA]",http://hdl.handle.net/10261/288396,openAccess,artículo,Postprint,https://creativecommons.org/licenses/by-nc-nd/3.0/cr/,2023-02-06 15:18:31+00:00,"Cuadernos Inter.c.a.mbio sobre Centroamérica y el Caribe, 20(1): e54067 (2023)",(CCHS-IH) Artículos,True
327,327,327,403,481774,2023-01-01 00:00:00,2023,Fused in sarcoma undergoes cold denaturation: Implications for phase separation,http://hdl.handle.net/10261/288397,openAccess,artículo,Publisher's version,https://creativecommons.org/licenses/by-nc-nd/4.0/,2023-02-06 15:31:47+00:00,Protein Science 32: :e4521 (2023),(IQF) Artículos,True
328,328,328,404,481776,2023-05,2023,Dataset for the paper: Testing protective coatings for metal conservation: the influence of the application method,http://hdl.handle.net/10261/307309,openAccess,dataset,,https://creativecommons.org/licenses/by/4.0/,2023-04-24 16:31:06+00:00,"Molina, María Teresa; Cano Díaz, Emilio; Ramírez Barat, Blanca; 2023; Dataset for the paper: Testing protective coatings for metal conservation: the influence of the application method; [Dataset]; DIGITAL.CSIC; DOI: 10.20350/digitalCSIC/15237",(CENIM) Conjuntos de datos,True
329,329,329,405,481795,2023,2023,Increasing wood ?15N in response to pig manure application,http://hdl.handle.net/10261/288414,openAccess,artículo,Publisher's version,http://creativecommons.org/licenses/by/4.0/,2023-02-07 08:36:28+00:00,Forests 14(1): 8 (2023),(IGME) Artículos,True
330,330,330,408,481801,2023-01-03 00:00:00,2023,Development of polar phases in ferroelectric poly(vinylidene fluoride) (PVDF) nanoparticles,http://hdl.handle.net/10261/288422,openAccess,artículo,Publisher's version,https://creativecommons.org/licenses/by-nc-nd/4.0/,2023-02-07 08:51:15+00:00,Polymer Volume 264(3): 125540 (2023),(IQF) Artículos,True
331,331,331,410,481803,2023-01-07 00:00:00,2023,Genetic Variation for Cold Tolerance in Two Nested Association Mapping Populations,http://hdl.handle.net/10261/288426,openAccess,artículo,Publisher's version,https://creativecommons.org/licenses/by/4.0/,2023-02-07 09:09:20+00:00,Agronomy 3: 195 (2023),(EEAD) Artículos,True
332,332,332,412,481806,2023-03,2023,Surface and interior dynamics of Arctic Seas using Surface Quasi-Geostrophic Approach,http://hdl.handle.net/10261/288431,openAccess,artículo,Publisher's version,https://creativecommons.org/licenses/by/4.0/deed.es,2023-02-07 09:29:39+00:00,Remote Sensing 15(7): 1722 (2023),(ICM) Artículos,True
333,333,333,413,481810,2023,2023,Non-photochemical quenching of photosystem I as an adaptive response to prolonged drought,http://hdl.handle.net/10261/288428,openAccess,artículo,Publisher's version,http://creativecommons.org/licenses/by/4.0/,2023-02-07 09:16:21+00:00,Journal of Experimental Botany 74 (1): 16-18 (2023),(IRNASA) Artículos,True
334,334,334,414,481812,2023-02-01 00:00:00,2023,"A quantum-chemical study of boro-fullerenes B60H60, B60F30H30, and B60F60",http://hdl.handle.net/10261/288429,embargoedAccess,artículo,Postprint,,2023-02-07 09:21:49+00:00,Computational and Theoretical Chemistry 1220: 113987 (2023),(IQM) Artículos,True
335,335,335,416,481821,2023-01-20 00:00:00,2023,Microglial phagocytosis dysfunction in stroke is driven by energy depletion and induction of autophagy,http://hdl.handle.net/10261/288545,openAccess,artículo,Publisher's version,https://creativecommons.org/licenses/by-nc-nd/4.0/,2023-02-07 13:18:51+00:00,"Beccari, Sol, Sierra-Torre, Virginia, Valero, Jorge, Pereira-Iglesias, Marta, García-Zaballa, Mikel, Soria, Federico N., De Las Heras-Garcia, Laura, Carretero-Guillén, Alejandro, Capetillo-Zarate, Estibaliz, Domercq, María, Huguet, Paloma R., Ramonet, David, Osman, Ahmed M., Han, Wei, Domínguez, Cecilia, Faust, Travis E., Touzani, Omar, Pampliega, Olatz, Boya, Patricia, Schafer, Dorothy, Mariño, Guillermo, Canet-Soulas, Emmanuelle, Blomgren, Klas, Plaza-Zabala, Ainhoa, Sierra, Amanda, Microglial phagocytosis dysfunction in stroke is driven by energy depletion and induction of autophagy, No disponible, http://dx.doi.org/10.13039/501100003086, http://hdl.handle.net/10261/288545",(CIB) Artículos,True
336,336,336,417,481834,2023-01-31 00:00:00,2023,Natural versus conventional production of Spanish white wines: an exploratory study,http://hdl.handle.net/10261/288452,openAccess,artículo,Publisher's version,https://creativecommons.org/licenses/by-nc/4.0/,2023-02-07 10:38:42+00:00,"Journal of the Science of Food and Agriculture, 103(7): 3540-3549 (2023)",(IPNA) Artículos,True
337,337,337,419,481894,2023-04-01 00:00:00,2023,Influence of film thickness and substrate roughness on the formation of laser induced periodic surface structures in poly(ethylene terephthalate) films deposited over gold substrates,http://hdl.handle.net/10261/288508,openAccess,artículo,Publisher's version,https://creativecommons.org/licenses/by-nc-nd/4.0/,2023-02-07 12:03:15+00:00,Optics and Laser Technology 159: 109007 (2023),(CFMAC-IEM) Artículos,True
338,338,338,421,481908,2023-01-09 00:00:00,2023,The diverse meteorology of Jezero crater over the first 250 sols of Perseverance on Mars,http://hdl.handle.net/10261/288536,openAccess,artículo,Publisher's version,http://creativecommons.org/licenses/by/4.0/,2023-02-07 12:56:15+00:00,Nature Geoscience 16:19–28 (2023),(ICMS) Artículos,True
339,339,339,424,481924,2023,2023,Changes in vineyard soil parameters after repeated application of organic-inorganic amendments based on spent mushroom substrate,http://hdl.handle.net/10261/288540,openAccess,artículo,Publisher's version,http://creativecommons.org/licenses/by/4.0/,2023-02-07 13:01:28+00:00,Environmental Research 221: 115339 (2023),(IRNASA) Artículos,True
340,340,340,425,481943,2023-01-25 00:00:00,2023,Soil physicochemical properties associated with the yield and phytochemical composition of the edible halophyte Crithmum maritimum,http://hdl.handle.net/10261/288554,openAccess,artículo,Publisher's version,https://creativecommons.org/licenses/by-nc-nd/4.0/,2023-02-07 13:45:10+00:00,Science of the Total Environment 869: 161806 (2023),(MBG) Artículos,True
341,341,341,427,481951,2023-01-31 00:00:00,2023,Microbial Interactions Related to N2O Emissions and Temperature Sensitivity from Rice Paddy Fields,http://hdl.handle.net/10261/288881,openAccess,artículo,Publisher's version,https://creativecommons.org/licenses/by/4.0/,2023-02-10 12:55:55+00:00,mBio e0326222. (2023),(IRNAS) Artículos,True
342,342,342,428,481952,2023-01-23 00:00:00,2023,Effect of herbivore load on VOC-mediated plant communication in potato,http://hdl.handle.net/10261/288559,closedAccess,artículo,,,2023-02-07 14:10:18+00:00,Planta 257:42 (2023),(MBG) Artículos,True
343,343,343,429,481991,2023-02-08 00:00:00,2023,Attentional differences between gaze and arrows processing: where vs what are eyes looking at [Annotation],http://hdl.handle.net/10261/288785,openAccess,comentario,,http://creativecommons.org/licenses/by/4.0/,2023-02-09 13:08:36+00:00,"Aranda-Martín, Belén, Attentional differences between gaze and arrows processing: where vs what are eyes looking at [Annotation], No disponible, No disponible, http://hdl.handle.net/10261/288785",OPRM: Open Comments,True
344,344,344,430,481992,2023-02-08 00:00:00,2023,Attentional differences between gaze and arrows processing: where vs what are eyes looking at [Annotation],http://hdl.handle.net/10261/288786,openAccess,comentario,,http://creativecommons.org/licenses/by/4.0/,2023-02-09 13:08:59+00:00,"Autor desconocido, Sin título, No disponible, No disponible, No disponible",OPRM: Open Comments,True
345,345,345,431,481999,2023-01-10 00:00:00,2023,The origin of star-forming rings in S0 galaxies,http://hdl.handle.net/10261/289535,openAccess,artículo,Publisher's version,https://creativecommons.org/licenses/by/4.0/,2023-02-16 11:17:28+00:00,Astrophysical Journal 942(1): 48 (2023),(ICE) Artículos,True
346,346,346,433,482000,2023-01-01 00:00:00,2023,Exploring the variability of the venusian thermosphere with the IPSL Venus GCM,http://hdl.handle.net/10261/289544,openAccess,artículo,Publisher's version,https://creativecommons.org/licenses/by-nc-nd/4.0/,2023-02-16 11:33:44+00:00,Icarus 389: 115272 (2023),(IAA) Artículos,True
347,347,347,434,482004,2023-01-23 00:00:00,2023,Multicopper oxidases with laccase-ferroxidase activity: Classification and study of ferroxidase activity determinants in a member from Heterobasidion annosum s. l.,http://hdl.handle.net/10261/288613,openAccess,artículo,Publisher's version,https://creativecommons.org/licenses/by-nc-nd/4.0/,2023-02-08 10:37:54+00:00,Computational and Structural Biotechnology Journal 21: 1041-1053 (2023),(CIB) Artículos,True
348,348,348,435,482018,2023-01-01 00:00:00,2023,Identification of promising accessions of wild Lupinus hispanicus Boiss. et Reut. from northwestern Spain,http://hdl.handle.net/10261/288616,closedAccess,paper,,,2023-02-08 10:44:37+00:00,Genetic Resources and Crop Evolution (2023),(MBG) Artículos,True
349,349,349,436,482023,2023-03-01 00:00:00,2023,Ectomycorrhizal fungi with hydrophobic mycelia and rhizomorphs dominate in young pine trees surviving experimental drought stress,http://hdl.handle.net/10261/288627,openAccess,artículo,Publisher's version,https://creativecommons.org/licenses/by/4.0/,2023-02-08 11:09:48+00:00,Soil Biology and Biochemistry 178:108932 (2023),(MBG) Artículos,True
350,350,350,437,482027,2023-01-17 00:00:00,2023,Cell wall dynamics stabilize tip growth in a filamentous fungus,http://hdl.handle.net/10261/288639,openAccess,artículo,Publisher's version,https://creativecommons.org/licenses/by/4.0/,2023-02-08 11:39:47+00:00,PLoS - Biology 21 (1) e3001981 (2023),(CIB) Artículos,True
351,351,351,438,482068,2023,2023,Synthesis and Characterization of a Novel Resveratrol Xylobioside Obtained Using a Mutagenic Variant of a GH10 Endoxylanase,http://hdl.handle.net/10261/288672,openAccess,paper,Publisher's version,https://creativecommons.org/licenses/by/4.0/,2023-02-08 13:24:39+00:00,"Antioxidants, 12(1), 85: 1-16 (2023)",(IPNA) Artículos,True
352,352,352,440,482090,2023-01-19 00:00:00,2023,Soil Bacterial Community Tolerance to Three Tetracycline Antibiotics Induced by Ni and Zn,http://hdl.handle.net/10261/288686,openAccess,artículo,,,2023-02-08 14:24:35+00:00,Spanish Journal of Soil Science 13:10799 (2023),(MBG) Artículos,True
353,353,353,441,482103,2023-01-01 00:00:00,2023,Linear Stochastic Analysis of the Partial Reversibility of Ensemble and Effective Dispersion in Heterogeneous Porous Media,http://hdl.handle.net/10261/288698,openAccess,artículo,Publisher's version,,2023-02-09 06:55:31+00:00,Water Resources Research 59 (1): e2022WR033570 (2023),(IDAEA) Artículos,True
354,354,354,442,482145,2023-01-04 00:00:00,2023,Prompt Emission and Early Optical Afterglow of Very-high-energy Detected GRB 201015A and GRB 201216C: Onset of the External Forward Shock,http://hdl.handle.net/10261/289545,openAccess,artículoss,Publisher's version,https://creativecommons.org/licenses/by/4.0/,2023-02-16 11:37:44+00:00,Astrophysical Journal 942(1): 34 (2023),(IAA) Artículos,True
355,355,355,443,482157,2023-02-07 00:00:00,2023,Short- and long-term responses of nematode communities to predicted rainfall reduction in Mediterranean forests,http://hdl.handle.net/10261/288866,openAccess,artículo,Publisher's version,https://creativecommons.org/licenses/by-nc-nd/4.0/,2023-02-10 11:42:46+00:00,Soil Biology and Biochemistry 179: 108974 (2023),(IRNAS) Artículos,True
356,356,356,444,482159,2023-01-01 00:00:00,2023,"Gas-rich, Field Ultra-diffuse Galaxies Host Few Gobular Clusters",http://hdl.handle.net/10261/290360,openAccess,article,Publisher's version,https://creativecommons.org/licenses/by/4.0/,2023-02-17 11:11:38+00:00,Astrophysical Journal Letters 942(1): L5 (2023),(IAA) Artículos,True
357,357,357,445,482166,2023-01,2023,?CDM halo substructure properties revealed with high-resolution and large-volume cosmological simulations,http://hdl.handle.net/10261/290378,openAccess,artículo,Publisher's version,,2023-02-17 12:07:37+00:00,Monthly Notices of the Royal Astronomical Society 518(1): 157-173 (2023),(IAA) Artículos,True
358,358,358,446,482167,2023-02-09 00:00:00,2023,Evaluación de La Noche Europea de L@s Investigador@s Andalucía. Open Researchers 2022,http://hdl.handle.net/10261/288757,openAccess,dataset,,"No hay restricciones, siempre que se reconozca debidamente la fuente.-- There are no restrictions, provided the source is properly acknowledged.",2023-02-09 11:40:00+00:00,"Domínguez Álvarez, Juan Antonio; Lafuente, Regina; Ranchal Romero, Julia; Trujillo Carmona, Manuel; 2023; Evaluación de La Noche Europea de L@s Investigador@s Andalucía. Open Researchers 2022 [Dataset]; DIGITAL.CSIC; https://doi.org/10.20350/digitalCSIC/15122",(IESA) Conjuntos de datos,True
359,359,359,447,482176,2023-01,2023,The miniJPAS survey: stellar atmospheric parameters from 56 optical filters,http://hdl.handle.net/10261/290385,openAccess,artículo,Publisher's version,,2023-02-17 12:22:38+00:00,Monthly Notices of the Royal Astronomical Society 518(2): 2018-2033 (2023),(IAA) Artículos,True
360,360,360,449,482190,2023-02-07 00:00:00,2023,"Flamenco Común – Phoenicopterus roseus Pallas, 1811",http://hdl.handle.net/10261/288777,openAccess,informe técnico,Publisher's version,https://creativecommons.org/licenses/by-nc-nd/4.0/,2023-02-09 12:34:26+00:00,Enciclopedia Virtual de los Vertebrados Españoles,(MNCN) Enciclopedia Virtual de los Vertebrados Españoles,True
361,361,361,450,482226,2023-02-08 00:00:00,2023,First Insights into the Bacterial Diversity of Mount Etna Volcanic Caves,http://hdl.handle.net/10261/288852,openAccess,artículo,Publisher's version,https://creativecommons.org/licenses/by-nc/4.0/,2023-02-10 10:29:54+00:00,Microbial Ecology (2023) https://doi.org/10.1007/s00248-023-02181-2,(IRNAS) Artículos,True
362,362,362,451,482227,2023-01,2023,Occurrence Rate of Hot Jupiters Around Early-type M Dwarfs Based on Transiting Exoplanet Survey Satellite Data,http://hdl.handle.net/10261/290373,openAccess,artículos,Publisher's version,https://creativecommons.org/licenses/by/4.0/,2023-02-17 11:49:25+00:00,Astronomical Journal 165(1): 17 (2023),(IAA) Artículos,True
363,363,363,452,482246,2023-05,2023,Single or repeated immunization against GnRH fails to completely abolish spermatogenesis in dwarf bucks (Capra hircus),http://hdl.handle.net/10261/295361,closedAccess,artículo,Publisher's version,,2023-02-20 13:07:48+00:00,Zoo Biology 42(3): 364-370 (2023),(INIA) Artículos,True
364,364,364,453,482255,2023-03,2023,Pyrolysis carbon compound-specific isotope analysis (Py-CSIA) of Eucalyptus spp. bark and the extracted lignin,http://hdl.handle.net/10261/290338,openAccess,artículos,Publisher's version,https://creativecommons.org/licenses/by-nc-nd/4.0/,2023-02-17 10:18:00+00:00,Journal of Analytical and Applied Pyrolysis 170: 105896 (2023),(IRNAS) Artículos,True
365,365,365,454,482281,2023-01-10 00:00:00,2023,Sulfate-Decorated Amorphous-Crystalline Cobalt-Iron Oxide Nanosheets to Enhance O-O Coupling in the Oxygen Evolution Reaction,http://hdl.handle.net/10261/288873,openAccess,artículo,Post-print,,2023-02-10 12:23:04+00:00,ACS Nano 17(1): 825-836 (2023),(ICMAB) Artículos,True
366,366,366,456,482319,2023-02,2023,Memoria 2022 de la biblioteca Tomás Navarro Tomás,http://hdl.handle.net/10261/288910,openAccess,memoria de actuación,Publisher's version,,2023-02-13 08:03:03+00:00,"Biblioteca Tomás Navarro Tomás (CCHS-CSIC), Memoria 2022 de la biblioteca Tomás Navarro Tomás, No disponible, No disponible, http://hdl.handle.net/10261/288910",(CCHS) Informes y documentos de trabajo,True
367,367,367,457,482330,2023-03-01 00:00:00,2023,Evaluation of two different concentration methods for surveillance of human viruses in sewage and their effects on SARS-CoV-2 sequencing,http://hdl.handle.net/10261/288919,openAccess,artículo,Publisher's version,http://creativecommons.org/licenses/by/4.0/,2023-02-13 08:54:06+00:00,Science of the Total Environment 862:160914 (2023),(PTI Salud Global) Colección Especial COVID-19,True
368,368,368,460,482333,2023-01,2023,A consensus protocol for the recovery of mercury methylation genes from metagenomes,http://hdl.handle.net/10261/288946,openAccess,artículo,,https://creativecommons.org/licenses/by/4.0/,2023-02-13 10:50:59+00:00,Molecular Ecology Resources 23(1): 190-204 (2023),(ICM) Artículos,True
369,369,369,461,482336,2023,2023,"Major, minor and trace element concentrations in the muscle and liver of a pregnant female Pacific sharpnose shark (Rhizoprionodon longurio) and its embryos",http://hdl.handle.net/10261/288927,embargoedAccess,artículo,,,2023-02-13 09:14:50+00:00,Marine Pollution Bulletin 188: 114619 (2023),(IIM) Artículos,True
370,370,370,462,482337,2023-01-31 00:00:00,2023,Giant Fern Genomes Show Complex Evolution Patterns: A Comparative Analysis in Two Species of Tmesipteris (Psilotaceae),http://hdl.handle.net/10261/288922,openAccess,artículo,Publisher's version,https://creativecommons.org/licenses/by/4.0/,2023-02-13 08:57:35+00:00,International Journal of Molecular Sciences 24(3):2708(2023),(IBB) Artículos,True
371,371,371,463,482338,2023-02-01 00:00:00,2023,"Proteomic analysis of the mandibular glands from the Chinese crocodile lizard, Shinisaurus crocodilurus - Another venomous lizard?",http://hdl.handle.net/10261/288928,openAccess,artículo,Publisher's versions,http://creativecommons.org/licenses/by/4.0/,2023-02-13 09:25:44+00:00,Toxicon 225:107050 (2023),(IBV) Artículos,True
372,372,372,464,482340,2023,2023,RNA-Seq analysis of juvenile gilthead sea bream (Sparus aurata) provides some clues regarding their resistance to the nodavirus RGNNV genotype,http://hdl.handle.net/10261/288929,openAccess,artículo,Publisher's version,https://creativecommons.org/licenses/by-nc-nd/4.0/,2023-02-13 09:29:13+00:00,Fish and Shellfish Immunology 134: 108588 (2023),(IIM) Artículos,True
373,373,373,465,482343,2023,2023,Molecular characterization of Maccallumtrema xiphiados (Trematoda: Azygiida) and Molicola sp. (Cestoda: Trypanorhyncha) infecting commercial frozen slices of Atlantic swordfish,http://hdl.handle.net/10261/288932,openAccess,artículo,Publisher's version,https://creativecommons.org/licenses/by-nc-nd/4.0/,2023-02-13 09:46:43+00:00,International Journal of Food Microbiology 389: 110103 (2023),(IIM) Artículos,True
374,374,374,466,482350,2023-02-13 00:00:00,2023,BrainGut_WineUp tool for wine volume estimation: consumer study validation,http://hdl.handle.net/10261/288940,openAccess,software,,http://www.apache.org/licenses/LICENSE-2.0,2023-02-13 10:22:12+00:00,"Cobo Cano, Miriam; 2023; BrainGut_WineUp tool for wine volume estimation: consumer study validation [Software]; DIGITAL.CSIC; https://doi.org/10.20350/digitalCSIC/15125",(IFCA) Software de investigación,True
375,375,375,467,482354,2023-02-10 00:00:00,2023,Inborn errors of OAS-RNase L in SARS-CoV-2-related multisystem inflammatory syndrome in children,http://hdl.handle.net/10261/288951,openAccess,artículo,Postprint,,2023-02-13 11:24:19+00:00,Science 379(6632):eabo3627 (2023),(IIBB) Artículos,True
376,376,376,471,482359,2023-01,2023,A robust approach to estimate relative phytoplankton cell abundances from metagenomes,http://hdl.handle.net/10261/288974,openAccess,artículo,Publisher's version,https://creativecommons.org/licenses/by/4.0/,2023-02-13 12:15:43+00:00,Molecular Ecology Resources 23(1): 16-40 (2023),(ICM) Artículos,True
377,377,377,472,482367,2023,2023,Presencia de la literatura latinoamericana en publicaciones periódicas rumanas (1964),http://hdl.handle.net/10261/288967,embargoedAccess,dataset,,,2023-02-13 12:03:30+00:00,"ELASOC, Ilian, Ilinca, Gallardo Saborido, Emilio J., Presencia de la literatura latinoamericana en publicaciones periódicas rumanas (1964), No disponible, https://doi.org/10.20350/digitalCSIC/15127, http://hdl.handle.net/10261/288967",(EEHA) Conjuntos de datos,True
378,378,378,473,482371,2023,2023,Plan de comunicación externa y difusión. Proyecto Strauss,http://hdl.handle.net/10261/288959,openAccess,informe a organismo financiador,,https://creativecommons.org/licenses/by-nc-nd/4.0/,2023-02-13 11:49:21+00:00,"Martínez Fernández, Adrián, Gilcoto, Miguel, Plan de comunicación externa y difusión. Proyecto Strauss, No disponible, http://dx.doi.org/10.13039/501100011033, http://hdl.handle.net/10261/288959",(IIM) Informes y documentos de trabajo,True
379,379,379,474,482372,2023,2023,Pepper-Mediated Green Synthesis of Selenium and Tellurium Nanoparticles with Antibacterial and Anticancer Potential,http://hdl.handle.net/10261/288960,openAccess,artículo,Publisher's version,https://creativecommons.org/licenses/by/4.0/,2023-02-13 11:49:56+00:00,Journal of Functional Biomaterials 14(1): 24 (2023),(IMN-CNM) Artículos,True
380,380,380,475,482376,2023,2023,Programa de educación ambiental y marina: taller escolar. Proyecto STRAUSS,http://hdl.handle.net/10261/288964,openAccess,documento de trabajo,,https://creativecommons.org/licenses/by-nc-nd/4.0/,2023-02-13 12:00:43+00:00,"Martínez Fernández, Adrián, Bastias Urbieta, Cristian, Silva, Elsa, Martínez Fernández, María Verónica, Babarro, José M. F., Gilcoto, Miguel, Programa de educación ambiental y marina: taller escolar. Proyecto STRAUSS, No disponible, http://dx.doi.org/10.13039/501100011033, http://hdl.handle.net/10261/288964",(IIM) Cursos-Material didáctico,True
381,381,381,476,482377,2023-02-13 00:00:00,2023,Orientation of Roman centuriations in Italy,http://hdl.handle.net/10261/288965,openAccess,dataset,,,2023-02-13 12:01:44+00:00,"Rodríguez Antón, Andrea; Magli, Giulio; González-García, A. César; 2023; Orientation of Roman centuriations in Italy [Dataset]; DIGITAL.CSIC; https://doi.org/10.20350/digitalCSIC/15126",(INCIPIT) Conjuntos de datos,True
382,382,382,477,482380,2023-02-08 00:00:00,2023,Wealth in stone: building activity of the viscounts of Béarn on the pilgrimage roads of the Atlantic Pyrenees (ca. 1063–ca. 1130),http://hdl.handle.net/10261/288976,openAccess,artículo,Publisher's version,https://creativecommons.org/licenses/by/4.0/,2023-02-13 12:17:16+00:00,Journal of Medieval Iberian Studies 15(1): 24-49 (2023),(CCHS-IH) Artículos,True
383,383,383,478,482382,2023-02-13 00:00:00,2023,Orientation of Roman towns in Italy,http://hdl.handle.net/10261/288973,openAccess,dataset,,,2023-02-13 12:10:30+00:00,"Rodríguez Antón, Andrea; Magli, Giulio; González-García, A. César; 2023; Orientation of Roman towns in Italy [Dataset]; DIGITAL.CSIC; https://doi.org/10.20350/digitalCSIC/15128",(INCIPIT) Conjuntos de datos,True
384,384,384,479,482390,2023-02-02 00:00:00,2023,An open source Python library for environmental isotopic modelling,http://hdl.handle.net/10261/288978,openAccess,artículo,Publisher's version,http://creativecommons.org/licenses/by/4.0/,2023-02-13 12:24:13+00:00,Scientific Reports 13: 1895 (2023),(IMEDEA) Artículos,True
385,385,385,481,482395,2023-02-13 00:00:00,2023,Plant canopy-recruit interactions in plant communities across the Andalusian Red Natura 2000 communitary interest habitats (Directive Habitats 92/43/CEE),http://hdl.handle.net/10261/288985,openAccess,dataset,,https://creativecommons.org/licenses/by-nc-sa/4.0/,2023-02-13 12:47:00+00:00,"Bastida, Jesús M.; Lendínez Contreras, Sandra; Prieto Rubio, Jorge ; Perea, Antonio J.; Dejana, Laura; Ramírez Serrano, Beatriz; González Robles, Ana; Tarifa Murcia, Rubén; Rey, Pedro J.; Pérez, Antonio J. ; Alcántara, Julio M.; Gómez Aparicio, Lorena; Zamora, Regino; Verdú, Miguel; Montesinos-Navarro, Alicia ; Garrido Sánchez, José Luis; Plant canopy-recruit interactions in plant communities across the Andalusian Red Natura 2000 communitary interest habitats (Directive Habitats 92/43/CEE) [Dataset]; DIGITAL.CSIC; Version 1.1; https://doi.org/10.20350/digitalCSIC/15129",(IRNAS) Conjuntos de datos,True
386,386,386,484,482396,2023-02,2023,Multigenerational thermal response of the marine calanoid copepod Paracartia grani [Dataset],http://hdl.handle.net/10261/288991,openAccess,dataset,,https://creativecommons.org/licenses/by/4.0/,2023-02-13 13:01:04+00:00,"De Juan Carbonell, Carlos; Griffell Martínez, Kaiene; Calbet, Albert; Saiz, Enric; 2023; ""Multigenerational thermal response of the marine calanoid copepod Paracartia grani [Dataset]""; DIGITAL.CSIC; https://doi.org/10.20350/digitalCSIC/15130; http://hdl.handle.net/10261/288991",(ICM) Conjuntos de datos,True
387,387,387,485,482404,2023,2023,Appunti per un atlante dell’edilizia medievale tiburtina. Per una storia sociale di Tivoli attraverso l’archeologia dell’architettura,http://hdl.handle.net/10261/288992,openAccess,libro,Publisher's version,Con autorización de la editorial para este libro,2023-02-13 13:02:33+00:00,"Giovannini, Fabio: Appunti per un atlante dell’edilizia medievale tiburtina. Per una storia sociale di Tivoli attraverso l’archeologia dell’architettura, Centro di studi internazionali Giuseppe Ermini, Roma (2023)",(CCHS-IH) Libros y partes de libros,True
388,388,388,486,482414,2023-02-09 00:00:00,2023,"De nenas a investigadoras, ciencia en feminino no INCIPIT. Vídeo completo",http://hdl.handle.net/10261/289000,openAccess,vídeo,,https://creativecommons.org/licenses/by-nc-sa/4.0/,2023-02-13 14:07:44+00:00,"Seoane-Veiga, Yolanda, García-Rodríguez, Sonia, Vuelta-Santín, Rubén, De nenas a investigadoras, ciencia en feminino no INCIPIT. Vídeo completo, No disponible, No disponible, http://hdl.handle.net/10261/289000",(INCIPIT) Material de divulgación,True
389,389,389,487,482415,2023-02-09 00:00:00,2023,"De nenas a investigadoras, ciencia en feminino no INCIPIT. Vídeo corto promocional",http://hdl.handle.net/10261/288999,openAccess,vídeo,,https://creativecommons.org/licenses/by-nc-sa/4.0/,2023-02-13 14:07:28+00:00,"Seoane-Veiga, Yolanda, García-Rodríguez, Sonia, Vuelta-Santín, Rubén, De nenas a investigadoras, ciencia en feminino no INCIPIT. Vídeo corto promocional, No disponible, No disponible, http://hdl.handle.net/10261/288999",(INCIPIT) Material de divulgación,True
390,390,390,488,482419,2023-01-31 00:00:00,2023,Expanded Conformations of Monomeric Tau Initiate Its Amyloidogenesis,http://hdl.handle.net/10261/289044,openAccess,artículo,Publisher's version,https://creativecommons.org/licenses/by/4.0/,2023-02-14 10:16:52+00:00,Angewandte Chemie  e202209252 (2023),(IC) Artículos,True
391,391,391,490,482434,2023-02-14 00:00:00,2023,Attentional differences between gaze and arrows processing: where vs what are eyes looking at [Review],http://hdl.handle.net/10261/289035,openAccess,revisión,,http://creativecommons.org/licenses/by/4.0/,2023-02-14 10:00:13+00:00,"Dalmaso, Mario, Attentional differences between gaze and arrows processing: where vs what are eyes looking at [Review], No disponible, No disponible, http://hdl.handle.net/10261/289035",OPRM: Open Peer Reviews,True
392,392,392,491,482447,2023-01,2023,Automated flow cytometry as a tool to obtain a fine-grain picture of marine prokaryote community structure along an entire oceanographic cruise,http://hdl.handle.net/10261/289030,openAccess,artículo,Publisher's version,https://creativecommons.org/licenses/by/4.0/,2023-02-14 08:57:37+00:00,Frontiers in Microbiology 13: 1064112 (2023),(ICM) Artículos,True
393,393,393,492,482454,2023-01,2023,Elevated CO2 reduces copper accumulation and toxicity in the diatom Thalassiosira pseudonana,http://hdl.handle.net/10261/289038,openAccess,artículo,Publisher's version,https://creativecommons.org/licenses/by/4.0/,2023-02-14 10:05:26+00:00,Frontiers in Microbiology 13: 1113388 (2023),(ICM) Artículos,True
394,394,394,493,482467,2023-01,2023,Effect of Rinse Solutions on Rhizostoma pulmo (Cnidaria: Scyphozoa) Stings and the Ineffective Role of Vinegar in Scyphozoan Jellyfish Species,http://hdl.handle.net/10261/289049,openAccess,artículo,Publisher's version,https://creativecommons.org/licenses/by/4.0/,2023-02-14 10:35:37+00:00,International Journal of Environmental Research and Public Health 20(3): 2344 (2023),(ICM) Artículos,True
395,395,395,494,482469,2023-01-12 00:00:00,2023,Compuestos ligandos del receptor CXCR4 y uso de los mismos,http://hdl.handle.net/10261/289046,openAccess,solicitud de patente,,,2023-02-14 10:21:16+00:00,ES2932099 A1,(CNB) Patentes,True
396,396,396,496,482470,2023-01-27 00:00:00,2023,Successful pharmacological intervention at different levels  of the complement system in an in vitro complement fixation  model for bullous pemphigoid,http://hdl.handle.net/10261/289214,openAccess,artículo,Publisher's version,https://creativecommons.org/licenses/by-nc-nd/4.0/,2023-02-14 12:35:28+00:00,Experimental Dermatology (2023),(CIB) Artículos,True
397,397,397,497,482481,2023-02-14 00:00:00,2023,Composition and cover of dominant woody species in plant communities across the Andalusian Red Natura 2000 (Directiva Habitats 92/43/CEE),http://hdl.handle.net/10261/289062,openAccess,dataset,,https://creativecommons.org/licenses/by-nc-sa/4.0/,2023-02-14 11:17:04+00:00,"Lendínez Contreras, Sandra; Bastida, Jesús M.; Prieto Rubio, Jorge; Perea, Antonio J.; Ramírez Serrano, Beatriz; Dejana, Laura; González Robles, Ana; Tarifa Murcia, Rubén; Rey, Pedro J.; Pérez, Antonio J.; Alcántara, Julio M.; Gómez Aparicio, Lorena; Zamora, Regino; Verdú, Miguel; Montesinos-Navarro, Alicia ; Garrido Sánchez, José Luis; 2023; Composition and cover of dominant woody species in plant communities across the Andalusian Red Natura 2000 (Directiva Habitats 92/43/CEE) [Dataset]; DIGITAL.CSIC; Version 1.3; https://doi.org/10.20350/digitalCSIC/15133",(EEZ) Conjuntos de datos,True
