handle,title,abstract,authors,year,journal,doi,source
10261/398193,Recurrence of the Spatial Structure of Summer Larval Fish Assemblages Linked to Hydrodynamics in the NW Mediterranean,"22 pages, 11 figures, 2 tables.-- Data Availability Statement: Digital.CSIC https://doi.org/10.20350/digitalCSIC/17864 In this study, we aim to investigate the contribution of various sources of variability, environmental, spatial and interannual on the larval fish assemblages (LFA) in summer off the Catalan coast, an area with a wide array of environmental conditions. The hydrodynamics of the area is controlled by the Northern Current, flowing southwestwards along the continental slope. This current displays high mesoscale variability presenting a meandering path and a series of anticyclonic eddies over the shelf. The study was based on three ichthyoplankton surveys carried out in July 2003, 2004 and 2012. The number of identified taxa, belonging to shelf and oceanic fish species, was quite similar among cruises, around 80, with the small pelagics Engraulis encrasicolus and Sardinella aurita being the dominant species. A high spatial heterogeneity in LFA was detected throughout the studied area. Most of this heterogeneity was related to the spatial variability of environmental factors, such as the continental shelf structure, latitudinal difference in surface temperature, chlorophyll-a concentration and stratification level. Hydrodynamic structures, mainly instabilities of the Northern Current and anticyclonic eddies, and the thermal front across the shelf, also played an important role in the configuration of the LFA. Although these showed certain interannual variability, mainly related to the 2003 heat wave and the low surface productivity of 2012, the recurrence of hydrodynamic structures, together with the spawning habits of adults, means that the spatial structure of LFA is maintained in different years This work was supported by the grant PID2021-123457OB-C21 funded by MICIU/AEI/10.13039/501100011033 and ERDF/EU. This work acknowledges the Severo Ochoa Centre of Excellence accreditation (CEX2019-000928-S)","Raya, Vanesa, Salat, Jordi, Sabatés, Ana",2025,John Wiley & Sons,10.1111/fog.12738,Digital.CSIC (Handle)
10261/246719,Challenge 3: Achieving a Resilient Living Ocean,"26 pages The sustainable management of marine life is essential for the well-being of present and future human generations as it plays a crucial role in the Earth’s climate and biogeochemical cycles regulation, food security and coastal protection and provides many other goods and services of socio-economic and cultural value to humans. We identify the key scientific challenges where major research advances are needed to ensure well managed resilient living oceans in the coming decades from deep to coastal ecosystems.","Marbà, Núria, Coll, Marta, Acinas, Silvia G., Aguzzi, Jacopo, Alcoverro, Teresa, Alós, Josep, Álvarez-Salgado, Xosé Antón, Calbet, Albert, Catalán, Ignacio Alberto, Estrada, Marta, Figueiras, F. G., Garcés, Esther, Gasol, Josep M., Gili, Josep Maria, González, Ángel F., Castro, Carmen G., Hendriks, Iris E., Hinz, Hilmar, Logares, Ramiro, Macías, Diego, Macpherson, Enrique, Maldonado, Manuel, Marrasé, Cèlia, Massana, Ramon, Navarro, Joan, Olivar, M. Pilar, Pelegrí, Josep Lluís, Sabatés, Ana, Saiz, Enric, Sala, M. Montserrat, Simó, Rafel, Terrados, Jorge, Tomàs, Fiona, Turon, Xavier",2021,Editorial CSIC,10261/246719,Digital.CSIC (Handle)
10261/158705,Hindcasting the dynamics of an Eastern Mediterranean marine ecosystem under the impacts of multiple stressors,Sin abstract disponible,"Corrales, Xavier, Coll, Marta, Ofir, Eyal, Piroddi, Chiara, Goren, Menachem, Edelist, Dor, Heymans, Johanna J., Steenbeek, Jeroen, Christensen, Villy, Gal, Gideon",2018,Inter Research,10.3354/meps12271,Digital.CSIC (Handle)
10261/329833,El Archivo del MNCN participa en las VI Jornadas de la Vicedirección de Colecciones y Documentación,"Noticias.-- Evaluación de la actividad científica: un reto del presente. Los días 26 y 27 de abril de 2023 se celebraron las VI Jornadas de la Vicedirección de Colecciones y Documentación del Museo Nacional de Ciencias Naturales (MNCN-CSIC), que consolidan la voluntad de esta institución por compartir el conocimiento y mostrar el gran trabajo que se hace con las colecciones.",CSIC - Unidad de Recursos de Información Científica para la Investigación (URICI),2023,CSIC - Unidad de Recursos de Información Científica para la Investigación (URICI),10261/329833,Digital.CSIC (Handle)
10261/309329,Feasibility of Agaricus bisporus waste biomass to develop biodegradable food packaging materials,"This work aimed to valorise Agaricus bisporus biomass residues to produce bio-based and biodegradable films. To this end, two of the most widely consumed varieties, Agaricus bisporus brunnescens (Abb) and Agaricus bisporus hortensis (Abh), were compositionally characterised and then, films were formed by extrusion and compression-moulding. Proteins and β-glucans were the major components in both varieties. Abb showed a higher protein content, whereas the amount of polysaccharides and lipids was higher in Abh. Thermally-processed Abh-films showed better mechanical and barrier performance than their counterparts prepared with Abb, mainly ascribed to the higher carbohydrate and lipid content. Thus, Abh was selected to optimize the processing conditions in terms of energy consumption (from 100 to 130 °C) and barrier properties. As a result, 110 °C was selected as the optimum processing temperature for Abh-films since the mechanical properties in terms of strength were not significantly modified and barrier properties were significantly improved. The resulting film was coated with a beeswax layer to reduce its hydrophilic nature. The coated films showed similar mechanical properties than their counterparts prepared without the beeswax coating but displayed significantly better water vapour barrier performance. Furthermore, both films were easily disintegrated under composting conditions according to ISO 20200. Grant CEX2021-001189-S funded by MCIN/AEI/10.13039/501100011033. This study forms part of the AGROALNEXT programme and was supported by MCIN with funding from European Union NextGenerationEU (PRTR-C17.I1) and by Generalitat Valenciana.
This research is also part of the CSIC program for the Spanish Recovery, Transformation and Resilience Plan funded by the Recovery and Resilience Facility of the European Union, established by the Regulation (EU) 2020/2094. Interdisciplinary Platform for Sustainable Plastics towards a Circular Economy+. PTI-SusPlast+ is also acknowledged for financial support. With funding from the Spanish government through the ‘Severo Ochoa Centre of Excellence’ accreditation (CEX 2021-001189-S)","Pérez-Bassart, Zaida, Reyes, Alcira, Martínez-Abad, Antonio, López-Rubio, Amparo, Fabra, María José",2023,Elsevier,10.1016/j.foodhyd.2023.108861,Digital.CSIC (Handle)
10261/305656,Sin título disponible,"Hip fractures are the most common cause of hospital admission to orthopaedic departments in Europe and they generate a major health problem. Therefore, it is of great interest to identify additional risk factors that will help us to better understand the pathophysiology of these fractures and improve our preventive capacity. There is sufficient data to support the theory of modulation of bone mass by gut microbiota (osteomicrobiology); however, there is a lack of human clinical studies directly linking microbiota to hip fracture risk. Este estudio ha sido financiado por la Ayuda a Proyectos de Investigación en Cirugía Ortopédica y Traumatología, 2019, dotada con 12.500€. El ID de la beca es el autor: J. Doménech Fernández.","Roselló Añón, A., Chiappe, C., Valverde Vázquez, M.R., Sangüesa Nebot, M.J., Gómez-Cabrera, M.C., Pérez Martínez, Gaspar, Doménech Fernández, J.",2023,Elsevier,10.1016/j.recot.2023.01.002,Digital.CSIC (Handle)
10261/265020,"Protist taxonomic and functional diversity in soil, freshwater and marine ecosystems","Protists dominate eukaryotic diversity and play key functional roles in all ecosystems, particularly by catalyzing carbon and nutrient cycling. To date, however, a comparative analysis of their taxonomic and functional diversity that compares the major ecosystems on Earth (soil, freshwater and marine systems) is missing. Here, we present a comparison of protist diversity based on standardized high throughput 18S rRNA gene sequencing of soil, freshwater and marine environmental DNA. Soil and freshwater protist communities were more similar to each other than to marine protist communities, with virtually no overlap of Operational Taxonomic Units (OTUs) between terrestrial and marine habitats. Soil protists showed higher γ diversity than aquatic samples. Differences in taxonomic composition of the communities led to changes in a functional diversity among ecosystems, as expressed in relative abundance of consumers, phototrophs and parasites. Phototrophs (eukaryotic algae) dominated freshwater systems (49% of the sequences) and consumers soil and marine ecosystems (59% and 48%, respectively). The individual functional groups were composed of ecosystem- specific taxonomic groups. Parasites were equally common in all ecosystems, yet, terrestrial systems hosted more OTUs assigned to parasites of macro-organisms while aquatic systems contained mostly microbial parasitoids. Together, we show biogeographic patterns of protist diversity across major ecosystems on Earth, preparing the way for more focused studies that will help understanding the multiple roles of protists in the biosphere.","Singer, David, Seppey, Christophe, Lentendu, Guillaume, Dunthorn, M., Bass, David, Belbahri, L., Blandenier, Q., Debroas, D., de Groot, G.A., Vargas, Colomban de, Domaizon, Isabelle, Duckert, C., Izaguirre, I., Koenig, I., Mataloni, G., Schiaffino, M.R., Mitchell, Edward A.D., Geisen, Stefan, Lara, Enrique",2022,Elsevier,10.1016/j.envint.2020.106262,Digital.CSIC (Handle)
10261/237702,"Almanaque, ciudadanía y ciudad en la España del siglo XVIII","[EN] This work refers to the way in which the city and citizens are represented in the
almanacs, a literary genre greatly popular in the eighteenth century, which contributed
among other things to coin urban images and identities and gave account of the
dynamics of modernity in the urban space. [ES] Este trabajo se refiere al modo en que la ciudad y los ciudadanos son representados en los almanaques, género literario de gran popularidad en el siglo XVIII, que contribuyó entre otras cosas a forjar imágenes urbanas e identidades y dio cuenta de las dinámicas de la modernidad en el espacio urbano. proyecto de investigación «Almanaques literarios y
pronósticos astrológicos en España durante el siglo XVIII: estudio, edición y crítica»","Álvarez Barrientos, Joaquín",2021,Université Michel de Montaigne-Bordeaux III,10.4000/bulletinhispanique.11826,Digital.CSIC (Handle)
10261/403726,dboot0016/EF2024_CESM2_EcoOcean: v1.1 [Dataset],MC acknowledges institutional support of the ‘Severo Ochoa Centre of Excellence’ accreditation (CEX2019-000928-S),"Boot, A. A., Steenbeek, Jeroen, Coll, Marta, Heydt, A. S. von der, Dijkstra, Henk A.",2025,Zenodo,10.5281/zenodo.10891002,Digital.CSIC (Handle)
10261/384180,Kais Saied’s governance: the Tunisian President’s drift from inclusive populist constitutionalism to ‘Caesarism’,"This article analyses the evolution of Kais Saied’s governance since his accession to the presidency of the Tunisian Republic in 1999. It postulates that this governance has evolved from an inclusive populist project supported by a constitutional doctrine to an authoritarian populist regime of political ‘Caesarism’. To test this hypothesis, it examines the nature of the coup d’état carried out on 21st of July 2021, pointing out that Kais Saied was supported by the security forces. Next, it recalls the context of Kais Saied’s project of populist constitutionalism, focusing on his own conception of his political mission and the pre-constitutional decisions he took that paved the way for constitutional reform and the failure of his plebiscitary ratification. It scrutinises the main features of the new constitution Kais Saied drafted, which show that it establishes a regime in which the President of the Republic assimilates himself to the will of the people and aspires to unlimited power. Finally, it examines the limits of certain tools that are supposed to represent inclusive democracy from below and the presidential elections in 2024 that lead us to consider that it would be more appropriate to speak of a democracy without the people","Desrues, Thierry, Gobe, Eric",2025,Taylor & Francis,10.1080/13629387.2025.2469056,Digital.CSIC (Handle)
10261/222004,Sensitivity analysis of driver's behavior and psychophysical conditions,"To reduce traffic accidents, an accurately estimated model is needed to capture the true relationships between the injury severity and risk factors. This study aims to propose a robust procedure to address the biases in police-reported accident data and subsequently to conduct sensitivity analyzes in order to estimate the variations in injury severity and distraction probability based on drivers’ behaviors/characteristics and psychophysical conditions. The results show that: (i) the excess speed will likely increase the probability of serious/fatal injury for drivers of all age groups by 10%; (ii) distraction and driver’ errors will likely increase the probability of serious/fatal injury in all drivers driving at a proper speed up to 1.5%; (iii) alcohol and drug consumption can significantly increase the probability of being distracted and making errors by 28.5% and 33.5% respectively; (iv) Alcohol consumption reduces the probability of driving at an appropriate speed in drivers under 25 by 40%. However, the results for drugs consumption are not as significant as the ones for alcohol consumption. This study was supported by funds from the following projects:
“Modelo cuantitativo de Red Bayesiana con capacidad predictiva de la gravedad del accidente en función de los comportamientos y actuaciones de las personas” [Qualitative Bayesian Network Model for Predicting Accident Severity Based on Personal Behaviors and Actions]. Ref. SPIP2015-01852 supported by funds from DGT (Directorate-General for Traffic). “Modelización mediante técnicas de machine learning de la influencia de las distracciones del conductor en la seguridad vial” [Modeling the influence of driver distractions on road safety using machine learning techniques]. Ref. BU300P18 supported by funds from FEDER (Fondo Europeo de Desarrollo Regional, Junta de Castilla y León).","García-Herrero, Susana, Gutiérrez, José M., Herrera, Sixto, Azimian, Amin, Mariscal Saldaña, Miguel Ángel",2020,Elsevier,10.1016/j.ssci.2019.104586,Digital.CSIC (Handle)
10261/391112,Climate warming increases global oceanic dimethyl sulfide emissions,"9 pages, 3 figures, supporting information https://doi.org/10.1073/pnas.2502077122.-- Data, Materials, and Software Availability: The in situ DMS observations are available at PMEL (https://saga.pmel.noaa.gov/dms_data) (51), PANGAEA (https://www.pangaea.de/advanced/datawarehouse.php?q=Dimethyl+sulfide) (52) and NAAMES (https://seabass.gsfc.nasa.gov/experiment/NAAMES) (53) and the combined dataset is available at https://data.mendeley.com/datasets/hyn62spny2/2 (54). The predictor variables are downloaded from the CMIP6 website (https://aims2.llnl.gov/search) (55). The code used to produce the findings of this study along with the results are available at Mahajan (2025), “Data for Climate warming increases global oceanic dimethyl sulfide emissions”, Mendeley Data, V1, doi: https://doi.org/10.17632/prtjx8jjck.1 (58). All other data are included in the manuscript and/or SI Appendix Oceanic dimethyl sulfide (DMS) is the largest natural source of atmospheric sulfur. DMS is biologically produced in seawater and emitted into the atmosphere, where its oxidation products contribute to aerosol formation with consequences for cloud albedo and the Earth’s radiative budget and climate. Climate model projections of how DMS emissions change with global warming are largely uncertain, even contradictory. Here, we use machine-learning models trained with biome-resolved global observations to simulate seawater DMS concentrations (1850 to 2100) using physico-chemical and biological predictors from eight CMIP6 models. The scatter in current projections is largely reduced, and globally averaged seawater DMS concentrations are predicted to decrease in the coming decades. However, global DMS emissions will increase due to rising surface wind speeds and sea surface temperatures which contradicts the current AR6 assessment that the DMS flux will reduce in the future. Concurrence of increasing DMS emissions and declining anthropogenic sulfur dioxide emissions suggests an increase in the relative importance of DMS to sulfate aerosol formation and its climate cooling impact The Indian Institute of Tropical Meteorology is funded by the Ministry of Earth Sciences, Government of India. We thank the Scientific Committee on Oceanic Research (SCOR) and the U.S. NSF through a grant to SCOR (Grant OCE-2140395) for financial support. R.S. holds a European Research Council Advanced Grant (SUMMIT, ERC-2018-AdG-834162). R.S. and M.G are funded by the Spanish Ministry of Science and Innovation (MCIN/AEI/10.13039/501100011033) through grant PID2022-140872NB-I00 (GOOSE) and “Severo Ochoa Centre of Excellence” CEX2019-000928-S (ICM). N.S. acknowledges funding from Fisheries and Oceans Canada","Sankirna, D. Joge, Mansour, Karam, Simó, Rafel, Galí, Martí, Steiner, Nadja, Saiz-Lopez, A., Mahajan, Anoop S.",2025,National Academy of Sciences (U.S.),10.1073/pnas.2502077122,Digital.CSIC (Handle)
10261/362410,Experiences and emotional responses of farming communities living with Asian Elephants in Southern Sri Lanka: Living with elephants in Sri Lanka,"Individuals’ tolerance toward wildlife can be based on a combination of tangible benefits and costs (e.g. economic gains and losses) as well as intangible benefits and costs (e.g. shared values and risk perceptions). Asian Elephants (Elephas maximus) potentially present both types of benefits and costs for rural communities. We examined which factors were associated with emotional responses toward wild Asian Elephants among agriculturalists using a questionnaire survey of 300 households situated around the Wetahirakanda sanctuary connecting Udawalawe and Lunugamwehera National Parks, Sri Lanka. Respondents were all from the Sinhala-Buddhist ethno-religious majority with average annual household incomes of Rs. 339,335 LKR (∼$2610 USD). We found that none of the surveyed households derived any economic benefits from tourism despite the proximity of two national parks, whereas 171 (57%) had experienced crop damage by Elephants. Though the median annual income lost due to elephants was Rs.50,000 LKR (4%), 21 households (7%) had losses exceeding 100%. Only six individuals (2%) recollected any human fatalities in their communities. Only three individuals reported positive feelings toward elephants, whereas all others had negative or neutral feelings. Economic factors were not significant predictors of feelings toward elephants, whereas fear of elephants and worry about crop damage had the largest and most significant negative effects. Our findings suggest that it might not be sufficient to reduce losses solely at an individual level, but that human-elephant coexistence interventions should target communities as a whole to reduce the spill-over effects of worry and anxiety by association with others who have experienced loss. La tolerancia de las personas hacia la vida silvestre puede basarse en una combinación de beneficios y costos tangibles (por ejemplo, ganancias y pérdidas económicas), así como beneficios y costos intangibles (por ejemplo, valores compartidos y percepciones de riesgo). Los elefantes asiáticos ( Elephas maximus ) presentan potencialmente ambos tipos de beneficios y costos para las comunidades rurales. Examinamos qué factores estaban asociados con las respuestas emocionales hacia los elefantes asiáticos salvajes entre los agricultores utilizando una encuesta por cuestionario de 300 hogares situados alrededor del santuario Wetahirakanda que conecta los parques nacionales Udawalawe y Lunugamwehera, Sri Lanka. Los encuestados eran todos de la mayoría etnoreligiosa cingalesa-budista con ingresos familiares anuales promedio de Rs. 339,335 LKR (∼$2610 USD). Descubrimos que ninguno de los hogares encuestados obtuvo beneficios económicos del turismo a pesar de la proximidad de dos parques nacionales, mientras que 171 (57%) habían experimentado daños en los cultivos por parte de los elefantes. Aunque la pérdida media de ingresos anuales a causa de los elefantes fue de 50.000 LKR (4%), 21 hogares (7%) sufrieron pérdidas superiores al 100%. Solo seis personas (2%) recordaron alguna muerte humana en sus comunidades. Solo tres personas informaron sentimientos positivos hacia los elefantes, mientras que todos los demás tenían sentimientos negativos o neutrales. Los factores económicos no fueron predictores significativos de los sentimientos hacia los elefantes, mientras que el miedo a los elefantes y la preocupación por el daño a los cultivos tuvieron los efectos negativos más grandes y significativos. Nuestros hallazgos sugieren que podría no ser suficiente reducir las pérdidas únicamente a nivel individual, sino que las intervenciones de coexistencia entre humanos y elefantes deberían dirigirse a las comunidades en su conjunto para reducir los efectos secundarios de la preocupación y la ansiedad por la asociación con otras personas que han experimentado pérdidas. La recopilación de datos fue apoyada por una subvención del Fondo para el Elefante Asiático de Pesca y Vida Silvestre de Estados Unidos (F18AP00365).","de Silva, Shermin, Ruppert, Kirstie, Knox, Jillian, Davis, Elizabeth O., Weerathunga, U. Sameera, Glikman, Jenny A.",2024,Elsevier,10.1016/j.tfp.2023.100441,Digital.CSIC (Handle)
10261/167617,Memoria IRNASA 2016,100 páginas No,"CSIC - Instituto de Recursos Naturales y Agrobiología de Salamanca (IRNASA), Baillo Almuzara, Ana, Martín Gómez, José Javier, Vázquez de Aldana, Beatriz R.",2018,CSIC - Instituto de Recursos Naturales y Agrobiología de Salamanca (IRNASA),10261/167617,Digital.CSIC (Handle)
10261/164389,"Un perfil de las personas mayores en España, 2018. Indicadores estadísticos básicos","Este informe presenta una serie de indicadores demográficos, de salud, económicos y sociales que nos proporcionan una visión de la situación de las personas mayores en España, así como de los cambios que ha experimentado en los últimos años.","Abellán García, Antonio, Ayala García, Alba, Pérez Díaz, Julio, Pujol Rodríguez, Rogelio",2018,"CSIC - Instituto de Economía, Geografía y Demografía (IEGD)",10261/164389,Digital.CSIC (Handle)
10261/227297,Soil carbon cycle responses to global change and its prediction by modelling links between key biotic and abiotic processes in terrestrial ecosystems,"Tesis doctoral inédita leída en la Universidad Autónoma de Madrid, Facultad de Ciencias, Departamento de Ecología. https://creativecommons.org/licenses/by-nc-nd/4.0/ El cambio global amenaza la conservación de la biodiversidad y de los servicios ecosistémicos que obtenemos de la naturaleza, como el secuestro de carbono (C) en suelos. Por ello es necesario mejorar nuestra capacidad de en-tender el funcionamiento de los ecosistemas y de predecir futuras respuestas ecosistémicas ante el cambio global. Sin embargo, los actuales modelos biogeoquímicos basados en aproximaciones empíricas simplifican excesivamente la complejidad ecológica del sistema suelo, subestimando además las emisiones de carbono de los ecosistemas áridos y semiáridos, porque no tienen en cuenta mecanismos de descomposición de hojarasca como la descomposición abiótica inducida por radiación solar (fotodegradación) o la descomposición biótica usando aportes de agua alternativos a la lluvia (e.g. rocío) (Adair et al., 2017). Esto tiene un enorme impacto en las estimaciones globales de emisiones y secuestro de carbono en los suelos, pues esos ecosistemas cubren aproximadamente el 45% de las tierras emergidas, siendo uno de los principales reservorios de este elemento (Hewins et al., 2019), y para finales del siglo podrían extenderse más allá del 50% de la superficie terrestre (Huang et al., 2016).En esta tesis se ha desarrollado un nuevo modelo mecanicista de suelo basado en procesos, llamado KEYLINK, que integra la estructura física del suelo, la hidrología y la diversidad funcional del suelo para la simulación del ciclo de carbono a escala de ecosistema. Las simulaciones realizadas muestran la capacidad del modelo para representar de forma integrada el papel de fenómenos biológicos como las cascadas tróficas sobre el secuestro de carbono en el suelo o sus emisiones, así como que la estructura del suelo es clave para la estabilización física y físico-química de la materia orgánica que se deposita en él. También mostraron que, bajo escenarios de cambio global, la fluctuación espacial en la radiación que incide sobre el suelo, por cambios en la cobertura vegetal, puede determinar cambios entre la prevalencia de fotodegradación de hoja-rasca en lugares más expuestos, y la prevalencia de descomposición biótica inducida por rocío en lugares más sombreados bajo la vegetación. Adicionalmente se realizaron dos experimentos para estudiar cómo el clima, la estructura del ecosistema y la variabilidad intraespecífica de la calidad de la hojarasca regulan las tasas de des-composición. En concreto, trabajamos con la hojarasca de encina, Quercus ilex, en la península ibérica. A escala regional, la estructura de la vegetación (concretamente la cobertura del soto-bosque) fue un factor más determinante que el clima. Por otro lado, el clima y el pH del suelo afectaron indirectamente a la descomposición de la hojarasca, determinando la composición química de las hojas. En conclusión, necesitamos desarrollar una nueva generación de modelos mecanicistas que integren mejor la complejidad estructural y biológica de los ecosistemas, como se ha realizado en el modelo KEYLINK para suelos de ecosistemas terrestres. Con este trabajo hemos desarrollado esta herramienta a la que se puede acceder online y que esperamos que resulte de gran utilidad para mejorar la precisión de las pre-dicciones de impactos del cambio global sobre los ecosistemas terrestres y de la retroalimentación que generan los procesos ecosistémicos al cambio climático. Tesis financiada por financiada por el proyecto del Plan Nacional VEroNICA (Vulnerability of Mediterranean Holm-Oak forests to Climate Change: Mechanisms and impact of historical management on ecosystem services).","Flores, Omar",2021,Universidad Autónoma de Madrid,10.13039/501100003329,Digital.CSIC (Handle)
10261/304635,Enabling water-based processing of graphene/alumina composites using an infiltration approach with amphiphilic triblock copolymers,"Enabling the direct infiltration of freeze-cast graphene structures with water-based ceramic suspensions, otherwise prevented by graphene's intrinsic hydrophobic behaviour, can lead to the production of hierarchical graphene/ceramic composites in a cost-effective and replicable manner. In this study, the addition of a triblock copolymer (PF127) in the formulation of water-based alumina slurries was used to allow the integration with reduced graphene oxide (rGO) scaffolds combining freeze-casting, wet chemistry processing and Spark Plasma Sintering. Wettability and infiltration tests were performed to optimise the composition of the ceramic suspension, leading to the preservation of alignment in embedded rGO scaffolds and maintaining channel widths of 5–15▒μm upon sintering at 1500∘ C. The authors would like to thank the financial support provided by the Engineering and Physical Sciences Research Council (EPSRC: EP/N509449/1) and Cardiff University. We extend the gratitude to the JECS Trust for the award given to attend the 43rd International Conference and Exposition on Advanced Ceramics and Composites (ICACC19) and the Winter Workshop at Daytona Beach, Florida organised by the American Ceramic Society (ACerS). V.G. Rocha would like to thank the Spanish Government (Ramón y Cajal fellowship, RYC2018–024404-I) and the support from the Spanish Research Agency AEI/PID2019–104028RB-100.","Menendez, Guillermo, Kynaston, Thomas, Villar-Garcia, Ignacio J., Gao, Min, Evans, Sam L., Rocha, Victoria G.",2023,Elsevier,10.1016/j.jeurceramsoc.2022.07.009,Digital.CSIC (Handle)
10261/307100,Sin título disponible,"The health effects of the particulate matter (PM) depend not only on its aerodynamic diameter (AD) and chemical composition, but also on the time activity pattern of the individuals and on their age. The main objective of this work was to assess the exposure of children to aerosol particles by using personal instruments, to study the particle size and composition of the inhaled PM, and to estimate their transport and deposition into the human respiratory tract (HRT). The average daily PM2.5 exposure was 19 μg/m3 and the size fractions with the greatest contribution to PM2.5 concentrations were 1 < AD <2.5 μm and AD <0.25 μm. Results indicated a contribution of 9% from the mineral aerosol, 7.2% from anthropogenic sulphate, 6.7% from black carbon and 5% from anthropogenic trace elements to the daily exposure to PM2.5. The levels of mineral and marine elements increased with increasing particle size, while anthropogenic elements were present in higher concentrations in the finest particles. Particle size has been shown to influence the variability of daily dose deposited between the extrathoracic and alveolar-interstitial zones. On average, 3% of the PM deposited in the bronchial region, whereas 5% to 8% were found in the bronchiolar region. The level of physical activity had a significant contribution to the total daily dose. This work was supported by LIFE Index-Air project (LIFE15 ENV/PT/000674). This work reflects only the authors' view and EASME is not responsible for any use that may be made of the information it contains. Authors also gratefully acknowledge the FCT support through the UIDB/04349/2020 project and the PhD grants SFRH/BD/129149/2017 and SFRH/BD/147074/2019. M. Pilou's research is co-financed by Greece and the European Union (European Social Fund - ESF) through the Operational Programme “Human Resources Development, Education and Lifelong Learning” in the context of the project “Reinforcement of Postdoctoral Researchers - 2nd Cycle” (MIS-5033021), implemented by the State Scholarships Foundation (ΙΚΥ). The authors are also grateful for the support to CESAM (UIDB/50017/2020 & UIDP/50017/2020) to FCT/MCTES through national funds, and co-funding by FEDER, within the PT2020 Partnership Agreement and Compete 2020.","Faria, T., Cunha-Lopes, I., Pilou, M., Housiadas, C., Querol, Xavier, Alves, C., Almeida, S. M.",2023,Elsevier,10.1016/j.scitotenv.2022.153745,Digital.CSIC (Handle)
10261/377909,Bacterial Production Modulates the Persistence of Organophosphate Ester Flame Retardants and Plasticizers in the Ocean,"Understanding the biodegradation of organic pollutants is crucial for assessing the persistence and fate of these contaminants and improve their risk assessment, eventually drawing policy. The occurrence of organophosphate ester (OPE) flame retardants and plasticizers has been widely reported in the marine environment. However, few studies have assessed the potential of marine microorganisms to degrade them, particularly under oceanic conditions. Here, we report the results of six degradation experiments where in situ bacterial communities were challenged with environmentally relevant concentrations of OPEs in the Atlantic and Southern Oceans. Hydrophobic aryl-OPEs significantly decreased by 60% and 25% in the Atlantic and Southern Oceans, respectively. In Atlantic waters, up to 40% of OPE depletion was due to sorption to cells and close to 20% to biodegradation. The cold temperatures of the Southern Ocean resulted in a slower, nondetectable biodegradation, further confirmed by bacterial production results. Bacterial composition exposed to OPEs also showed a larger degree of changes in the Atlantic than in the Southern Ocean. Significant negative correlations were found between the fold changes in bacterial production and the decreases in OPE concentrations, suggesting that bacterial carbon demand is directly related to OPE biodegradation in the oceans. We thank the staff of the Marine Technology Unit (UTM-CSIC) and the crew of the research ships Sarmiento de Gamboa and Hespérides for their logistical support during the sampling campaigns. J.I. acknowledges the predoctoral FPU fellowship (FPU19/02782) funded by the Spanish Ministry of Science. This work was supported by the Spanish Research Agency through projects ANTOM (PGC2018-096612-B-I00), PANTOC (PID2021-127769NB-I00), and MIQAS (PID2021-128084OB-I00). The research group of Global Change and Genomic Biogeochemistry receives support from the Catalan Government (2021-SGR-00448).","Iriarte, Jon, Trilla-Prieto, Núria, Berrojalbiz, Naiara, Vila-Costa, Maria, Dachs, Jordi",2025,American Chemical Society,10.1021/acs.estlett.4c01128,Digital.CSIC (Handle)
10261/393431,"Catalogue and Analysis of Extraordinary Precipitation Events in the Spanish Mainland, 1916-2022","21 Pags.- 10 Figs.- 5 Tabls.     Data Availability Statement: The data that support the findings of this study are openly available in DIGITAL CSIC at http://hdl.handle.net/10261/354840.     © 2025 The Author(s). International Journal of Climatology published by John Wiley & Sons Ltd on behalf of Royal Meteorological Society. This is an open access article under the terms of the Creative Commons Attribution-NonCommercial-NoDerivs License. Catalogues of past hazardous events are essential for understanding their magnitude, frequency, geographical distribution and underlying mechanisms. Such compilations provide critical data for identifying patterns, improving predictive models, and enhancing preparedness, thereby contributing to the mitigation of future risks and facilitating effective adaptation to climate-related hazards. In this article, we present the first comprehensive catalogue of extraordinary precipitation over the Spanish mainland, spanning more than a century. This work provides valuable insights into spatial and temporal patterns of these events. We compiled monthly maxima of daily precipitation (Rx1day) exceeding 100 and 200 mm by combining the documentary collections of the AEMET National Climate Data Bank (1916–2022) with newly digitised data from the Annual Summaries of Observation Books (1916–1950). As a result, this dataset represents the most extensive and detailed collection of extraordinary precipitation events in the region. It includes 19,184 monthly maxima records above 100 mm from 4325 observatories, occurring across 4814 days (events). Additionally, there are 1130 records exceeding 200 mm, grouped into 530 days and recorded in 664 observatories. As anticipated, extraordinary rainfalls were most frequent in autumn, while summer recorded the lowest number of events. These events occurred across nearly all regions, although a higher concentration were observed near coastlines. This is particularly the case of records and events over 200 mm, which concentrated along the Mediterranean arc. We identified five spatial patterns that correspond with specific weather types. Beyond atmospheric circulation, the topography played a critical role in determining the spatial extension of extraordinary precipitations. The newly digitised dataset is available at https://digital.csic.es/handle/10261/354840, accompanied by a collection of maps of daily events. Raw data from the AEMET's National Climate Data Bank are subject to a licenced agreement. This work was supported by Spanish Governement, Ministerio de Ciencia e Innovación-European Social Fund, Grant/Award Numbers: PID2020-116860RB-C22, CGL2017-83866-C3-1-R; Regional Government of Aragon, Geoenvironmental and Global Climate Change Research Group, Grant/Award Number: E02-23R. Geoenvironmental and Global Climate Change Research Group.”","González-Hidalgo, José Carlos, Beguería, Santiago, Peña-Angulo, Dhais, Trullenque Blanco, Víctor",2025,John Wiley & Sons,10.1002/joc.8785,Digital.CSIC (Handle)
10261/160810,"A multi-proxy approach to understanding complex responses of salt-lake catchments to climate variability and human pressure: A Late Quaternary case study from south-eastern, Spain","This article focuses on a former salt lake in the upper Vinalopó Valley in south-eastern Spain. The study spans the Late Pleistocene through to the Late Holocene, although with particular focus on the period between 11 ka cal BP and 3000 ka cal BP (which spans the Mesolithic and part of the Bronze Age). High resolution multi-proxy analysis (including pollen, non pollen palynomorphs, grain size, X-ray fluorescence and X-ray diffraction) was undertaken on the lake sediments. The results show strong sensitivity to both long term and small changes in the evaporation/precipitation ratio, affecting the surrounding vegetation composition, lake-biota and sediment geochemistry.To summarise the key findings the main general trends identified include: 1) Hyper-saline conditions and low lake levels at the end of the Late Glacial 2) Increasing wetness and temperatures which witnessed an expansion of mesophilic woodland taxa, lake infilling and the establishment of a more perennial lake system at the onset of the Holocene 3) An increase in solar insolation after 9 ka cal BP which saw the re-establishment of pine forests 4) A continued trend towards increasing dryness (climatic optimum) at 7 ka cal BP but with continued freshwater input 5) An increase in sclerophyllous open woody vegetation (anthropogenic?), and increasing wetness (climatic?) is represented in the lake record between 5.9 and 3 ka cal BP 6) The Holocene was also punctuated by several aridity pulses, the most prominent corresponding to the 8.2 ka cal BP event. These events, despite a paucity of well dated archaeological sites in the surrounding area, likely altered the carrying capacity of this area both regionally and locally, particularly during the Mesolithic-Neolithic transition, in terms of fresh water supply for human/animal consumption, wild plant food reserves and suitable land for crop growth. © 2018 Elsevier Ltd. We would like to thank the European Union for funding this project (PRETM, Grant number 628589), the spanish MINECO funding agency (Grant numbers RyC-2011-09363 and IEDI-2017-00889) who have supported the co-author JFL,","Jones, S.E., Burjachs, Francesc, Ferrer García, Carlos, Giralt, Santiago, Schulte, Lothar, Fernández-López de Pablo, Javier",2018,Elsevier,10.1016/j.quascirev.2017.12.015,Digital.CSIC (Handle)
10261/386124,Presentació de l’informe L’Estat de l’Oceà,"El document ofereix una visió actualitzada sobre l'estat de l'oceà i els reptes ambientals als quals s'enfronta, proposant solucions basades en l'evidència científica i mencionant les iniciatives que s'estan duent a terme des de l'ICM With the institutional support of the ‘Severo Ochoa Centre of Excellence’ accreditation (CEX2019-000928-S)","Sallarès, Valentí, Garcés, Esther, González-Haro, Cristina, Guillén, Jorge, Ortega Cerdà, Miquel, Coll, Marta",2025,CSIC - Instituto de Ciencias del Mar (ICM),10.13039/501100011033,Digital.CSIC (Handle)
10261/295490,"﻿Integrative analysis reveals cryptic speciation linked to habitat differentiation within Albanian populations of the anomalous blues (Lepidoptera, Lycaenidae, Polyommatus Latreille, 1804)","The Balkan Peninsula is one of the greatest hotspots for biodiversity in Europe. While the region has been investigated thoroughly, some parts remain understudied and may still harbour undiscovered diversity, even in well-studied organisms such as Lepidoptera. Here we investigated the group of the so-called anomalous blue butterflies, also known as 'brown complex' of the subgenus Agrodiaetus Hübner, 1822 including the taxa of the entire Polyommatusaroaniensis (Brown, 1976) species complex. This species complex is distributed in the southern part of the Balkan Peninsula and known to be represented by three closely related allopatric species, differentiated by their chromosome numbers (n) and mitochondrial (mt) DNA. These are P.aroaniensis sensu stricto (Southern Greece, Peloponnese, n=47-48; mt haplogroup aroa1), P.timfristos Lukhtanov, Vishnevskaya et Shapoval, 2016 (Central Greece, Attika, n=38, aroa2) and P.orphicus Kolev, 2005 (North-Eastern Greece, Southern Bulgaria, n=41-42, orph1). Based on an analysis of chromosomal, molecular and morphological markers, we demonstrate that a fourth taxon of this species complex exists in Albania. This taxon possesses the mt haplogroup aroa3, which is the most differentiated within the entire P.aroaniensis species complex, and the karyotype (n=42-43), which differs by one fixed chromosome fission from P.orphicus. The Albanian taxon seems to be ecologically specialised (habitat on dark-coloured, ophiolitic substrate soils) and differs in colouration (wing reflectance) from the others taxa of the P.aroaniensis species group. Based on the evidence here presented and following the current view of the taxonomy of the group, we propose considering the Albanian taxon as a new species, here described as Polyommatuslurae sp. nov. At the contact zone between the new species and P.orphicus, in addition to typical ones, we detected specimens with haplogroup orph2, karyotype n=43 and intermediate morphology, which seem to represent P.lurae × P.orphicus hybrids. Financial support for the molecular studies was provided by project PID2019-107078GB-I00 funded by Ministerio de Ciencia e Innovación (MCIN)/Agencia Estatal de Investigación (AEI)/ 10.13039/501100011033 to Roger Vila. Financial support for the cytogenetic studies was provided by Ministry of Science and Higher Education of the Russian Federation (grant no. 075-15-2021-1069) to Zoological Institute of the Russian Academy of Sciences. Analysis of putative chromosomal hybrids was supported by the Russian Science Foundation grant no 19-14-00202 (Continuation) to Vladimir Lukhtanov (Zoological Institute RAS).","Parmentier, Laurian, Vila, Roger, Lukhtanov, Vladimir",2023,Pensoft Publishers,10.3897/CompCytogen.v16.i4.90558,Digital.CSIC (Handle)
10261/400320,A deep dive into anthozoan communities of two Antarctic seamounts: a comparative study of Maud Rise and Astrid Ridge,"22 pages, 9 figures, 5 tables, supplementary material https://doi.org/10.3354/meps14919 Seamounts are underwater elevations that harbour relatively isolated ecosystems shaped by environmental forces such as flow intensification and complex hydrodynamics, favouring communities of benthic suspension feeders like anthozoans. In this study, we describe the taxonomical composition, density and spatial and bathymetric distribution of anthozoans by analysing video transects recorded on 2 seamounts east of the Weddell Sea (Southern Ocean), specifically Astrid Ridge and Maud Rise. Additionally, anthozoan assemblages and their relationship with different study areas, substrate types and the coexisting fauna were analysed. The findings reveal marked differences between the 2 seamounts. Maud Rise exhibits predominantly hard substrate, hosting a high density of anthozoans, particularly octocorals, co-occurring with other abundant benthic suspension feeders, mostly ascidians. In contrast, Astrid Ridge features soft substrate, with hexacorals and sea pens as the most abundant anthozoans coexisting with motile and detritivorous species. Anthozoan distribution in both areas displays a patchy pattern, exhibiting greater small-scale diversity on Maud Rise and larger-scale diversity on Astrid Ridge. Furthermore, comparisons with prior studies in the Weddell Sea Plain spotlight Actiniaria as the most taxonomically diverse group in both seamounts and plain, with Hexacorallia notably more abundant in the plain than in the seamounts. Therefore, despite their spatial proximity, the anthozoan communities we found on both seamounts differ from those observed on the surrounding plain. Far from conclusively capturing the full complexity of anthozoan spatial dynamics, our results show the significant influence of substrate and hydrodynamics. The present study highlights the importance of a good understanding of distribution patterns for effective conservation management L.M. and A.H.S.T. were supported by the Institute of Marine Research (IMR, Norway) via the projects ‘Antarktis’ and ‘CCAMLR’ (p. no 15208 and 81021-01). We also acknowledge grant CEX2024-001494-S funded by the Agencia Estatal de Investigación (AEI, https://www.ciencia.gob.es/)","Baena, Patricia, Santín, Andreu, Ambroso, Stefano, Martell, Luis, Soto Àngel, Joan Josep, Biel Cabanelas, Marina, Sveistrup, Anne Kari, Orejas, Covadonga, Tandberg, Anne Helene S.",2025,Inter Research,10.3354/meps14919,Digital.CSIC (Handle)
10261/384117,CO2 capture from air and its conversion to CH4 using dual functional materials supported on high surface area graphite,"15 figures, 1 table. Several cycles of CO2 capture from synthetic air containing 400 ppm of CO2 and subsequent conversion to CH4 have been performed using dual functional materials consisting of 4 wt% Ru and 10 wt% Ba or Cs supported on a high surface area graphite. The effect of the presence of humidity and the regeneration conditions have been assessed. The presence of moisture in the air enhances CO2 capture. The capture material is not properly regenerated in the absence of H2-containing atmosphere or at temperatures below 300 ºC. The exhaustive characterization by XRD, XPS, TEM and temperature programmed reduction and reaction allowed to shed some light about the reasons of the different behavior of Ba and Cs based dual functional materials. Cs is more efficiently utilized than Ba, providing higher CO2 capture capacities (0.44 mmol g−1) and CH4 productivity (0.41 mmol g−1). The outperformance of Cs is attributed to the more homogeneous and better dispersed species which are regenerated at lower temperatures. The Financial support from MICIU/AEI/10.13039/501100011033 and from FEDER, UE through project PID2023 146481OB-I00 and Gobierno de Aragón (Grupo Reconocido DGA T03_17R) are gratefully acknowledged.","Moral Pombo, Jorge, García-Bordejé, José Enrique, Liu, Yuefeng, Guerrero-Ruiz, Antonio, Rodríguez-Ramos, Inmaculada",2025,Elsevier,10.1016/j.jcou.2025.103054,Digital.CSIC (Handle)
10261/362005,Belowground biodiversity is essential for supporting mutiple ecosystem functions of forests,"6 páginas As the most widespread terrestrial ecosystem, forests harbour around two-thirds of all terrestrial plant species and play a key role in the global carbon (C) cycle due to their huge C storage and high productivity (Chapin et al. 2002). Forest ecosystems support multiple soil ecosystem services such as climate regulation, soil fertility, microbial habitat, and soil organic matter (SOM) decomposition, which are important for managing ecosystem health and the well-being of human, animal and plant populations (Newbold et al. 2020; Mansourian et al. 2021; Zhang et al. 2023). However, forests are also highly vulnerable to global change drivers such as climatic warming and land use change, which might drastically alter multiple ecosystem functions and biodiversity and thereby threatening the sustainable development of societies (Lewis et al. 2019; Hanewinkel et al. 2013; Zhou et al. 2022). Indeed, global forest area has decreased overall by 3% from 1990 to 2015, especially in tropical forest due to anthropogenic pressures and rapid climate change (Keenan et al. 2015), and several international initiatives such as the Bonn Challenge (UNEP 2011) and AFR100 (UN Climate Summit 2014) have been established to promote the ecosystem services they support. More importantly, forest plantations would potentially alter soil biogeochemical cycles due to the changed tree species composition compared with natural forests (Liao et al. 2012). Yet, despite the enthusiasm surrounding natural forests, we still poorly understand whether and how biodiversity supports multiple ecosystem functions as well as the potential drivers of soil microbial biodiversity of plantations. G. Zhou acknowledges the supported by a Ramón y Cajal grant (RYC2022-035226-I) funded by the Spanish Ministry of Science and Innovation, the NextGenerationEU  program of the European Union (MICIU/AEI/10.13039/501100011033 y el FSE+), and AYUDAS DE EXCELENCIA RYC-MAX 2023 project from Spanish National Research Council. M. E Lucas-Borja acknowlege the support by the projects TED2021-12945B-41 funded by MCIN/AEI/10.13039/501100011033 and European Union NextGenertionEU/PRTR and project PID2021-126946OB-100 funded by MCIN/ AEI/10.13039/501100011033/ and by FEDER A way for Europe. E. Valencia was supported by the 2017 program for attracting and retaining talent of Comunidad de Madrid (no. 2017-T2/ AMB-5406) and acknowledges to research projects funded by the Community of Madrid and Rey Juan Carlos University (M2165 –INTRANESTI) and Spanish Government (PID2022-140398NA-I00). No","Lucas-Borja, M. E., Valencia, Enrique, Zhou, Xuhui, Zhou, Guiyao",2024,Springer,10.1007/s11104-024-06804-6,Digital.CSIC (Handle)
10261/369113,Ecological genomics in the Northern krill uncovers loci for local adaptation across ocean basins,"29 pages, 4 figures, supplementary information https://doi.org/10.1038/s41467-024-50239-7.-- Data availability: The sequence data generated in this study have been deposited in the public European Nucleotide Archive (ENA) database under accession code PRJEB61785. The processed data and results are available at the SciLifeLab Data Repository at https://doi.org/10.17044/scilifelab.c.6626216. The genome assembly is available in ENA and NCBI under accession code GCA_964058975.1 and SNP datasets are available under accession code PRJEB77093 in the European Variation Archive (EVA). Subsets of the data are provided in the Supplementary Information. Source data is provided as a Source Data file. This study made use data from the following public databases: AlphaFold Protein Structure Database https://alphafold.ebi.ac.uk/; Climate Reanalyzer https://climatereanalyzer.org/; Dfam (Dfam_3.5) https://dfam.org/home; EggNOG (v5.0) http://eggnog5.embl.de/; FlyBase database (release FB2021_01) https://flybase.org/; GOrilla https://cbl-gorilla.cs.technion.ac.il/; GyDB2 https://gydb.org; HomeoDB https://homeodb.zoo.ox.ac.uk/; KrillDB2 https://krilldb2.bio.unipd.it/; MITOS2 http://mitos.bioinf.uni-leipzig.de/; NCBI Conserved Domain Database (CDD) https://www.ncbi.nlm.nih.gov/Structure/cdd/wrpsb.cgi; NCBI Genome Database https://www.ncbi.nlm.nih.gov/genome/; NCBI RefSeq database (release 204) https://www.ncbi.nlm.nih.gov/refseq/; OrthoDB (v10.1) https://www.orthodb.org/; Pfam (release 34.0) http://pfam.xfam.org/; Repbase (RepBaseRepeatMaskerEdition 20181026) https://www.girinst.org/server/RepBase/; REXdb http://repeatexplorer.org/?page_id=918; ShinyGO 0.77 http://bioinformatics.sdstate.edu/go77/; SILVA rRNA database project (release 132) https://www.arb-silva.de/; The SWISS-MODEL Repository https://swissmodel.expasy.org/; TOPCONS https://topcons.cbr.su.se/; UniProtKB/Swiss-Prot https://www.uniprot.org/. Biological tissue from the reference specimen tissue is available in the LIB Biobank at Museum Koenig Bonn under accession ZFMK-TIS-82493. Three additional specimens are deposited under accessions ZFMK-TIS-82494 through ZFMK-TIS-82496. Source data are provided with this paper.-- Code availability: Public code is available at https://github.com/NBISweden/genecovr and https://github.com/andreaswallberg/Ecological-Genomics-Northern-Krill. A copy of the Github repositories is available on Zenodo: https://zenodo.org/doi/10.5281/zenodo.10827407 Krill are vital as food for many marine animals but also impacted by global warming. To learn how they and other zooplankton may adapt to a warmer world we studied local adaptation in the widespread Northern krill (Meganyctiphanes norvegica). We assemble and characterize its large genome and compare genome-scale variation among 74 specimens from the colder Atlantic Ocean and warmer Mediterranean Sea. The 19 Gb genome likely evolved through proliferation of retrotransposons, now targeted for inactivation by extensive DNA methylation, and contains many duplicated genes associated with molting and vision. Analysis of 760 million SNPs indicates extensive homogenizing gene-flow among populations. Nevertheless, we detect signatures of adaptive divergence across hundreds of genes, implicated in photoreception, circadian regulation, reproduction and thermal tolerance, indicating polygenic adaptation to light and temperature. The top gene candidate for ecological adaptation was nrf-6, a lipid transporter with a Mediterranean variant that may contribute to early spring reproduction. Such variation could become increasingly important for fitness in Atlantic stocks. Our study underscores the widespread but uneven distribution of adaptive variation, necessitating characterization of genetic variation among natural zooplankton populations to understand their adaptive potential, predict risks and support ocean conservation in the face of climate change Open access funding provided by Uppsala University. With the institutional support of the ‘Severo Ochoa Centre of Excellence’ accreditation (CEX2019-000928-S)","Unneberg, Per, Larsson, Mårten, Olsson, Anna, Wallerman, Ola, Petri, Anna, Bunikis, Ignas, Vinnere Pettersson, Olga, Papetti, Chiara, Gislason, Astthor, Glenner, Henrik, Cartes, Joan Enric, Blanco-Bercial, Leocadio, Eriksen, Elena, Meyer, Bettina, Wallberg, Andreas",2024,Nature Publishing Group,10.1038/s41467-024-50239-7,Digital.CSIC (Handle)
10261/330088,"Pan-genome association study of Mycobacterium tuberculosis lineage-4 revealed specific genes related to the high and low prevalence of the disease in patients from the North-Eastern area of Medellín, Colombia","19 Pags.- 8 Fgis.- 3 Tabls.    Data availability statement: The data presented in this study are deposited in the https://www.ncbi.nlm.nih.gov/ repository, accession number: PRJNA838941.    © 2023 Hurtado-Páez, Álvarez Zuluaga, Arango Isaza,
Contreras-Moreira, Rouzaud and Robledo.   This is an open-access article distributed under the terms of the Creative Commons Attribution License (CC BY). Mycobacterium tuberculosis (Mtb) lineage 4 is responsible for the highest burden of tuberculosis (TB) worldwide. This lineage has been the most prevalent lineage in Colombia, especially in the North-Eastern (NE) area of Medellin, where it has been shown to have a high prevalence of LAM9 SIT42 and Haarlem1 SIT62 sublineages. There is evidence that regardless of environmental factors and host genetics, differences among sublineages of Mtb strains play an important role in the course of infection and disease. Nevertheless, the genetic basis of the success of a sublineage in a specific geographic area remains uncertain. We used a pan-genome-wide association study (pan-GWAS) of 47 Mtb strains isolated from NE Medellin between 2005 and 2008 to identify the genes responsible for the phenotypic differences among high and low prevalence sublineages. Our results allowed the identification of 12 variants in 11 genes, of which 4 genes showed the strongest association to low prevalence (mmpL12, PPE29, Rv1419, and Rv1762c). The first three have been described as necessary for invasion and intracellular survival. Polymorphisms identified in low prevalence isolates may suggest related to a fitness cost of Mtb, which might reflect a decrease in their capacity to be transmitted or to cause an active infection. These results contribute to understanding the success of some sublineages of lineage-4 in a specific geographical area. This work was funded by the Ministerio de Ciencia Tecnología e Innovación–Minciencias (Project code: 657057636375).","Hurtado-Páez, Uriel, Álvarez Zuluaga, Nataly, Arango Isaza, Rafael Eduardo, Contreras-Moreira, Bruno, Rouzaud, François, Robledo, Jaime",2023,Frontiers Media,10.3389/fmicb.2022.1076797,Digital.CSIC (Handle)
10261/127040,"Vino, fuente natural de polifenoles","El vino es una fuente natural de polifenoles con capacidad de modular la microbiota del colon y el metabolismo intestinal, como han demostrado las investigaciones realizadas en el marco de los proyectos Winemodula y WineDigest&Brain, liderados por el CIAL. Los autores agradecen al Ministerio de Economía y Competitividad (MINECO) su apoyo 
a los proyectos AGL2009-04514-C02-01 (Winemodula) y AGL2012-04172-C02-01 (WineDigest&Brain).","Muñoz-González, Irene, Cueva, Carolina, Jiménez-Girón, Ana, Sánchez-Patán, Fernando, Martín-Álvarez, Pedro J., Bartolomé, Begoña, Moreno-Arribas, M. Victoria",2015,SweetPress,10.13039/501100003329,Digital.CSIC (Handle)
10261/277667,Actuación para la divulgación de los valores geológicos en los parques nacionales de montaña,"Congreso Internacional de las Montañas (1º. 2018. Sierra Nevada, Granada). - Texto en español, con resumen en español e inglés. Durante la mayor parte de los cien años de historia de los parques nacionales españoles han sido muy escasas las actuaciones para el conocimiento y divulgación de sus valores
geológicos. Esta situación cambia a partir del año 2006 cuando se inicia la edición de una
colección de Guías Geológicas de Parques Nacionales, con el fin de dar a conocer el rico y variado patrimonio geológico de la Red de Parques Nacionales aprovechando el foco de atracción que representan para los10 millones de personas que visitan estos espacios
naturales protegidos cada año. En estas guías se considera a los parques nacionales son un “laboratorio geológico natural¨ en los que es posible visualizar tanto los procesos geológicos activos como aquellos que sucedieron en el pasado y han dejado su impronta y su registro.También se hace énfasis en que este patrimonio esta “protegido para todos”,
mediante la figura de parque nacional. Con esta iniciativa se pretende convertir a simples turistas amantes de la naturaleza en ¨geoturistas, de forma que después de la visita a cada parque valoren y entiendan la importancia de los procesos geológicos en la vida cotidiana y aprendan a observar al Planeta Tierra como un planeta vivo y en contaste cambio. Con el fin de difundir mejor las guías geológicas, se ha construido un sitio web en el que se pueden visualizar sus contenidos:  http://www.igme.es/LibrosE/GuiasGeo/libros.htm. Este sitio web ha tenido una extraordinaria acogida con más de 250.000 visitas por año, de las cuales un 30% proceden de fuera de España.= During the greater part of them one hundred years of history of the Spanish national parks have been very scarce them performances for the knowledge and disclosure of their values geological. This situation changes starting from the year 2006 when is starts the edition of a collection of guides geological of parks national to give to know the rich and varied heritage geological of the network of parks national, taking advantage of the focus of attraction that represent these spaces for 10 million of people that visit these spaces natural protected each year. These guides are considered parks national are a ""geological natural laboratory ¨ in which it is possible to display both active geological processes such as those that happened in the past and have left their mark and its registration. It also emphasizes that this heritage is ""protected for all"", using the figure of National Park. This initiative is intended to convert simple tourists lovers of nature in ¨geoturistas¨, so that after the visit to each park they appreciate and understand the importance of geological processes in everyday life and to learn to observe the planet Earth as a living planet and contrast change. To disseminate best them guides geological, is has built a web site in which is can display their conten thttp://www.igme.es/LibrosE/GuiasGeo/libros.htm. This website has had a extraordinary reception with an average of 250,000 visits a year, with 30% of visits from outside of Spain. Instituto Geológico y Minero de España, España","Rodríguez Fernández, Luis Roberto",2022,Universidad de Granada,10261/277667,Digital.CSIC (Handle)
10261/362684,Test of Specificity in Signalling between Potato Plants in Response to Infection by Fusarium Solani and Phytophthora Infestans,"11 páginas, 1 tabla, 3 figuras.
The online version contains supplementary material available at https://doi.org/10.1007/s10886-024-01521-x Plant-plant signalling via volatile organic compounds (VOCs) in response to insect herbivory has been widely studied, but its occurrence and specificity in response to pathogen attack has received much less attention. To fill this gap, we carried out a greenhouse experiment using two fungal pathogens (Fusarium solani and Phytophthora infestans) to test for specificity in VOC induction and signalling between potato plants (Solanum tuberosum). We paired potato plants in plastic cages, one acting as VOC emitter and the other as receiver, and subjected emitters to one of the following treatments: no infection (control), infected by F. solani, or infected by P. infestans. We measured total emission and composition of VOCs released by emitter plants to test for pathogen-specificity in VOC induction, and then conducted a pathogen infection bioassay to assess resistance levels on receiver plants by subjecting half of the receivers of each emitter treatment to F. solani infection and the other half to P. infestans infection. This allowed us to test for specificity in plant VOC signalling by comparing its effects on conspecific and heterospecific sequential infections. Results showed that infection by neither F. solani or P. infestans produced quantitative (total emissions) or qualitative (compositional) changes in VOC emissions. Mirroring these patterns, emitter infection treatment (control vs. pathogen infection) did not produce a significant change in pathogen infection levels on receiver plants in any case (i.e., either for conspecific or heterospecific sequential infections), indicating a lack of signalling effects which precluded pathogen-based specificity in signalling. We discuss possible mechanisms for lack of pathogen effects on VOC emissions and call for future work testing for pathogen specificity in plant-plant signalling and its implications for plant-pathogen interactions under ecologically relevant scenarios involving infections by multiple pathogens. This research was financially supported by a grant from the Spanish Ministry of Science, Innovation and Universities (RTI 2018-099322-B-I00), a grant from the Spanish National Research Council (2021AEP082), and a grant from the Regional Government of Galicia (IN607A 2021/03) to XM. LMC was supported by a predoctoral fellowship from the Spanish Ministry of Science, Innovation and Universities (PRE2019-091096).","Martín-Cacheda, Lucía, Röder, Gregory, Abdala-Roberts, Luis, Moreira Tomé, Xoaquín",2024,Springer,10.1007/s10886-024-01521-x,Digital.CSIC (Handle)
10261/341908,A radiation of Psylliodes flea beetles on Brassicaceae is associated with the evolution of specific detoxification enzymes,Sin abstract disponible,"Gikonyo, Matilda W, Ahn, Seung-Joon, Biondi, Maurizio, Fritzlar, Frank, Okamura, Yu, Vogel, Heiko, Köllner, Tobias G., Şen, İsmail, Hernández-Teixidor, David, Lee, Chi-Feng, Letsch, Harald, Beran, Franziska",2024,Oxford University Press,10.1093/evolut/qpad197,Digital.CSIC (Handle)
10261/330078,Que nadie piense que cuando acabe la guerra esto va a volver a la situación anterior,"""Sin energía. Pequeña guía para el Gran Descenso"" es el último libro de Antonio Turiel del que este experto en energía ha vendido más de 10 mil ejemplares. En él habla como suele ser habitual muy claro y subraya que el descenso energético es una realidad ""apremiante"" que anticipa un ""futuro muy oscuro"". Los cambios que se necesitan, advierte, son muy ""profundos"", así que no podemos perder tiempo.","Turiel, Antonio",2023,Digital.CSIC,10261/330078,Digital.CSIC (Handle)
10261/275788,Formation and structures of horizontal submarine fluid conduit and venting systems associated with marine seeps,"Methane-rich water moves through conduits beneath the seafloor whose surfaces are formed through precipitation reactions. To understand how such submarine fluid conduit and venting systems form and grow, we develop a detailed mathematical model for this reaction-advection system and we quantify the evolution of an ensemble of similar filaments. We show that this growth can be described by a superposition of advection and dispersion. We analyze analog laboratory experiments of chemical-garden type to study the growth of a single filament undergoing a precipitation reaction with the surrounding environment. We apply these findings to geological fluid conduit and venting systems, showing that their irregular trajectories can lead to very effective spreading within the surrounding seabed, thus enhancing contact and exchanges of chemicals between the conduit and external fluids. We discuss how this methane venting leads to the formation of marine authigenic carbonate rocks, and for confirmation, we analyze two field samples from the Gulf of Cadiz for composition and mineralogy of the precipitates. We note the implications of this work for hydrate melting and methane escape from the seabed. L. A. M. Rocha gratefully acknowledges funding from the Fundação para a Ciência e Tecnologia (FCT), Portugal (grant SFRH/BD/130401/2017). C. Pimentel acknowledges funding from Juan de la Cierva-Formación (grant FJC2018-035820-I) from the Spanish Ministry of Science. J. H. E. Cartwright and C. Ignacio Sainz-Díaz acknowledge the financial support of the Spanish MINCINN projects FIS2016-77692-C2-2-P and PCIN-2017-098. I. Sánchez-Almazo thanks the crew of the Cornide de Saavedra vessel, as well as the members of the Tasyo project, funded by the Spanish Marine Science and Technology Program, for allowing her to participate in the 2000–2001 Anastasya cruises. The authors acknowledge the contribution of the COST Action chemobrionics, CA17120.","Rocha, Luis A. M., Gutiérrez-Ariza, Carlos, Pimentel, Carlos, Sánchez-Almazo, Isabel, Sainz-Díaz, C. Ignacio, Cardoso, Silvana S. S., Cartwright, Julyan H. E.",2022,American Geophysical Union,10.1029/2021GC009724,Digital.CSIC (Handle)
10261/304092,"Ovine placenta, fetuses and lambs, pathologic or physiological finding?","Trabajo presentado al: European Society of Veterinary Pathology. Atenas (Grecia), 7-10 septiembre.2022.","Vallejo, R., Pérez Pérez, Valentín, De Miguel, R., Gutiérrez-Expósito, Daniel, Benavides, Julio",2023,European College of Veterinary Pathologists,10261/304092,Digital.CSIC (Handle)
10261/341458,MOTEDAS: a monthly temperature grid for the Spanish mainland [Dataset],"[EN] Three files in .csv format ('Infogeo_Spain10.csv', 'MOTEDAS_TMAX_1950-2010.csv' and 'MOTEDAS_TMIN_1950-2010.csv'). The first one contains the metadata of the grid points, the first column is the ID (Point), the second is the latitude (lon), the third is the latitude (lat) and the fourth is the elevation of the point with respect to the sea level (alt.). In the second and third file the climatic information is collected, in both, the first column is the ID (Point), in the second column the year to which the data refer (Year) and the following 12 columns show the monthly temperatures (maximum and minimum daily respectively) from January to December (Jan to Dec) and expressed in 1/10 Celsius degrees.
[ES] Tres archivos en formato .csv ('Infogeo_Spain10.csv', 'MOTEDAS_TMAX_1950-2010.csv' y 'MOTEDAS_TMIN_1950-2010.csv'). El primero de ellos contiene los metadatos de los puntos del grid, la primera columna es el ID (Point), la segunda es la latitud (lon), la tercera es la latitud (lat) y la cuarta es la elevación del punto respecto al nivel del mar (alt.). En el segundo y tercer archivo queda recogida la información climática, en ambos, la primera columna queda recogido el ID (Point), en la segunda el año al que van referidos los datos (Year) y las 12 columnas siguientes se muestran las temperaturas mensuales (máximas y mínimas diarias respectivamente) de enero a diciembre (Jan a Dec) y expresadas en 1/10 grados Celsius. [EN] A monthly temperature (mean daily maximum and minimum) gridded data set over mainland Spain between December 1950 and December 2010. The dataset was developed from surface observations from the National Climate Data Bank (NCDB) of the Spanish national climate and weather service (AEMET), comprising data from 1358 complete series. The station data were interpolated on a 0.1° × 0.1° regular grid using the angular distance weighting (ADW) method. [ES] Conjunto de datos en rejilla de temperatura mensual (promedio de los valores máximos y mínimos diarios) en la España peninsular entre diciembre de 1950 y diciembre de 2010. El conjunto de datos se basa en observaciones del Banco Nacional de Datos de AEMET. El conjunto final contiene información de un total de 1358 series completas. Las observaciones se interpolaron a una rejilla regular de 0.1° × 0.1° mediante el método de ponderación inversa a la distancia angular (ADW). Project HIDROCAES (CGL2011-27574-C02-01), funded by the Ministry of Science and Innovation (Spanish Government). Infofile, grids. No","González Hidalgo, José Carlos, Peña-Angulo, Dhais, Brunetti, Michele, Cortesi, Nicola",2023,Universidad de Zaragoza,10.13039/501100011033,Digital.CSIC (Handle)
10261/237488,Ética y protección de datos de salud en contexto de pandemia: una referencia especial al caso de las aplicaciones de rastreo de contactos,"Este artículo está sujeto a una licencia CC BY 4.0 El análisis y el tratamiento masivo (big data) de datos de salud mediante algoritmos de inteligencia artificial, así como las plataformas y las aplicaciones para el rastreo de contactos y geolocalización, se han planteado como herramientas necesarias para afrontar con éxito una situación como la actual pandemia de la COVID-19. Ejemplos como los de Corea del Sur, Noruega o Singapur parecen abundar en este sentido, y Europa se ha apuntado con rapidez a secundarlos, aunque sin perder de vista su propio marco normativo, de protección de derechos fundamentales y de respeto a principios éticos básicos. Planteamos algunas cuestiones éticas y jurídicas en torno al tratamiento de datos de salud en un contexto de emergencia de salud pública como el actual: legitimidad, limitaciones para el consentimiento, relaciones entre lo público y lo privado, seguridad, privacidad… Para ello tomaremos como referencia el RGPD de la UE, las recomendaciones de la Comisión Europea, las directrices del EDPB y de la AEPD, pronunciamientos como el del Comité de Bioética de España o el reciente marco europeo sobre digitalización (febrero-marzo 2020) Este trabajo se realiza en el marco de los proyectos INBOTS CSA network: Inclusive Robotics
for a better Society (EU H2020 G.A. 780073), y BIODAT: Datos de salud: Claves ético-jurídicas para la transformación digital en el ámbito sanitario (Fundación Séneca-Agencia de Ciencia
y Tecnología de la Región de Murcia – Ref. 20939/PI/18)","Ausín, Txetxu, Andreu Martínez, Belén",2021,Universidad Autónoma de Barcelona,10.5565/rev/enrahonar.1304,Digital.CSIC (Handle)
10261/227125,Impact of temperature increase and acidification on growth and the reproductive potential of the clam Ruditapes philippinarum using DEB,"7 pages, 2 figures, 2 tables, supplementary data https://doi.org/10.1016/j.ecss.2020.107099 We built a simulation model based on Dynamic Energy Budget theory (DEB) to assess the growth and reproductive potential of the Manila clam Ruditapes philippinarum under different temperature and pH conditions, based on environmental values forecasted for the end of the 21st c. under climate change scenarios. The parameters of the DEB model were calibrated with the results of seasonal growth experiments under two levels of temperature (ambient and plus 2–3 °C) and three levels of pH (8.1 used as control and 7.7 and 7.3 representing acidification). The results showed that R. philippinarum is expected to have moderate growth in length or individual body mass (ultimate length and body weight would be larger than current values by 2–3%) when taking into account only the effect of temperature increase. However, acidification is likely to have a deleterious effect on growth, with a decrease of 2–5% length or body weight under the pH value of 7.7 forecasted for the end of the 21st c, or 10–15% under a more extreme scenario (pH = 7.3). However, the aggregated reproductive potential, integrated along a lifetime of 10 years, is likely to increase by 30% with temperature increase. Decreasing pH would impact negatively on reproductive potential, but in all simulations under warmer conditions, reproductive potential values were higher than current, suggesting that temperature increase would compensate losses due to acidification. The results are discussed in relation to their possible impact on aquaculture and fisheries of this important commercial bivalve This research is part of the CERES project (European Commission H2020 Framework, contract nº 678193). The Spanish Ministry of Economy, Industry and Competitiveness contributed through the project AimCost CGL-2016-76332-R MINECO/FEDER/UE) With the funding support of the ‘Severo Ochoa Centre of Excellence’ accreditation (CEX2019-000928-S), of the Spanish Research Agency (AEI)","Maynou, Francesc, Galimany, Eve, Ramón, Montserrat, Solé, Montserrat",2021,Elsevier,10.1016/j.ecss.2020.107099,Digital.CSIC (Handle)
10261/354197,Advances on biomass-derived microporous carbons for efficient removal of pharmaceuticals from wastewater,"This work was developed within the project SYNERGY (2022.02028.PTDC), supported by national
Stimulus (2022.00570.CEECIND). DP and ES thank FCT for Individual PhD Grants (2020.05389.BD and
2020.05390.BD). MVG acknowledges support from the Spanish AEI through the Ramón y Cajal grant
RYC-2017-21937 funded by MCIN/AEI/10.13039/501100011033 and by “ESF Investing in your future","Calisto, V., Sousa, Érika M. L., Pereira, D., Lima, D., Gil Matellanes, María Victoria, Otero, M., Esteves, V. I.",2024,Digital.CSIC,10.13039/501100011033,Digital.CSIC (Handle)
10261/230221,An Integrative Model of Carbon and Nitrogen Metabolism in a Common Deep-Sea Sponge (Geodia barretti),"Este artículo contiene 18 páginas, 4 tablas, 6 figuras. Deep-sea sponges and their microbial symbionts transform various forms of carbon
(C) and nitrogen (N) via several metabolic pathways, which, for a large part, are
poorly quantified. Previous flux studies on the common deep-sea sponge Geodia
barretti consistently revealed net consumption of dissolved organic carbon (DOC) and
oxygen (O2) and net release of nitrate (NO3 ). Here we present a biogeochemical
metabolic network model that, for the first time, quantifies C and N fluxes within the
sponge holobiont in a consistent manner, including many poorly constrained metabolic
conversions. Using two datasets covering a range of individual G. barretti sizes (10–
3,500 ml), we found that the variability in metabolic rates partially resulted from body size
as O2 uptake allometrically scales with sponge volume. Our model analysis confirmed
that dissolved organic matter (DOM), with an estimated C:N ratio of 7.7   1.4, is the
main energy source of G. barretti. DOM is primarily used for aerobic respiration, then for
dissimilatory NO3 reduction to ammonium (NHC
4 / (DNRA), and, lastly, for denitrification.
Dissolved organic carbon (DOC) production efficiencies (production/assimilation) were
estimated as 24   8% (larger individuals) and 31   9% (smaller individuals), so most
DOC was respired to carbon dioxide (CO2), which was released in a net ratio of 0.77–
0.81 to O2 consumption. Internally produced NHC
4 from cellular excretion and DNRA
fueled nitrification. Nitrification-associated chemoautotrophic production contributed
5.1–6.7   3.0% to total sponge production. While overall metabolic patterns were
rather independent of sponge size, (volume-)specific rates were lower in larger sponges
compared to smaller individuals. Specific biomass production rates were 0.16% day1
in smaller compared to 0.067% day1 in larger G. barretti as expected for slowgrowing
deep-sea organisms. Collectively, our approach shows that metabolic modeling
of hard-to-reach, deep-water sponges can be used to predict community-based
biogeochemical fluxes and sponge production that will facilitate further investigations
on the functional integration and the ecological significance of sponge aggregations in
deep-sea ecosystems. This research has been performed in the scope of the EU
SponGES project, which received funding from the European
Union’s Horizon 2020 Research and Innovation Program under
grant agreement no. 679849. Further support included ERC
starting grant agreement no. 715513 to JG and the Netherlands
Earth System Science Center to JM.","de Kluijver, Anna, Bart, Martijn C., van Oevelen, Dick, de Goeij, Jasper M., Leys, Sally P., Maier, Sandra R., Maldonado, Manuel, Soetaert, Karline, Verbiest, Sander, Middelburg, Jack J.",2021,Frontiers Media,10.3389/fmars.2020.596251,Digital.CSIC (Handle)
10261/346338,ANÁLISIS CRÍTICO DE LA COBERTURA PÚBLICA EN LA REPRODUCCIÓN ASISTIDA. RETOS Y PERSPECTIVAS PARA UNA MEJOR ATENCIÓN EN LA COMUNIDAD DE MADRID,"Con el aumento de la infertilidad sin precedentes, la demanda de las técnicas de
reproducción asistida no ha dejado de crecer en las últimas décadas. El mercado reproductivo
español se ha situado como una potencia mundial y europea, con un gran número de pacientes y
de tratamientos realizados. En España, las mujeres y parejas disfrutan de una cobertura pública
de los tratamientos, sin embargo, la provisión y financiación es principalmente privada,
suponiendo una gran carga económica para las pacientes. En esta investigación queremos conocer
las razones detrás de este fenómeno, a través del relato de las propias pacientes de la Comunidad
de Madrid que se han sometido a los tratamientos tanto en el sistema público y cómo en el privado.
Tras la realización de las entrevistas, las largas listas y tiempos de espera, los límites en la oferta
de tratamientos, el trato e información recibidos por los profesionales sanitarios y las limitaciones
en el diagnóstico y tratamiento de la causa de la infertilidad, se han manifestado como
problemáticas en la red pública que conducen a las pacientes a buscar asistencia en el sector
privado. Para afrontar los retos de la infertilidad y de la reproducción asistida, se hacen necesarios
cambios de política pública que tengan como objetivo mejorar la atención en España y en la
Comunidad de Madrid. Proyecto IFGENE - https://ifgene.eu/ . Proyecto IfGene financiado por el Ministerio de Ciencia e Innovación (MCIN/AEI/10.13039/501100011033). PID2020-115899GB-I00; IP: Mauro Turrini (IPP-CSIC)","Bosch García de Araoz, Paula",2024,Digital.CSIC,10.13039/501100003339,Digital.CSIC (Handle)
10261/342915,Sin título disponible,"[EN] Geologically saline zones with scarce pluviometry are areas susceptible to salinization of their natural drainage. However, the salinization of the receiving water systems can be accelerated with the implementation of irrigation. This work aims to analyze the effects of irrigation on some zones transformed into irrigation land, from the beginning of the process until its complete consolidation. To this end, salt balances are evaluated as a whole and for each significant chemical element. The study zone is the irrigable area of the Lerma basin (Spain), where hydrosaline balances have been carried out since the hydrological year 2004 (before the implementation of irrigation) until 2020 (after the consolidation of irrigation). The implementation of irrigation in the area has doubled the mass of exported salts up to an average of 3177 kg/ha irrigable·year, for the entire study period. 55 % of that amount results from a global mineral dissolution, although this process seems to decrease with time as these minerals are being flushed from the soil. Before irrigation was implemented, the general global dissolution pattern produced more concentration of most ions (SO42−, Cl−, Mg2+, Na+, and K+) in the water outputs than in the water inputs. After the implementation of irrigation, there were more water inputs than outputs in the balance and that was shown by the decrease in the dissolved HCO3− and Ca2+.These results indicate that the consolidation of irrigation progressively decreases the induced salinization in the water systems that receive the irrigation return flows. Further studies are required to expand the general understanding of the process and its effects, quantify the different geochemical processes involved, and identify possible additional environmental issues induced by irrigation. This study was possible thanks to Project AgroSOS (PID2019-108057RB-I00) funding from the Ministry of Science and Innovation – Feder EU Funds.","Causapé Valenzuela, Jesús Antonio, Gimeno, María José, Auque, Luis",2024,Elsevier,10.1016/j.scitotenv.2023.166996,Digital.CSIC (Handle)
10261/394110,The opportunity for climate action through climate-smart Marine Spatial Planning,"11 pages, 2 figures, 1 table, supplementary information https://doi.org/10.1038/s44183-025-00129-2.-- Data availability: No datasets were generated or analysed during the current study Despite global climate-driven change in marine ecosystems and associated economic sectors, climate-smart Marine Spatial Planning (CSMSP) implementation remains limited. This joint perspective from across the climate research and Marine Spatial Planning policy interface discusses reasons for CSMSP’s slow pace (blockers) and shares operational examples about how CSMSP is working around the world (enablers). Learning from national CSMSP contexts can help deliver needed and faster international collaboration on climate action With the institutional support of the ‘Severo Ochoa Centre of Excellence’ accreditation (CEX2019-000928-S)","Queirós, Ana M., Brink, Talya ten, Bas, Maria, Sweeting, Christopher J., McGuinness, Sian, Edwards, Hugh, Talbot, Elizabeth, Sørdahl, Patrick Berg, Lønborg, Christian, Deecker-Simon, ShaynaR., Elliott, Michael, Sardá, Rafael, Fernandes-Salvador, José A., Pretty, Christina, Varjopuro, Riku, Virtanen, Elina A., Gissi, Elena, Yates, Katherine L., Morf, Andrea, Frazão Santos, Catarina, Withouck, Inne, Frost, Matthew, Coll, Marta, Gee, Kira, Aonghusa, Caitriona nic",2025,Nature Publishing Group,10.1038/s44183-025-00129-2,Digital.CSIC (Handle)
10261/318730,Integrating biogeochemical and molecular tools to assess planktonic protist contribution to organic carbon fluxes and export efficiency in subtropical waters of the southwest Pacific,Sin abstract disponible,"Gutiérrez-Rodríguez, Andrés, Lopes-dos-Santos, A., Gerring, P., Vaulot, D., Not, Fabrice, Strzepek, RF., Chiswell SM., Maas, E., Boyd, Philip W., Nodder, S.D.",2023,Digital.CSIC,10261/318730,Digital.CSIC (Handle)
10261/370366,Editorial: Women in virology: 2023,Sin abstract disponible,"Grande-Pérez, Ana, Nanbo, Asuka, Jia, Na, van der Kuyl, Antoinette Cornelia",2024,Frontiers Media,10.3389/fmicb.2024.1404214,Digital.CSIC (Handle)
10261/383282,Graphene oxide-doped organic xerogel and magnetite enhance the anaerobic treatment of winery wastewater,"Winery wastewater is a high-strength effluent, which is challenging for anaerobic treatment systems. In this study, magnetite and an organic xerogel doped with graphene oxide (OX-GO) were tested as booster materials (BMs) during the anaerobic treatment of winery wastewater. The enhancing effect was clearly reflected in higher methane production rates (up to 25 % increase) and greater organic matter removal (up to 18 % increase) in amended reactors, as compared to the unamended control. BMs also increased the hydrolysis of proteins coupled to biogas production. Furthermore, the organic acids-enriched composition of winery effluents allowed the production of valuable medium-chain carboxylic acids by tuning operational conditions. Finally, the relative abundance of specialized microbial populations, such as β-oxidizing/proteolytic bacteria (Syntrophomonas) and hydrogenotrophic methanogens (Methanobacterium) increased in the anaerobic systems. Particularly, the presence of BMs promoted the enrichment of specific bacterial genera, including Rhodopseudomonas, Propionicicella, Acetobacter and Anaerolinea, as well as proteolytic genera like Proteiniborus and Proteiniphilum. Moreover, the genus Caproiciproducens exhibited significant fold-changes when OX-GO was added, which is crucial for organic acids production and chain elongation. These BMs are proposed as potential additives in anaerobic systems to boost their performance during the treatment of high-strength industrial effluents. LARM acknowledges fellow from CONAHCYT (CVU 330625). This research was financially supported by UNAM (grants DGAPA-PAPIIT TA200122, IT100224 and GII 3406), Secretariat of Sustainable Development of the State of Querétaro (SEDESU, Querétaro Mexico), Ministerio de Ciencia e Innovación de España (MCIN/AEI/10.13039/501100011033) (Project PID2020-115334GB-I00) and by Principado de Asturias (FICYT) - European Union (FEDER) (Project PCTI-Asturias IDI/2021/000015). J. Angel Menéndez and Miguel Montes are members of the SusPlast PTI+ of the Spanish National Research Council (CSIC).","Ramírez Montoya, Luis Adrián, Díaz-Muñiz, Christopher A., Valenzuela, Edgardo I., Banda-Calderón, D. Sebastian, Menéndez Díaz, José Ángel, Montes Morán, Miguel Ángel, Cervantes, Francisco J.",2025,Elsevier,10.1016/j.jwpe.2024.105715,Digital.CSIC (Handle)
10261/256743,A higher incidence of moult–breeding overlap in great tits across time is linked to an increased frequency of second clutches: A possible effect of global warming?,"The rise of temperatures due to global warming is related to a lengthening of the breeding season in many bird species. This allows more pairs to attempt two clutches within the breeding season, thus finishing their breeding activity later in the season and therefore potentially overlapping these with post–breeding moult. We tested whether this occurred in two Spanish great tit Parus major populations. The proportion of pairs laying second clutches increased from 1 % to 32 % over the study period in one of the populations (Sagunto, 1995–2019), while it did not change in the other (Quintos, 2006–2019; mean 5 %). We did not find any temporal trend for moult start date of late–breeding birds in any population. The proportion of individuals of both sexes that overlapped moult and breeding increased in Sagunto. For this latter population, sex and age, but not clutch type, contributed to the variability in the probability of overlapping in late–breeding individuals, this being higher for first–year males and lower for older females. El incremento del solapamiento entre la muda y la reproducción en el carbonero común está ligado a un aumento en la frecuencia de segundas puestas: ¿Un posible efecto del calentamiento global? El ascenso de las temperaturas debido al cambio climático está relacionado con un aumento de la duración de la temporada reproductiva de muchas especies de aves. Esto permite que más parejas intenten poner dos puestas durante la temporada reproductiva y conlleva que terminen sus actividades reproductivas más tarde; por tanto, estas actividades se podrían solapar con la muda postnupcial. Hemos comprobado si esto ocurre en dos poblaciones de carbonero común (Parus major) de España. La proporción de parejas con segundas puestas se ha incrementado del 1 % al 32 % durante el periodo de estudio en una de las poblaciones (Sagunto, 1995–2019), mientras que en la otra no ha cambiado (Quintos, 2006–2019; media 5 %). No hemos encontrado ninguna tendencia temporal en cuanto a la fecha de inicio de muda de los individuos que están criando en fechas tardías en ninguna de las dos poblaciones. La proporción de individuos de ambos sexos cuya muda y actividad reproductiva se solaparon se ha incrementado en Sagunto. En esta última población, el sexo y la edad, pero no el tipo de puesta, contribuyeron a explicar la variabilidad en la probabilidad de solapamiento entre los reproductores tardíos, ya que esta es mayor en los machos de primer año y menor en hembras adultas. This study was partially supported by the projects CGL2013–48001–C2–1–P (Spanish Ministry of Science and Innovation) and CGL2016–79568–C3–1–P (Spanish Ministry of Economy and Competitiveness) thanks to the European Social Fund.","Solís, I., Sanz, Juan José, Imba, L., Barba, Emilio",2021,Museo de Ciencias Naturales (Barcelona),10.32800/abc.2021.44.0303,Digital.CSIC (Handle)
10261/353243,"Exhumaciones, generales y militarismo fantasma: cómo confrontar el legado de la Guerra Civil española","La web del proyecto puede visitarse en <http://www.politicasdelamemoria.org/es> Este texto se basa en una etnografía de veinte años de duración sobre las exhumaciones de fosas comunes de la Guerra Civil (136-1939) en la España contemporánea, y trata sobre el tortuoso, doloroso, y controvertido e incompleto desmantelamiento de una inscripción militarista masiva en España: la relacionada con su última guerra interna y la posterior dictadura (1939-1975). Para entender este proceso y sus raíces históricas, el artículo disecciona primero la formación de un apartheid funerario que se consolida en el país desde el final de la guerra. En segundo lugar, analiza el impacto en el tejido social de las exhumaciones de fosas comunes de civiles republicanos que comenzaron en el año 2000. En tercer lugar, rastrea cómo estas exhumaciones se han cruzado con el monumento franquista más destacado de España, el Valle de los Caídos, lugar en el que fue enterrado el dictador en 1975 hasta su exhumación y traslado a un panteón familiar en 2019. Se sostiene que el retroceso de la militarización por medio del desmantelamiento de las cartografías de la muerte, derivadas de la guerra, y el desafío de las disposiciones funerarias militares implica necesariamente un cierto nivel de remilitarización por otros medios. Llamo a este reflejo y a esta memoria contraproducente, profundamente encarnada, militarismo fantasma","Ferrándiz Martín, Francisco",2024,Universidad Autónoma Metropolitana,10.24275/uam/izt/dcsh/alteridades/2022v32n64/Ferrandiz,Digital.CSIC (Handle)
10261/215152,"Fragilidad y complejidad de los ecosistemas de montaña: red de polinizadores, microhábitats y vulnerabilidad al cambio climático de una planta clave en la comunidad del cono del Teide","Los ecosistemas de montaña son muy importantes como centros de biodiversidad mundial debido a su aislamiento geográfico, y especialmente las montañas de islas oceánicas. Éstos han servido de refugio durante cambios ambientales y climáticos del pasado y albergan una gran cantidad de hábitats particulares a lo largo de los gradientes altitudinales. Suelen albergar numerosas especies endémicas, especialmente vegetales, pero también de insectos como abejorros, mariposas y hormigas. Son considerados sistemas frágiles y amenazados, especialmente por el cambio climático que está experimentando
el planeta. Además, presentan una elevada vulnerabilidad debido a las fuertes pendientes y a los suelos poco profundos y sujetos a intensa erosión. En las últimas dos décadas se ha documentado una notable pérdida de biodiversidad en muchos sistemas montañosos del mundo, especialmente en los alpinos. Aparte de los efectos del cambio climático (aumentos en la temperatura, cambios en los regímenes de acumulación
de nieve y posterior deshielo), importantes amenazas actuales para estos sistemas son los cambios en el uso del suelo (construcción de estaciones de esquí, conversión de terrenos para la agricultura o ganadería, saltos de agua y represas de uso hidroeléctrico, etcétera). Además, la herbivoría por ungulados o lagomorfos, el riesgo de deriva genética e ”inbreeding” debido al reducido tamaño poblacional de muchas especies, y un largo etcétera, hacen de los ecosistemas de montaña unos sistemas de alerta tempra frente al cambio global y, simultáneamente, unos reservorios muy valiosos de biodiversidad en su sentido más amplio.","Traveset, Anna, Seguí, Jaume, Nogales, Manuel",2020,"Ministerio de Agricultura, Alimentación y Medio Ambiente (España)",10261/215152,Digital.CSIC (Handle)
10261/384989,La sequía en la provincia de León: presente y perspectivas futuras,"18 páginas, 8 figuras, 2 tablas. [ES] La carencia de una única definición de sequía es una de las principales cuestiones suscitadas a la hora de afrontar un análisis acerca de este fenómeno, e impide que se pueda abordar desde una perspectiva de consenso. Esto se debe a dos motivos principales) las diversas disciplinas que afrontan el estudio de la sequía (climatología, hidrología, agricultura, economía, etc.) lo hacen desde distintos puntos de vista, por lo que, habitualmente, nos encontramos con definiciones adecuadas a cada enfoque; el dispar mosaico climático terrestre incorpora un factor de parcialidad dependiente de la zona del globo en la que nos encontremos. De esta forma, el término sequía se trata de un concepto disciplinar y regionalmente dependiente. Sumado a la anfibología del concepto sequía, otro de los problemas frecuentes a la hora de abordar este tipo de estudios es la difusa delimitación entre este término y el de aridez. Algunas fuentes marcan la diferencia en la temporalidad: la sequía es temporal mientras que la aridez es una característica del territorio. A lo largo de la historia numerosos autores han desarrollado cálculos matemáticos que combinan parámetros climáticos con el objetivo de caracterizar el territorio desde el punto de vista de la disponibilidad de agua y describirlo en términos de «húmedo», «seco», «árido», etc. Estos cálculos se denominan índices de sequía o aridez y permiten cuantificar de forma indirecta dichos fenómenos. En la actualidad son numerosos los trabajos que pretenden predecir las consecuencias del cambio climático sobre la sequía bajo los diferentes escenarios analizados por el Panel Intergubernamental de Expertos sobre el Cambio Climático (IPCC). Por ejemplo, la ocurrencia de eventos de sequía y olas de calor a nivel global ha sido, en promedio, tres unidades superiores en las dos últimas décadas que en los registros anteriores. En algunas zonas del mundo, como el estado de California, ciertos indicadores de sequía han alcanzado a partir del año 2012 sus máximos históricos, registrándose a su vez el año de menor precipitación y la temperatura máxima absoluta desde la existencia de registros meteorológicos. No sólo las variables relativas a las sequías meteorológicas y agrícolas se están viendo alteradas como consecuencia del cambio climático, sino que en la sequía hidrológica también se están observando grandes variaciones, que se manifiestan tanto en la menguante tasa de recarga de los embalses como en las disminuciones del nivel freático de los acuíferos, condiciones que se agravarán bajo escenarios pesimistas. Es previsible que, además de los precitados resultados, otras consecuencias subyazcan bajo las condiciones de sequía fruto del cambio climático. Este hecho hace que sea necesaria la realización de estudios que traten de determinar las condiciones de sequía y aridez a escala local y regional en la actualidad, y cómo el cambio climático forzará la aparición de escenarios diferentes en esas variables.","Ferreiro Lera, G.B., Álvarez Santacoloma, A., González Pérez, A., Ochoa Ramos, N.Y., Alonso Redondo, R., Penas, Ángel, del Río, Sara",2025,Universidad de León,10261/384989,Digital.CSIC (Handle)
10261/332036,Are biomarkers of xenobiotic exposure indicative of plastic litter? A case study on NW Mediterranean fishing grounds,"1 page, figures The fish: anchovy (Engraulis encrasicolus), blue whiting (Micromesistius  poutassou) and mackerel (Trachurus trachurus); and the crustacean Norway lobster (Nephrops norvegicus) are common fisheries in the NW Mediterranean and, in some cases, proposed sentinels of marine pollution. Recent and growing concern for the presence of marine plastics alerts for the consequences these exposures may have on marine species. The aim of our study was to reveal if traditional biomarkers used in pollution monitoring would be also informative of plastic contamination. In the natural environment, contaminants are present as complex mixtures and even associated to micro-particles, thus a coexistence of anthropogenic contaminants of different nature is be expected. To this end, in 2019, a sampling cruise was conducted within the PLASMAR project (RTI2018-094806-B-100) in three traditional fishing grounds of the region (Blanes, Barcelona and Ebre Delta) known to be subjected to a pollution gradient. The magnitude on the presence of microplastics (MP) in the digestive tract of the above-mentioned species was considered as a marker of the anthropogenic pressure. Well-established pollution monitoring biomarkers were considered and their relationship with MP occurrence quantified. The selected biomarkers were the activities of acetylcholinesterase, lactate dehydrogenase and citrate synthase (in muscle) and in liver: carboxylesterases (CbE), ethoxyresorufin O-deethylase (EROD), glutathione S-transferase and catalase (CAT). MP pollution was characterised in terms of synthetic and cellulosic fibres contribution and polymer types (polyester, acrylic, polyamide, polypropylene). The results obtained confirmed for most biomarkers significant differences among species and little geographical ones. Despite large individual variability in the biochemical responses, CAT and EROD were the markers less responsive, while CbE activity was the parameter most affected by site, although in a species-dependent way. Our results confirm that marine species of economic interest are exposed to MP; however, the extent of the biochemical responses could not be clearly associated to MP ingestion. The existing widespread, chronic and complex mixtures of chemicals in fishing grounds may contribute to mask a clear-cut biological response. To the Spanish Ministry of Science, Innovation and Universities research project “PLASMAR” (RTI2018-094806-B-100) and the Institutional support of the “Severo Ochoa Centre of Excellence” (CEX2019-000928-S), CSIC Interdisciplinary Thematic Platform (PTI+) for Sustainable Plastics towards a Circular Economy+ (PTI-SusPlast+)","Solé, Montserrat, Dallarés, Sara, Carreras-Colom, Ester, Rodríguez Romeu, Oriol, Soler-Membrives, Anna, Constenla Matalobos, María, Carrasson, Maite",2023,Digital.CSIC,10.13039/501100011033,Digital.CSIC (Handle)
10261/396347,Combination of searches for heavy spin-1 resonances using 139 fb−1 of proton-proton collision data at s = 13 TeV with the ATLAS detector,"We thank CERN for the very successful operation of the LHC and its injectors, as well as the support staff at CERN and at our institutions worldwide without whom ATLAS could not be operated efficiently.

The crucial computing support from all WLCG partners is acknowledged gratefully, in particular from CERN, the ATLAS Tier-1 facilities at TRIUMF/SFU (Canada), NDGF (Denmark, Norway, Sweden), CC-IN2P3 (France), KIT/GridKA (Germany), INFN-CNAF (Italy), NL-T1 (Netherlands), PIC (Spain), RAL (U.K.) and BNL (U.S.A.), the Tier-2 facilities worldwide and large non-WLCG resource providers. Major contributors of computing resources are listed in ref. [81].

We gratefully acknowledge the support of ANPCyT, Argentina; YerPhI, Armenia; ARC, Australia; BMWFW and FWF, Austria; ANAS, Azerbaijan; CNPq and FAPESP, Brazil; NSERC, NRC and CFI, Canada; CERN; ANID, Chile; CAS, MOST and NSFC, China; Minciencias, Colombia; MEYS CR, Czech Republic; DNRF and DNSRC, Denmark; IN2P3-CNRS and CEA-DRF/IRFU, France; SRNSFG, Georgia; BMBF, HGF and MPG, Germany; GSRI, Greece; RGC and Hong Kong SAR, China; ISF and Benoziyo Center, Israel; INFN, Italy; MEXT and JSPS, Japan; CNRST, Morocco; NWO, Netherlands; RCN, Norway; MEiN, Poland; FCT, Portugal; MNE/IFA, Romania; MESTD, Serbia; MSSR, Slovakia; ARRS and MIZŠ, Slovenia; DSI/NRF, South Africa; MICINN, Spain; SRC and Wallenberg Foundation, Sweden; SERI, SNSF and Cantons of Bern and Geneva, Switzerland; MOST, Taipei; TENMAK, Türkiye; STFC, United Kingdom; DOE and NSF, United States of America.

Individual groups and members have received support from BCKDF, CANARIE, CRC and DRAC, Canada; PRIMUS 21/SCI/017 and UNCE SCI/013, Czech Republic; COST, ERC, ERDF, Horizon 2020, ICSC-NextGenerationEU and Marie Skłodowska-Curie Actions, European Union; Investissements d’Avenir Labex, Investissements d’Avenir Idex and ANR, France; DFG and AvH Foundation, Germany; Herakleitos, Thales and Aristeia programmes co-financed by EU-ESF and the Greek NSRF, Greece; BSF-NSF and MINERVA, Israel; Norwegian Financial Mechanism 2014-2021, Norway; NCN and NAWA, Poland; La Caixa Banking Foundation, CERCA Programme Generalitat de Catalunya and PROMETEO and GenT Programmes Generalitat Valenciana, Spain; Göran Gustafssons Stiftelse, Sweden; The Royal Society and Leverhulme Trust, United Kingdom.

In addition, individual members wish to acknowledge support from CERN: European Organization for Nuclear Research (CERN PJAS); Chile: Agencia Nacional de Investigación y Desarrollo (FONDECYT 1190886, FONDECYT 1210400, FONDECYT 1230987); China: National Natural Science Foundation of China (NSFC — 12175119, NSFC 12275265); European Union: European Research Council (ERC — 948254, ERC 101089007), Horizon 2020 Framework Programme (MUCCA — CHIST-ERA-19-XAI-00), Italian Center for High Performance Computing, Big Data and Quantum Computing (ICSC, NextGenerationEU); France: Agence Nationale de la Recherche (ANR-20-CE31-0013, ANR-21-CE31-0022), Investissements d’Avenir Labex (ANR-11-LABX-0012); Germany: Baden-Württemberg Stiftung (BW Stiftung-Postdoc Eliteprogramme), Deutsche Forschungsgemeinschaft (DFG 469666862, DFG — CR 312/5-2); Italy: Istituto Nazionale di Fisica Nucleare (ICSC, NextGenerationEU); Japan: Japan Society for the Promotion of Science (JSPS KAKENHI 22H01227, JSPS KAKENHI 22KK0227, JSPS KAKENHI JP21H05085, JSPS KAKENHI JP22H04944); Netherlands: Netherlands Organisation for Scientific Research (NWO Veni 2020 VI.Veni.202.179); Norway: Research Council of Norway (RCN-314472); Poland: Polish National Agency for Academic Exchange (PPN/PPO/2020/1/00002/U/00001), Polish National Science Centre (NCN 2021/42/E/ST2/00350, NCN OPUS nr 2022/47/B/ST2/03059, NCN UMO-2019/34/E/ST2/00393, UMO-2020/37/B/ST2/01043, UMO-2021/40/C/ST2/00187, UMO-2022/47/O/ST2/00148); Slovenia: Slovenian Research Agency (ARIS grant J1-3010); Spain: BBVA Foundation (LEO22-1-603), Generalitat Valenciana (Artemisa, FEDER, IDIFEDER/2018/048), Ministry of Science and Innovation (RYC2019-028510-I, RYC2020-030254-I), PROMETEO and GenT Programmes Generalitat Valenciana (CIDE-GENT/2019/023, CIDEGENT/2019/027); Sweden: Swedish Research Council (VR 2022-03845), Knut and Alice Wallenberg Foundation (KAW 2022.0358); Switzerland: Swiss National Science Foundation (SNSF — PCEFP2_194658); United Kingdom: Leverhulme Trust (Leverhulme Trust RPG-2020-004); United States of America: Neubauer Family Foundation.","ATLAS Collaboration, Lopez Paz, Ivan",2025,Springer Nature,10.1007/jhep04(2024)118,Digital.CSIC (Handle)
10261/395911,Lagos perdidos y hallados en España,"Throughout history, many lakes and ponds have disappeared in Spain, mostly resulting from man-made decission. In the XX century and beyond, many more (reservoirs and mineral pits)  have appeared. This study compiles both groups for the curious reader. No","Álvarez Cobelas, Miguel",2025,Asociación Ibérica de Limnología,10261/395911,Digital.CSIC (Handle)
10261/347455,Development of manganese-iron mixed oxides reinforced with titanium and prepared from minerals for their use as oxygen carriers,"4 figures, 7 tables. Chemical Looping Combustion (CLC) allows CO2 capture at low cost. This technology is based on solid oxygen carriers which supply the oxygen required for combustion of the fuel while they experience successive reduction-oxidation cycles. Oxygen carriers based on minerals or industrial residues present the advantage of their low cost but complete combustion of the fuel is not always achieved. Manganese‑iron mixed oxides doped with titanium can improve combustion efficiency due to its oxygen uncoupling capability. Moreover, they present the advantage of their magnetic properties. The objective of this work was to produce this type of oxygen carriers from minerals/residues instead of from synthetic materials. Four oxygen carriers with a fixed Mn-Fe molar ratio were produced with a 7 wt.% TiO2 addition. Two manganese-based (MnSA and MnGBMPB) and one iron-based (Tierga) minerals were used as source of Mn and Fe, respectively. As source of Ti, the mineral ilmenite was used. After characterization of the materials, their reactivity was analysed in a TGA. The reactivity to the main combustion gasses was lower than that corresponding to similar oxygen carriers obtained from synthetic sources although they maintained their magnetic properties. Thus, its use as magnetic support of oxygen carriers was  recommended. In this respect, first tests were conducted using CuO as active phase supported on one of the low-cost support materials produced in this work. This work was supported by Grant PDC2021-121190-I00 MCIN/AEI/10.13039/501100011033 and European Union NextGenerationEU/PRTR. [...]. B.Z. acknowledges the “Juan de la Cierva” Program (IJCI-2016–30776).","Zornoza, Beatriz, Mendiara, Teresa, Abad Secades, Alberto",2024,Elsevier,10.1016/j.jaecs.2023.100232,Digital.CSIC (Handle)
10261/389046,La Otra Excavación:  Desigualdad de Género en la Práctica Arqueológica Española,"Proyecto presentado en la European Association of Archaeologist (EAA) 30th annual meeting, en la sección dedicada al proyecto DISCO Discovering the Archaeologists of Europe. Se pretende analizar la situación de la igualdad de género con una metodología rigurosa mediante técnicas de las ciencias sociales y aplicada al ámbito arqueológico.","Uccheddu, Giulia",2025,Digital.CSIC,10261/389046,Digital.CSIC (Handle)
10261/289386,Increased drought effects on the phenology of autumn leaf senescence,"10 pags.- 4 Figs.  Under Licence CC BY 4.0 Global warming delays the autumn date of foliar senescence (DFS) in recent decades, with positive implications for growing season length and therefore global carbon storage. However, warming-associated drought, leading to water limitation, may conversely stimulate earlier DFS. Using ground observations since 1940s and 34 years of satellite greenness data (1982‒2015) over the Northern Hemisphere (>30° N), we show the increased impact of drought on DFS. Earlier DFS is linked to decreased precipitation under warming and weaker drought resistance associated with various plant functional traits. For example, isohydric plants with strict regulation of water status may drop leaves fast during droughts. We derive an improved set of phenology models based on this influence and project earlier DFS by the end of the century, particularly at high latitudes (>50° N). Our results limit uncertainties in the later end of plant growth with warming, aiding estimation of carbon uptake of terrestrial ecosystems. This work was funded by the Strategic Priority Research Programme of the Chinese
Academy of Sciences (XDA19040103), the National Natural Science Foundation of China
(42125101) and the CAS Interdisciplinary Innovation Team (JCTD-2020-05). J.P. and
P.C. were funded by European Research Council Synergy grant ERC-SyG-2013-610028
IMBALANCE-P. J.P. was also financially supported by the Fundación Ramon Areces
grant ELEMENTAL-CLIMATE, the Spanish Government grant 2013-610028
and the Catalan Government grant SGR 2017-1005.","Wu, Chaoyang, Peng, Jie, Ciais, Philippe, Peñuelas, Josep, Wang, Huanjiong, Beguería, Santiago, T. Andrew Black,, Jassal, Rachhpal S., Zhang, Xiaoyang, Yuan, Wenping, Liang, Eryuan, Wang, Xiaoyue, Hua, Hao, Liu, Ronggao, Ju, Weimin, Fu, Yongshuo H., Ge, Quansheng",2023,Nature Publishing Group,10.1038/s41558-022-01464-9,Digital.CSIC (Handle)
10261/206267,Aplicación práctica de nuevos modelos nutricionales en ovino y caprino lecheros,"16 páginas, 1 esquema, 9 tablas.--Trabajo presentado al: XX Congreso Internacional y XLIV Nacional de la Sociedad Española de Ovinotecnia y Caprinotecnia SEOC, pp. 75-87. Córdoba (España), 18-20 septiembre 2019.","Bello, J. M., Schuring, M., González, G., Romero, J., Lavín, Paz, Mantecón, Ángel R.",2020,Sociedad Española de Ovinotecnia y Caprinotecnia,10261/206267,Digital.CSIC (Handle)
10261/185074,Response of crop yield to different time-scales of drought in the United States: Spatio-temporal patterns and climatic and environmental drivers,"16 Pags.- 2 Tabls.- 9 Figs. This article presents an analysis of the response of the annual crop yield in five main dryland cultivations in the United States to different time-scales of drought, and explores the environmental and climatic characteristics that determine the response. For this purpose we analysed barley, winter wheat, soybean, corn and cotton. Drought was quantified by means of the Standardized Precipitation Evapotranspiration Index (SPEI). The results demonstrate a strong response in the interannual variability of crop yields to the drought time-scales in the different cultivations. Moreover, the response is highly spatially variable. Crop types showed considerable differences in the month in which their yields are most strongly linked to drought conditions. Some crops (e.g. winter wheat) responded to drought at medium to long SPEI time-scales, while other crops (e.g. soybean and corn) responded to short or long drought time-scales. The study confirms that the differences in the patterns of crop yield response to drought time-scales are mostly controlled by average climate conditions, in general, and water availability (precipitation), in particular. Generally, we found that there is a weaker link between crop yield and drought severity in humid environments and also that the response tends to occur over longer time-scales. This work was supported by the research project I-Link1001 (Validation of climate drought indices for multi-sectorial applications in North America and Europe under a global warming scenario) financed by CSIC, PCIN-2015-220, CGL2014-52135-C03-01, Red de variabilidad y cambio climático RECLIM (CGL2014-517221-REDT) financed by the Spanish Commission of Science and Technology and FEDER, and IMDROFLOOD financed by the Water Works 2014 co-funded call of the European Commission. Marina Peña-Gallardo was granted by the Spanish Ministry of Economy and Competitiveness; Natalia Martin-Hernandez was supported by a doctoral grant by the Aragón Regional Government; and Miquel Tomas-Burguera was supported by a doctoral grant by el Ministerio de Educación, Cultura y Deporte. Jamie Hannaford was supported by the Belmont Forum project ‘DrIVER’, NERC Grant Number (grant NE/L010038/1).","Peña-Gallardo, Marina, Vicente Serrano, Sergio M., Quiring, Steven, Svoboda, Mark, Hannaford, Jamie, Tomás-Burguera, Miquel, Martín-Hernández, Natalia, Domínguez-Castro, Fernando, El Kenawy, Ahmed M.",2019,Elsevier,10.1016/j.agrformet.2018.09.019,Digital.CSIC (Handle)
10261/402312,"State of marine recreational fisheries in Catalonia 2024: Report on the monitoring of marine recreational fishing (ICATMAR, 25-08)","82 pages This report presents the results of a continuous monitoring study on marine recreational fishing in Catalonia during 2024 in comparison with 2020-2023. It was produced by the Catalan Institute of Research for the Governance of the Sea (ICATMAR), which is a cooperation organ between the Directorate-General of Climate Action, Food and Rural Agenda of the Government of Catalonia and the Institut de Ciències del Mar (ICM) of the Spanish National Research Council (CSIC) This work contributes to the Institut de Ciències del Mar ""Severo Ochoa Centre of Excellence"" accreditation CEX2024-001494-S funded by AEI 10.13039/501100011033 of the Spanish Ministry of Science and Innovation No","Pujol Baucells, Marta, Galimany, Eve, Poch Isern, Patricia, Carretón, Marta, Recasens, Laura, Company, Joan B., Rubio, Víctor, Martínez, Llibori, Ribalta, Oriol, Vidal, Joan Ramon, Yilla, Joan, Buscemi, Christian",2025,Institut Català de Recerca per a la Governança del Mar,10.13039/501100011033,Digital.CSIC (Handle)
10261/331661,Insights into the size-resolved dust emission from field measurements in the Moroccan Sahara,"The particle size distribution (PSD) of mineral dust has a strong effect on the impacts of dust on climate. However, our understanding of the emitted dust PSD, including its variability and the fraction of super-coarse dust (diameter >10 μm), remains limited. Here, we provide new insights into the size-resolved dust emission process based on a field campaign performed in the Moroccan Sahara in September 2019 in the context of the FRontiers in dust minerAloGical coMposition and its Effects upoN climaTe (FRAGMENT) project. The obtained dust concentration and diffusive flux PSDs show significant dependencies upon the friction velocity (u∗), wind direction and type of event (regular events versus haboob events). For instance, the number fraction of sub-micrometre particles increases with u∗, along with a large decrease in the mass fraction of super-coarse dust. We identify dry deposition, which is modulated by u∗ and fetch length, as a potential cause for this PSD variability. Using a resistance model constrained with field observations to estimate the dry deposition flux and thereby also the emitted dust flux, we show that deposition could represent up to ∼90% of the emission of super-coarse particles (>10 μm) and up to ∼65% of the emission of particles as small as ∼5 μm in diameter. Importantly, removing the deposition component significantly reduces the variability with u∗ in the PSD of the emitted dust flux compared with the diffusive flux, particularly for super-coarse dust. The differences between regular and haboob event concentration and diffusive flux PSDs are suspected to result from a smaller and variable dust source fetch during the haboob events, and/or an increased resistance of soil aggregates to fragmentation associated with the observed increase in relative humidity along the haboob outflow. Finally, compared to the invariant emitted dust flux PSD estimated based on brittle fragmentation theory, we obtain a substantially higher proportion of super-micrometre particles in the dust flux. Overall, our results suggest that dry deposition needs to be adequately considered to estimate the emitted PSD, even in studies limited to the fine and coarse size ranges (<10 μm). The field campaign and its associated research, including this work, was primarily funded by the European Research Council under the Horizon 2020 research and innovation programme through the ERC Consolidator Grant FRAGMENT (grant agreement no. 773051) and the AXA Research Fund through the AXA Chair on Sand and Dust Storms at BSC. Cristina González-Flórez was supported by a PhD fellowship from the Agència de Gestió d'Ajuts Universitaris i de Recerca (AGAUR) grant no. 2020-FI-B 00678. Martina Klose received funding through the Helmholtz Association's Initiative and Networking Fund (grant agreement no. VH-NG-1533). Konrad Kandler was funded by the Deutsche Forschungsgemeinschaft (DFG, German Research Foundation) grant nos. 264907654, 416816480. Yue Huang acknowledges financial support from the Columbia University Earth Institute Postdoctoral Research Fellowship. The SANTRI instruments used in this study were constructed under a grant (no. EAR-1124609) from the US National Science Foundation.","González-Flórez, Cristina, Klose, Martina, Alastuey, Andrés, Dupont, Sylvain, Escribano, Jerónimo, Etyemezian, Vicken, Gonzalez-Romero, Adolfo, Huang, Yue, Kandler, Konrad, Nikolich, George, Panta, Agnesh, Querol, Xavier, Reche, Cristina, Yus-Díez, Jesús, Pérez García-Pando, Carlos",2023,European Geosciences Union,10.5194/acp-23-7177-2023,Digital.CSIC (Handle)
10261/215939,Recent changes in infectious diseases in European wildlife,"Review. et al. Many infectious diseases originating from, or carried by, wildlife affect wildlife conservation and biodiversity, livestock health, or human health. We provide an update on changes in the epidemiology of 25 selected infectious, wildlife-related diseases in Europe (from 2010–16) that had an impact, or may have a future impact, on the health of wildlife, livestock, and humans. These pathogens were selected based on their: 1) identification in recent Europe-wide projects as important surveillance targets, 2) inclusion in European Union legislation as pathogens requiring obligatory surveillance, 3) presence in recent literature on wildlife-related diseases in Europe since 2010, 4) inclusion in key pathogen lists released by the Office International des Epizooties, 5) identification in conference presentations and informal discussions on a group email list by a European network of wildlife disease scientists from the European Wildlife Disease Association, or 6) identification as pathogens with changes in their epidemiology during 2010–16. The wildlife pathogens or diseases included in this review are: avian influenza virus, seal influenza virus, lagoviruses, rabies virus, bat lyssaviruses, filoviruses, canine distemper virus, morbilliviruses in aquatic mammals, bluetongue virus, West Nile virus, hantaviruses, Schmallenberg virus, Crimean-Congo hemorrhagic fever virus, African swine fever virus, amphibian ranavirus, hepatitis E virus, bovine tuberculosis (Mycobacterium bovis), tularemia (Francisella tularensis), brucellosis (Brucella spp.), salmonellosis (Salmonella spp.), Coxiella burnetii, chytridiomycosis, Echinococcus multilocularis, Leishmania infantum, and chronic wasting disease. Further work is needed to identify all of the key drivers of disease change and emergence, as they appear to be influencing the incidence and spread of these pathogens in Europe. We present a summary of these recent changes during 2010–16 to discuss possible commonalities and drivers of disease change and to identify directions for future work on wildlife-related diseases in Europe. Many of the pathogens are entering Europe from other continents while others are expanding their ranges inside and beyond Europe. Surveillance for these wildlife-related diseases at a continental scale is therefore important for planet-wide assessment, awareness of, and preparedness for the risks they may pose to wildlife, domestic animal, and human health. F.R.F. was funded by the Spanish Ministry for the Economy, Industry and Competitiveness (MINECO) through the ‘Ramon y Cajal program.","Yon, Lisa, Ruiz-Fons, Francisco, Gavier-Widén, Dolores",2020,BioOne,10.7589/2017-07-172,Digital.CSIC (Handle)
10261/307144,Bioadsorbentes sostenibles para captura de CO2,"Financiación de la Agencia Polaca de Intercambio Académico (NAWA) para el
proyecto BIOCO2 (Ref. PPI/APM/2019/1/00042/U/00001). M.V. Gil agradece la ayuda Ramón y Cajal
RYC-2017-21937, cofinanciada por el Fondo Social Europeo (FSE).","Querejeta Montes, Nausika, Vega Rodríguez, Alejandra, Gil Matellanes, María Victoria, Rubiera González, Fernando, Pevida García, Covadonga",2023,Grupo Español del Carbón,10261/307144,Digital.CSIC (Handle)
10261/236686,"Advertisement call of two threatened red-bellied-toads, Melanophryniscus cambaraensis and M. macrogranulosus (Anura: Bufonidae), from the Atlantic Rainforest, southern Brazil","In anuran amphibians, acoustic signals are fundamental mechanisms of mate recognition and mate choice, which makes frog calls a fundamental tool for anuran taxonomy. In this work, we describe the advertisement call of two species for the genus Melanophryniscus, M. cambaraensis and M. macrogranulosus and use the descriptions to try to solve a taxonomic problem between them. We collected data after heavy rains in three different sample sites in Rio Grande do Sul, Brazil, between 2012 and 2013. The advertisement call of both species is composed of two segments. It always begins with part A (about 0.44-6 seconds) composed of single modulated pulses separated by long time intervals. It is followed by part B, a long train of unmodulated pulses with short time intervals, lasting from 9 to 32.2 seconds. Principal Component Analysis (PCA) indicated some variation between temporal parameters of the two species, but Multivariate Analysis of Variance showed no significant differences. Within-individual Coefficient of Variation (CV) showed only two static parameters: pulse rate and peak frequency, both in the part B of the call. Despite intra-male variation in some acoustic parameters, it is not possible to differentiate between M. cambaraensis and M. macrogranulosus species only using bioacoustics.","Zaffaroni Caorsi, Valentina, Bordignon, Debora, Márquez, Rafael, Borges-Martins, Marcio",2021,Magnolia Press,10.11646/zootaxa.4894.2.2,Digital.CSIC (Handle)
10261/353546,"Resistance to deltamethrin in Spanish populations of the Mediterranean fruit fly, Ceratitis capitata: Detection, characterization and management","[EN] The Mediterranean fruit fly (medfly), Ceratitis capitata, is a major insect pest of citrus
and other fruit crops. In the Comunitat Valenciana, current medfly control measures in
citrus orchards rely mostly on the employment of pesticides (spinosad and lambdacyhalothrin
as bait sprays, and bait stations impregnated with deltamethrin) and the
release of sterile males. The viability of medfly control programs, however, is
jeopardized by reports of lambda-cyhalothrin resistance and the detection of spinosad
resistant alleles in field populations. The use of deltamethrin coated traps (mostly
Magnet™MED and Ceratipack) started in 2012 and has grown in recent years, reaching
a surface area of about 12,500 ha in 2021. However, field populations collected in the
Comunitat Valenciana showed low susceptibility to deltamethrin-coated Magnet™MED
traps as soon as in 2017. Thus, proactive Insecticide Resistance Management (IRM)
strategies are needed to improve the efficacy and sustainability of available insecticides
and to prevent control failures. Molecular diagnostic tools and/or evolutive models are
already available for spinosad and lambda-cyhalothrin resistance, but not for
deltamethrin resistance, limiting the implementation of IRM strategies for this
insecticide. The purpose of this study was to determine to which extent Spanish medfly
field populations are resistant to deltamethrin, to characterize some of the main factors
that contribute to the development and evolution of resistance (cross-resistance,
inheritance, fitness cost and mechanisms of resistance), and to forecast resistance
development using evolutive models.
We have discovered that deltamethrin resistance is widespread in medfly field
populations in the Comunitat Valenciana, and it is also present in other Spanish field
populations collected in the period 2018-2020. This novel case of resistance adds to
earlier findings of Spanish medfly field populations resistant to lambda-cyhalothrin in
2009–2010 and to malathion in 2004-2005. The fact that deltamethrin resistance was
already widespread when first discovered, as it also occurred with malathion and
lambda-cyhalothrin, is most likely related to the high rates of gene flow reported to
occur among Spanish medfly populations.
We have assessed key factors and mechanisms contributing to resistance development
in two deltamethrin resistant strains (Rfg-delta and BP-delta), generated by laboratory
selection from the descendants of the field populations that showed lower susceptibility
to deltamethrin. When compared to the susceptible C strain, Rfg-delta and BP-delta
showed high resistance levels to Magnet™MED traps (the most used from 2012 to 2018)
and intermediate levels of resistance to Ceratipack traps (facilitated to farmers from
2019). The differences in susceptibility to both types of traps may be related to the
higher concentration of deltamethrin on the surface Ceratipack traps, though other
aspects of trap design may also have contributed. Both, Rfg-delta and BP-delta, were
highly susceptible to spinosad, and a spinosad resistant strain (JW-100s) was highly
susceptible to deltamethrin, indicating that cross-resistance does not occur between
these insecticides in the resistant strains. However, our findings suggest that several
situations of cross-resistance or multiple resistance between lambda-cyhalothrin and
deltamethrin might emerge in the field. Singularly, the field population Rafelguaraf-N1,
from which the strain Rfg-delta was derived, was highly resistant to both insecticides,
but the resistance to lambda-cyhalothrin was lost when selected with deltamethrin,
indicating that resistance to both insecticides in the field was most probably due to
multiple resistance. On the contrary, we showed that the lambda-cyhalothrin resistant
strain W-1Kλ, originated from a field population collected in Castelló in 2004 before
deltamethrin traps were placed in the field and which has never been exposed to
deltamethrin, exhibit extremely high cross-resistance to deltamethrin.
Pyrethroid resistance is primarily caused by increased detoxification and/or target site
insensitivity by alterations at the voltage-gated sodium channel (VGSC). Bioassays with
synergists showed that PBO reverted deltamethrin resistance in both field populations
(Rafelguaraf-N1) and laboratory strains (BP-delta and Rfg-delta), whereas the effect of
the synergists DEF and DEM was minor. In addition, no mutations at any of the three
VGSC gene regions that concentrate most of the pyrethroid resistance-conferring
mutations were found in deltamethrin resistant field populations (Benaguasil, Picassent
and Rafelguaraf-N1) and laboratory strains (BP-delta and Rfg-delta). Taken together, our
results suggest that deltamethrin resistance in field populations and laboratory strains
was metabolic and mediated by P450 enzymes. However, we did not find differences in
the basal or induced P450 enzymatic activity of the resistant deltamethrin strains (BPdelta
and Rfg-delta) when compared with the susceptible C strain. Thus, further studies
are needed to determine which specific P450s are involved in resistance.
Our results showed that the deltamethrin resistant phenotype was inherited as a
polygenic, recessive, and autosomal trait in the two laboratory selected strains (BP-delta
and Rfg-delta). The polygenic nature of resistance implies that, though resistance is
associated with P450 metabolic pathways, several P450 genes and/or other genes
associated with pesticide metabolism may be contributing to resistance. Besides, if we
assume that deltamethrin resistance is also recessive in field populations, both
genotypes homozygous for susceptible alleles and heterozygous bearing a resistant
allele will be eliminated by the traps deployed in the field. This may result in the rapid
elimination of susceptible alleles from the populations, existing the risk that the
recessive resistant alleles get fixed if the selection pressure is too high, which may be
considered when designing IRM strategies. Our studies also demonstrated that
deltamethrin resistance imposes a fitness cost in terms of male weight, male and female
lifespan, and lifetime fecundity in the laboratory selected strains, though BP-delta
endures higher trade-offs than Rfg-delta. This suggest that the ability of resistant
phenotypes to compete with susceptible wildtype phenotypes may be compromised,
though further experiments are required to test if deltamethrin resistant phenotypes
decline in deltamethrin-free environments.
Using the knowledge generated for deltamethrin resistance, an evolutionary model was
developed to forecast the evolution of resistance under current medfly control
scenarios. Deltamethrin traps are deployed in citrus orchards for a period of several
months, that covers from the end of the summer to the end of the fall, though they are
normally complemented with the application of insecticide bait sprays (spinosad and/or
lambda-cyhalothrin) for a satisfactory medfly control. Our model predicts that: i)
spinosad is a suitable option for spraying in fields where bait stations with deltamethrin
are set up, reducing the selection of deltamethrin resistance alleles compared to the
setting of deltamethrin traps alone; ii) the compatibility of lambda-cyhalothrin sprays
and deltamethrin traps will depend on the different scenarios of cross-resistance or
multiple resistance that may occur in field populations, warning against the potential
consequences of mixing lambda-cyhalothrin sprays with deltamethrin traps in the same
fields and iii) the switch from Magnet™MED to Ceratipack (facilitated to farmers since
2019) traps may contribute to slow down the development of deltamethrin resistance. [ES] La mosca mediterránea de la fruta, Ceratitis capitata, es una de las principales plagas de
cítricos y otros cultivos frutales. En la Comunitat Valenciana, el control de C. capitata en
cítricos se basa principalmente en el uso de insecticidas (spinosad y lambda-cyhalothrina
mediante formulaciones cebo, y trampas de atracción impregnadas con deltametrina) y
en la liberación de machos estériles. Sin embargo, la viabilidad de los programas de
control para C. capitata se ve comprometida por la aparición de resistencia a lambdacihalotrina
y por la detección de alelos resistentes a spinosad en las poblaciones de
campo. El uso de trampas con deltametrina (mayoritariamente Magnet™MED y
Ceratipack) comenzó en 2012, y su uso ha crecido en los últimos años alcanzando una
superficie de unas 12.500 hectáreas en 2021. Sin embargo, poblaciones de campo
recogidas en la Comunitat Valenciana en 2017 ya mostraron una baja susceptibilidad a
trampas Magnet™MED recubiertas por deltametrina. Por esta razón se necesitan
estrategias proactivas de manejo de la resistencia a los insecticidas (MRI) que mejoren
la eficacia y la sostenibilidad de los insecticidas disponibles y prevengan fallos en el
control. Herramientas moleculares de diagnóstico y/o modelos evolutivos ya están
disponibles para la resistencia a spinosad y lambda-cihalotrina, pero no para el manejo
de la resistencia a deltametrina, lo que limita la implementación de estrategias de MIR
para este insecticida. El propósito de este estudio fue determinar en qué medida las
poblaciones españolas de C. capitata son resistentes a la deltametrina, caracterizar
algunos de los principales factores que contribuyen al desarrollo y evolución de la
resistencia (resistencia cruzada, herencia, coste biológico y mecanismos de resistencia),
y predecir la evolución de la resistencia utilizando modelos evolutivos.
Se ha descubierto que la resistencia a la deltametrina se encuentra ampliamente
distribuida en poblaciones de C. capitata de la Comunidad Valenciana, y también está
presente en poblaciones de campo de otras zonas de nuestro país recogidas entre 2018
y 2020. Este nuevo caso de resistencia se añade a descubrimientos previos de
poblaciones españolas de C. capitata resistentes a lambda-cihalotrina en 2009-2010 y a
malatión en 2004-2005. El hecho de que la resistencia a la deltametrina ya estuviera
ampliamente extendida cuando fue detectada por primera vez, como sucedió con malatión y lambda-cihalotrina, es probablemente debido a las altas tasas de flujo genético entre las poblaciones de C. capitata en España.
Hemos evaluado los factores y mecanismos clave que contribuyen al desarrollo de
resistencia en dos líneas resistentes a deltametrina (Rfg-delta y BP-delta) generadas por
selección en laboratorio a partir de los descendientes de las poblaciones de campo que
mostraron menor susceptibilidad a deltametrina. En comparación con la cepa C
susceptible, Rfg-delta y BP-delta mostraron altos niveles de resistencia a las trampas
Magnet™MED (las más utilizadas de 2012 a 2018) y niveles intermedios de resistencia a
las trampas Ceratipack (facilitadas a los agricultores desde 2019). Las diferencias en la
susceptibilidad a ambos tipos de trampas pueden estar relacionadas con la mayor
concentración de deltametrina en la superficie de las trampas Ceratipack, aunque
también pueden haber contribuido otros aspectos relacionados con el diseño de las
trampas. Tanto Rfg-delta como BP-delta fueron altamente susceptibles a spinosad, y una
cepa resistente a spinosad (JW-100s) fue altamente susceptible a deltametrina, lo que
indica que la resistencia a deltametrina no confiere resistencia cruzada a spinosad y
viceversa. Sin embargo, nuestros resultados sugieren que en las poblaciones de campo
podrían darse diferentes situaciones de resistencia cruzada o resistencia múltiple entre
lambda-cihalotrina y deltametrina. En particular, la población de campo Rafelguaraf-N1,
de la que se derivó la línea Rfg-delta, fue altamente resistente a ambos insecticidas, pero
la resistencia a lambda-cihalotrina se perdió cuando se seleccionó","Castells-Sierra, Javier",2024,Universidad Politécnica de Madrid,10261/353546,Digital.CSIC (Handle)
10261/330079,Escenarios para una transición energética sostenible,"Cursos de Alta Especialización del CSIC En el año 2022, la energía se ha vuelto a colocar en el centro del debate público. Además de las profundas implicaciones energéticas de la hoja de ruta climática establecida en el acuerdo de París, nuestro contexto coincide con toda una serie de coyunturas pospandémicas, pero también de tensiones estructurales, de índole económica, geopolítica, geológica y tecnológica que han disparado el interés social y ciudadano por las cuestiones energéticas. Pero a diferencia de la dimensión climática del problema ecológico, en el que el consenso científico global es esencialmente unánime, en el ámbito de la transición energética existen discrepancias científicas importantes sobre distintos aspectos técnicos de la transición: ¿Cuál es potencial máximo de las energías renovables? ¿Qué soluciones factibles contamos para superar algunos de sus problemas (almacenamiento, intermitencia, estabilización de la red eléctrica)? ¿Existen límites biofísicos a su desarrollo (minerales, ocupación de espacio e impacto en el territorio)? ¿Necesita la transición energética recurrir a energías puente de apoyo como el gas o la nuclear? ¿Qué interacciones complejas podemos esperar entre la transición energética y la crisis climática? ¿Qué políticas públicas, en diferentes ámbitos (desde la edificación hasta el transporte, pasando por el ordenamiento del territorio o las directrices macroeconómicas) deben acompañar, por sus cualidades técnicas, el cambio tecnológico en la matriz energética de una sociedad descarbonizada? El objetivo del curso es profundizar en este debate estratégico para el futuro de nuestras sociedades","García-Olivares, Antonio",2023,Consejo Superior de Investigaciones Científicas (España),10261/330079,Digital.CSIC (Handle)
10261/369670,Olas de calor que diezman a las especies marinas,"Special issue Océanos: Cuna de la vida y clave para el futuro de la humanidad.-- 2 pages Los episodios de calor extremo, que afectan a posidonias y corales, podrían convertirse en habituales en el Mediterráneo, según muestra un estudio del ICM","Martínez-Batalla, Elena, Garrabou, Joaquim, Díaz Viñolas, David, Cebrian, Emma",2024,Consejo Superior de Investigaciones Científicas (España),10261/369670,Digital.CSIC (Handle)
10261/397613,Widespread distribution of bacteria containing PETases with a functional motif across global oceans,Sin abstract disponible,"Alam, Intikhab, Marasco, Ramona, Momin, Afaque A., Aalismail, Nojood, Laiolo, Elisa, Martin, Cecilia, Sanz-Sáez, Isabel, Baltá Foix, Begoña, Sà, Elisabet L., Kamau, Allan A., Guzmán-Vega, Francisco J., Jamil, Tahira, Acinas, Silvia G., Gasol, Josep M., Gojobori, Takashi, Agustí, Susana, Daffonchio, Daniele, Arold, Stefan T., Duarte, Carlos M.",2025,International Society for Microbial Ecology,10.1093/ismejo/wraf121,Digital.CSIC (Handle)
10261/356540,"Raman and EIS Dataset for the paper ""Macrophage Proteomic Analysis of Covalent Immobilization of Hyaluronic Acid and Graphene Oxide on CoCr Alloy in a Tribocorrosive Environment""","[EN] CoCrGO and CoCrGOHA surfaces were characterized by Raman spectroscopy and electrochemical impedance spectroscopy (EIS). Raman spectra were collected with a Raman spectrometer B&W TEK (BTC675N) using a 532 nm wavelength laser. Exposure time was set at 100 ms per scan. Spectral data were processed using BWSpec4 software with dark-frame substraction. Spectra were collected from 50 cm-1 to 4000 cm-1 with integration times of 100 s for CoCrGO and CoCrGOH surfaces and 300 s for graphene oxide (GO) reference sample and 20 s for hyaluronic acid (HA) reference sample. EIS data for CoCrGOHA surfaces were recorded up to 23 days of immersion in 3 g/L HA aqueous electrolyte. A three-electrode electrochemical cell consisting of CoCrGO or CoCrGOHA surfaces as working electrodes, a Pt wire as counter electrode and Ag/AgCl (3 M KCl) as reference electrode were used. The testing area of the working electrode for all electrochemical tests was 0.39 cm2. An Autolab32 potentiostat/galvanostat was used to generate a sinusoidal wave of 10 mV amplitude applied at the corrosion potential Ecorr in the 100 kHz- 1 mHz frequency range logarithmically spaced by 5 points/decade. Nova software was used for the data acquisition. All the tests were performed in duplicate. The dataset includes only the experimental data used in the paper. The following folders are included: RamanCoCrGO+CoCrGOHA and EISCoCrGO+CoCrGOHA. Inside Raman spectra folder, Raman files corresponding to CoCrGO and CoCrGOHA surfaces and GO and HA as reference are added. Each Raman file is composed of 8 columns, corresponding to pixel, wavelength, wavenumber, Ramanshift, Reference, Rawdata and Dark substracted. Each file of EIS data is composed of 5 columns: frequency, real impedance (Z’), imaginary impedance (imag Z), Impedance modulus (Z) and phase angle (Phase). All files are in open extension such as .txt and are protected by a Creative Commons Attribution 4.0 International (CC BY 4.0) licence.
[ES] Las superficies de CoCrGO y CoCrGOHA fueron caracterizadas mediante espectroscopía Raman y espectroscopía de impedancia electroquímica (EIS). Los espectros Raman fueron recogidos con un espectrómetro Raman B&W TEK (BTC675N) utilizando un láser de longitud de onda de 532 nm. El tiempo de exposición se estableció en 100 ms para cada barrido. Los datos espectrales fueron procesados utilizando el software BWSpec4 con substracción de marco oscuro. Los espectros fueron registrados desde 50 cm-1 hasta 4000 cm-1 con tiempos de integración de 100 s para las superficies de CoCrGO y CoCrGOHA, y de 300 s para la muestra de  referencia de GO y de 20 s para la muestra referencia de ácido hialurónico (HA). Los datos de EIS para las superficies CoCrGOHA fueron registrados hasta 23 días de inmersión en electrolito acuoso de 3 g/L HA. Se utilizó una celda electroquímica de tres electrodos consistente en las superficies CoCrGO o CoCrGOHA como electrodos de trabajo, un alambre de Pt como electrodo auxiliar y Ag/AgCl (3 M KCl) como electrodo de referencia. El área de ensayo del electrodo de trabajo para todas las pruebas electroquímicas fue de 0.39 cm2. Se utilizó un potenciostato/galvanostato Autolab32 para generar una onda sinusoidal de amplitud de 10 mV aplicada sobre el potencial de corrosión Ecorr en el rango de frecuencia de 100 kHz a 1 mHz espaciado logarítmicamente 5 puntos/década. Se utilizó el software Nova para la adquisición de datos. Todas las pruebas se realizaron por duplicado. El conjunto de datos incluye únicamente los datos experimentales utilizados en el artículo. Las siguientes carpetas están incluidas: RamanCoCrGO+CoCrGOHA y EISCoCrGO+CoCrGOHA. Dentro de la carpeta de espectros Raman, se agregan archivos Raman correspondientes a las superficies CoCrGO y CoCrGOHA, y las referencias de GO y HA. Dentro de la carpeta de impedancia (EIS) se han añadido los archivos de las superficies de CoCrGO y CoCrGOHA. Cada archivo Raman está compuesto por 8 columnas, correspondientes a píxel, longitud de onda, número de onda, desplazamiento Raman, referencia, datos en crudo y sustracción de fondo. Cada archivo de EIS está compuesto por 5 columnas: frecuencia, impedancia real (Z’), impedancia imaginaria (imag Z), módulo de impedancia (Z) y ángulo de fase (Fase). Todos los archivos están en formato de texto (.txt) y están protegidos por una licencia Creative Commons Attribution 4.0 International (CC BY 4.0). [EN] This is the experimental dataset used in the paper “Macrophage Proteomic Analysis of Covalent Immobilization of Hyaluronic Acid and Graphene Oxide on CoCr Alloy in a Tribocorrosive Environment"". The article includes the experimental procedure carried out for the deposition of graphene oxide and posterior immobilization of hyaluronic acid on CoCr surfaces. CoCr was hydroxylated through alkalization in NaOH 5 M for 2 h. Subsequently, silanization was carried out using APTES. APTES was pre-mixed at 2% vol in isopropanol-water (200:1 v/v) and stirred for 1 h. After this, CoCr-OH samples were immersed in the APTES solution at room temperature for 1 min. The silane-coated samples were kept under curing conditions at 45 °C for 24 h. Then, silanized CoCr surfaces were immersed in 4 g/L GO aqueous suspension at 60 °C for 24 h. Carboxylic groups of graphene oxide in GO/CoCr samples were activated by immersing in distilled water (50 mL) with N-(3-dimethylaminopropyl)-N-ethylcarbodiimide hydrochloride (EDC, 250 mg) and N-hydroxysuccinimide (NHS, 750 mg) during 24 h under mild orbital saking. After that, the GO/CoCr surfaces with activated carboxyl groups were immersed in distilled water (100 mL) with dissolved adipic dihydrazide (ADH, 1.04 g) and let to react for another 24 h under mild orbital shaking. Pre-activated HA-(EDC/NHS) solution was obtained by dissolving HA (100 mg), EDC (253 mg) and NHS (754 mg) in 100 mL phosphate buffer saline (PBS) and stirred for 24h to activate the carboxylic acids of HA. After that, ADH/GO/CoCr surfaces were immersed in pre-activated HA-(EDC/NHS) solution and let to react for 24h under mild orbital motion (samples named HA/GO/CoCr). This data set includes the results of the final surface by Raman Spectroscopy and Electrochemical Impedance Spectroscopy. Raman was obtained from CoCr/GO/HA surfaces in comparison with GO/CoCr surfaces and HA powder. Electrochemical impedance data of CoCr/GO/HA were obtained under immersion in 3 g/L Hyaluronic acid solution up to 23 days. [ES] Este es el conjunto de datos experimentales utilizado en el artículo "" Macrophage Proteomic Analysis of Covalent Immobilization of Hyaluronic Acid and Graphene Oxide on CoCr Alloy in a Tribocorrosive Environment"". El artículo incluye el procedimiento experimental realizado para la deposición de óxido de grafeno y la posterior inmovilización de ácido hialurónico sobre superficies de CoCr. Las superficies de CoCr fueron hidroxiladas mediante alcalinización en NaOH 5 M durante 2 h. Posteriormente, se realizó la silanización utilizando APTES premezclado al 2% en volumen en isopropanol-agua (200:1 v/v) agitada durante 1 h. Las muestras de CoCr hidroxiladas se sumergieron en la solución de APTES a temperatura ambiente durante 1 minuto. Posteriormente, se mantuvieron en condiciones de curado a 45 °C durante 24 h. Transcurrido este tiempo, las superficies de CoCr silanizadas se sumergieron en una suspensión acuosa de 4g/L GO a 60 °C durante 24 h. Los grupos carboxílicos del óxido de grafeno en las muestras GO/CoCr se activaron mediante inmersión en 50 mL agua destilada que contenía hidrocloruro de N-(3-dimetilaminopropil)-N-etilcarbodiimida (EDC, 250 mg) y N-hidroxisuccinimida (NHS, 750 mg), durante 24 h en agitación orbital suave. Las superficies de GO/CoCr con grupos carboxílicos activados se sumergieron en 100 mL de agua destilada con dihidracida adipídica disuelta (ADH, 1.04 g) y se dejaron reaccionar durante otras 24 h en agitación orbital suave. La solución de HA preactivada (EDC/NHS) se obtuvo disolviendo HA (100 mg), EDC (253 mg) y NHS (754 mg) en 100 mL de solución salina de fosfato (PBS) y agitando durante 24 h para activar los ácidos carboxílicos de la HA. Después, las superficies de ADH/GO/CoCr se sumergieron en la solución de HA preactivada (EDC/NHS) y se dejaron reaccionar durante 24 h en movimiento orbital suave (muestras denominadas HA/GO/CoCr). Este conjunto de datos incluye los resultados de la caracterización superficial final mediante espectroscopía Raman y espectroscopia de impedancia electroquímica. Se obtuvieron espectros Raman de superficies de HA/GO/CoCr, GO/CoCr, y se compararon con GO y ácido hialurónico, utilizados como referencia. Los datos de impedancia electroquímica de CoCr/GO/HA se obtuvieron en inmersión en solución de 3 g/L ácido hialurónico hasta 23 días. We acknowledge financial support from the Ministerio de Ciencia, Innovación y Universidades (MICIN),  ""ERDF A way of making Europe” and  “ESF Investing in your future"" through projects RTI2018-101506-B-C31 and RTI2018-101506-B-C31 and the predoctoral grant PRE2019-090122.","Sánchez-López, Luna, Chico, Belén, García-Alonso, M. C., Lozano, R.M.",2024,DIGITAL.CSIC,10.1002/jbm.a.37751,Digital.CSIC (Handle)
10261/279276,188 Prospects of Swine Production in the Context of Climate Change,"1 Pág.
Instituto Nacional de Investigación Agraria y Alimentaria Pig production systems provide multiple benefits to humans. However, the global increase in meat consumption has profound consequences for our earth, including the use of finite natural resources (land, water, and energy), pollution of watercourses, loss of biodiversity, and contribution to climate change. Pig production practices contribute to climate change through greenhouse gas production associated with manure management and feed production. Novel feed resources that provide a wide range of ecosystem services in mixed cropping, crop rotation, circular agriculture, or circular economy can improve sustainability of pig production practices. Vice versa, global warming has profound consequences for pig production through the negative consequences of heat stress on production efficiency, growth rates, and increased health care costs. Research suggests that pigs that are better adapted to heat stress are better able to maintain growth when intake becomes restricted. These appear to be animals with lower growth rates during thermoneutral conditions. During heat stress, pigs become more feed efficient; however, reduced growth rates result in decreased slaughter weights or increased days on farm, thus reducing production efficiency. Furthermore, heat stress is found to alter the growth trajectory (maturation rate and mature body weight), tissue accretion rates, and carcass composition, and negatively impacts animal health and welfare. The impact of heat stress can be mediated through control strategies of the thermal environment using precision livestock techniques. In addition, because response to heat stress shows variation, these results emphasize the necessity to review breed choice and genetic selection objectives for improved heat tolerance to climate change. Pigs of interest as selection candidates may be those that are able to maintain high growth rates under heat stress, and these may not be the genetics with highest growth potential under environmentally neutral or favorable conditions.","Rauw , Wendy Mercedes",2022,Oxford University Press,10.1093/jas/skac064.148,Digital.CSIC (Handle)
10261/350629,Sin título disponible,"DNA regulation, replication and repair are processes fundamental to all known organisms and the sliding clamp proliferating cell nuclear antigen (PCNA) is central to all these processes. S-phase delaying protein 1 (Spd1) from S. pombe, an intrinsically disordered protein that causes checkpoint activation by inhibiting the enzyme ribonucleotide reductase, has one of the most divergent PCNA binding motifs known. Using NMR spectroscopy, in vivo assays, X-ray crystallography, calorimetry, and Monte Carlo simulations, an additional PCNA binding motif in Spd1, a PIP-box, is revealed. The two tandemly positioned, low affinity sites exchange rapidly on PCNA exploiting the same binding sites. Increasing or decreasing the binding affinity between Spd1 and PCNA through mutations of either motif compromised the ability of Spd1 to cause checkpoint activation in yeast. These results pinpoint a role for PCNA in Spd1-mediated checkpoint activation and suggest that its tandemly positioned short linear motifs create a neatly balanced competition-based system, involving PCNA, Spd1 and the small ribonucleotide reductase subunit, Suc22R2. Similar mechanisms may be relevant in other PCNA binding ligands where divergent binding motifs so far have gone under the PIP-box radar. AICR [12-1118 to A.M.C., B.B.K.]; Danish Council for Independent Research: Natural Sciences [4181-00344 to O.N., B.B.K.]; Novo Nordisk Foundation Challenge program REPIN [NNF18OC0033926 to B.B.K.]; Thrond Mohn stiftelsen (TAMiR project); this research used beamline ID23-1 at the European Synchrotron Radiation Facility; the NMR facility at the Structural Biology and NMR Laboratory is supported by Villumfonden; Carlsberg Foundation and the Novo Nordisk Foundation [cOpenNMR/#NNF18OC0032996]; S.S.B. was supported by a Novo Nordisk Scholarship; O.N. was supported by the Novo Nordisk Foundation [NNF20OC0065441]; R.C. acknowledges the CSUC computational resources. Funding for open access charge: Novo Nordisk Fonden.","Olsen, Johan G., Prestel, Andreas, Kassem, Noah, Broendum, Sebastian S., Shamim, Hossain Mohammad, Simonsen, Signe, Grysbæk, Martin, Mortensen, Josefine, Rytkjær, Louise Lund, Haxholm, Gitte W., Marabini, Riccardo, Holmberg, Christian, Carr, Antony M., Crehuet, Ramon, Nielsen, Olaf, Kragelund, Birthe B.",2024,Oxford University Press,10.1093/nar/gkae011,Digital.CSIC (Handle)
10261/345595,Calcium looping performance under extreme oxy-fuel combustion conditions in the calciner,"Calcium looping (CaL) for post-combustion CO2 capture is an emerging technology that has developed rapidly due to its similarities with existing circulating fluidized bed combustion boilers. This work presents an alternative calciner configuration as it is applied in La Pereda CaL pilot plant, the aim of which is to minimize or altogether eliminate the need to recycle CO2 during the oxy-fuel combustion of coal in the calciner. The strategy underlying this configuration is to reduce the heat demand in the calciner, and hence the energy penalty of the whole CaL system. After undergoing several modifications, the pilot was able to operate under O2-rich conditions in a series of experiments with a coal thermal input of up to 2.0 MWth in the calciner and 75 O2%v in the oxidant. No hot spots were detected in the calciner reactor in these conditions due to the thermal ballast effect produced by the circulating solids from the carbonator. This new operation mode in the calciner in no way undermined the performance of the carbonator and CO2 capture efficiencies close to the maximum limit permitted by the equilibrium were achieved during the experimental campaigns. In short, the results of this work indicate that it may well be possible to operate the calciner of a CaL system using pure oxygen.","Arias Rozada, Borja, Diego de Paz, María Elena, Méndez Fernández, Alberto, Alonso Carreño, Mónica, Abanades García, Juan Carlos",2024,Elsevier,10.1016/j.fuel.2018.02.163,Digital.CSIC (Handle)
10261/303123,Descripción de Las conchas de los ammonites,"Enlace de la retransmisión de la actividad:
https://go.ivoox.com/rf/24344638

Diseño de la tarjeta:
Muñoz Fernández, Jesús Las conchas de los ammonites es una exposición cedida por la Asociación Paleontológica Alcarreña NAUTILUS. Permite conocer, admirar y estudiar estos cefalópodos extintos que consiguieron adaptarse a su entorno como pocos animales han podido hacer. Su tamaño milimétrico al nacer supuso que formaran parte del plancton durante las primeras fases de su desarrollo y consiguieron una distribución mundial arrastrados por las corrientes marinas. Su adaptabilidad y capacidad de evolución les permitieron sobrevivir a los continuos cambios de su entorno y a superar varias crisis biológico-planetarias importantes.
Se estructura en torno a tres ámbitos: ‘Dimorfismo sexual', ‘Depredación' y ‘Ammonites heteromorfos'.
Esta exposición forma parte del programa de actividades del año 2018 con el que la Sociedad de No","García Gil, Pablo Antonio",2023,Sociedad de Amigos del Museo Nacional de Ciencias Naturales,10261/303123,Digital.CSIC (Handle)
10261/403311,Evaluating deep learning approaches for AI-assisted lung ultrasound diagnosis: an international multi-center and multi-scanner study,"18 páginas, 11 figuras, 7 tablas Lung ultrasound (LUS) interpretation is often subjective and operator-dependent, motivating the development of
automated, artificial intelligence (AI)-based methods. This international, multi-center study evaluated two distinct
deep learning approaches for automated LUS severity scoring for pulmonary infections caused by COVID-19: a
pre-trained classification model (CM) and a segmentation model based method (SM); assessing performance at
video, exam, and prognostic levels. Two datasets were analyzed: one comprising data from multiple scanners and
another using data from a single scanner. Results showed that the SM achieved prognostic-level agreement with
expert clinicians comparable to that of the CM. Furthermore, at the exam level, over 84% of examinations were
classified with acceptable error (≤ 10 score difference) across both models and datasets, reaching both methods
an agreement higher than 95% on the dataset acquired by a single scanner. The obtained results demonstrate the
potential of AI-assisted LUS for reliable prognostic assessment and highlight that image quality and acquisition
technique are key factors in achieving consistent and generalizable model performance, as well as the potential for
international clinical translations. This research was partially supported by the project PID2022-143271OB-I00,
founded MCIN/AEI /h t t ps : // d o i. org /1 0 .1 3 0 39 /5 0 1 1 0 0 0 1 1 0 3 3 / FEDER, UE and
by the fellowship IMOVE24246 founded by CSIC (Spain). As well as by the
grant Hub Life Science Advanced Diagnosis (HLS-AD), PNRR PNC-E3-2022-
23683266 PNC HLS-DA, INNOVA–CUP: E63C22003780001, funded by the
Italian Ministry of Health under the National Complementary Plan Innovative
Health Ecosystem—Unique Investment Code: PNC-E.3","Muñoz, Mario, Han, Xi, Camacho Sosa-Días, Jorge, Perrone, Tiziano, Smargiassi, Andrea, Inchingolo, Riccardo, Tung-Chen, Yale, Demi, Libertario",2025,Springer Nature,10.1186/s13089-025-00451-3,Digital.CSIC (Handle)
10261/323983,Response of Gymnodinium catenatum to increasing levels of nitrate: Growth patterns and toxicity,Sin abstract disponible,"Reguera Ramírez, Beatriz, Oshima, Y.",2023,Elsevier,10261/323983,Digital.CSIC (Handle)
10261/404251,"Plan Especial de Infraestructuras de la Planta Solar Fotovoltaica Valdehigueras Solar y su línea eléctrica subterránea de evacuación en Moraleja de Enmedio, Fuenlabrada y Móstoles","Pág.1.
Ref :6261/2025.
Código SID: 96878 Afección Aguas Subterráneas. Patrimonio Geológico. Cartografía Hidrogeológica. No","Hernández Ruiz, Mario",2025,DIGITAL.CSIC,10261/404251,Digital.CSIC (Handle)
10261/400003,Quality assessment AXIS tool  [Dataset],S2 Table. Quality assessment AXIS tool,"Mawrie, Uniqueki Gratis, Kharkongor, Riviarynthia, Martínez Valladares, María, Kepha, Stella, Ajjampur, Sitara S. R., Sarkar, Rajiv, Pullan, Rachel",2025,Figshare,10.1371/journal.pgph.0004614.s006,Digital.CSIC (Handle)
10261/208304,Programación de riego en brócoli (Brassica olerácea L. cv. itálica) en los Andes ecuatorianos,"8 Pags.- 2 Figs.- 2 Tabls.  Este es un artículo publicado en acceso abierto bajo una licencia Creative Commons BY-NC. [ES] El cultivo de brócoli requiere altas cantidades de agua de riego para conseguir una producción óptima. Sin embargo, la creciente escasez de recursos hídricos hace necesario implementar sistemas de riego eficientes para optimizar la eficacia en el uso del agua. El objetivo del estudio fue evaluar la respuesta del cultivo de dos híbridos de brócoli, Avenger (AV) y Domador (DOM) a tres dosis de riego, 50% de reposición de la evaporación del tanque clase A (R50), 100% de reposición (R100) y 150% de reposición (R150). Estos ensayos se realizaron en dos épocas: de febrero a mayo y de julio a octubre de 2016. El diseño experimental fue factorial con cuatro bloques y seis tratamientos. El momento óptimo de riego se determinó utilizando una sonda FDR. Durante el primer ensayo no se observaron diferencias en la producción entre los distintos tratamientos de riego, debido a las intensas lluvias y a la menor evapotranspiración, pero si hubo diferencias de producción entre el híbrido Domador (23.6 t ha-1) y Avenger (21.5 t ha-1). En el segundo ensayo, la producción fue mayor en R150 (40.5 t ha-1) que en R100 (28.2 t ha-1) y que en R50 (31.0 t ha-1) lo que indica que en condiciones muy secas es necesario incrementar el aporte hídrico para satisfacer las necesidades del cultivo. Comparando ambos experimentos, la producción fue más alta y el área foliar menor en el segundo ensayo, lo que sugiere que el momento más adecuado para el cultivo de brócoli en los Andes ecuatorianos es la época de menores lluvias y mayor evapotranspiración. [EN] Broccoli culture needs high amounts of irrigation water to achieve optimum yields, however, given the growing scarcity of water resources, it is necessary to design more efficient irrigation strategies to be applied. The objective of the study was to evaluate the response of two broccoli hybrids, Avenger (AV) and Domador (DOM), and three irrigation doses, 50% replenishment of an evaporation class A pan (R50), 100% replenishment (R100) and 150% replenishment (R150). These trials were carried out in two periods: from February to May and from July to October 2016. The experiments were carried out in a factorial design with four blocks and six treatments. The optimum irrigation time was determined using a FDR probe. During the first trial, there were no differences in yield between the different irrigation treatments, due to the high rainfall and low evapotranspiration, but differences in yield were found between the hybrids Domador (23.61 ha-1) and Avenger (21.51 ha-1). In the second trial, the yield was higher in R150 (40.51 ha-1) than in R100 (28.2 t ha-1) and in R50 (31.01 ha-1). In driest season, water requirements may be underestimated to supply the real necessities of the crop. Comparing both trials, the yield was higher and the leaf area smaller in the second trial, suggesting that the best time for broccoli cultivation in the Ecuadorian Andes is that time of lower rainfall and higher evaporation. Esta investigación fue realizada bajo el proyecto 1246 - CU - P - 2014 de la Universidad Técnica de Ambato (Ecuador).","Risco, David, Gutiérrez, Alberto, Val Falcón, Jesús, León, Juan, Díaz Simón, Azahara, Benalcázar, Paúl, Prieto, Henar",2020,Universidad de Tarapacá,10.4067/S0718-34292018000100057,Digital.CSIC (Handle)
10261/394945,"Significant contribution of seawater infiltration and hydrothermal activity on lithium enrichment in the Ceshui Formation coal of the LianShao Coalfield, Hunan Province, South China","The Ceshui Formation is one of the most important coal-bearing formation of the Lower Carboniferous in China, especially in South China. This study investigates the mineralogical and geochemical characteristics of the Lower Carboniferous Ceshui Formation coal from the studied area, Lianshao Coalfield, Hunan Province, with special emphasis on significant lithium enrichment in the studied area. The Ceshui Formation bituminous from the Toushi open-pit mine is characterized by medium-low ash yield, low volatile matter yield and low sulfur content. Minerals occurring in the coal are mainly composed of kaolinite, tobelite and calcite, followed by quartz, anatase, ankerite, microcline, siderite and illite, with a trace amount of pyrite. Compared with the average values in worldwide coals, Li is significantly enriched in the Ceshui Formation coals in the studied area, occurring mainly in kaolinite and secondarily in chlorite. The closer to the roof and floor, the higher the concentration of Li. The concentration of Li<inf>2</inf>O in coal ashes exceeds the Extraction Standard for Li<inf>2</inf>O in coal-bearing strata, presenting a promising metallogenic potential. The enrichment of Li in the Toushi coals is primarily derived from the supply of terrigenous sediment provenance and strongly influenced by its interaction with infiltrated seawater and hydrothermal fluids. The sediment provenance of the terrigenous clastic was derived from the Li-rich granite in the Xuefeng Oldland to the northeast of Lianshao coalfield. The Ceshui Formation coal in the studied area was formed in a marine-influenced transitional sedimentary environment, and Li from Li-rich granitic debris was more readily enriched in coal seams during slow sea regressive process. The infiltration of hydrothermal fluids and interaction with Li-bearing terrestrial material further promoted Li enrichment in the Toushi coals. The author(s) declare that financial support was received for the research and/or publication of this article. This research was funded by the National Key R&D Program of China (No. 2021YFC2902000), the Third Xinjiang Scientific Expedition Program (No. 2023xjkk0100), the Natural Science Foundation of China (No. 42372199), the Key State Science and Technology Project of Xinjiang Uygur Autonomous Region (No. 2022A03014-2) and the Foreign Experts Program for The Belt and Road Innovative Talent Exchange (No. DL2023155001L).","Li, Jing, Wang, Yuan, Zhang, Han, Wumaier, Amina, Zhuang, Xinguo, Querol, Xavier, Moreno, Natalia, Li, Baoqing",2025,Frontiers Media,10.3389/fmars.2025.1523669,Digital.CSIC (Handle)
10261/397534,Incipient soil in proglacial areas of the Maladeta massif (Central Pyrenees) [Dataset],"1 .xlsx file.  Published February 13, 2025;  Version v1.  Under a Creative Commons Attribution 4.0 International License. Only 87.9% of the Little Ice Age glaciers remain in the Maladeta massif (Central Pyrenees). This deglaciation has led to an increase in proglacial areas, allowing the development of new habitats. 86 samples of incipient soils were selected in this massif to study which variables have more influence on the development of incipient soils. Geochemical, microbiological and statistical analyses were carried out under the hypothesis that the time of deglaciation controls the evolution of these incipient soils. In these very incipient soils, the time of deglaciation does not seem to be a key factor that determines the development of the soils. Despite
this, the duration of the snow cover (strongly influenced by the topography) is a factor that explains the degree of development of the soils. Moreover, the percentage of silt content has been shown to give the soil a higher reactivity, water and nutrient retention
capacity and greater stability. A pattern of biological succession was found, from bacteria as colonisers to fungi in subsequent stages, and finally to plants colonising the habitats. Finally, the impact of mountain tourism in the most transited sector of the
Maladeta massif (the Aneto cirque) showed a high concentration of nitrate which favours primary productivity and increases the abundance of microorganisms.","Vidaller, Ixeia, Otero, Xosé Luís, Igual, José Mariano, Moreno Caballud, Ana, López Sánchez, María Victoria, López-Moreno, Juan I.",2025,Zenodo,10.5281/zenodo.14864207,Digital.CSIC (Handle)
10261/283744,Responding to the challenges of Water and Global Warming: Environmental Hydrogeology and Global Change Research Group (HYGLO-Lab),"[EN] The current Global Warming of planet Earth is probably the most important geological phenomenon in the last 20,000 years of its history and for human race. This process is having nowadays notable effects on the climate, ecosystems and natural resources. Possibly the most important renewable geological resource is water. One of the most strategic phases of the water cycle is groundwater. Despite its low visibility, quantitatively (and qualitatively too) it is essential for life on Planet Earth. Foreseeable consequences on groundwater due to climate change and sea level rise will be very significant. Hydrogeology can provide answers to many of the questions that are beginning to be raised in relation to these impacts and their effects. Environmental hydrogeology is a way of understanding the set of disciplines mixed in Hydrogeology as a Science of Nature. The HYGLO-Lab Research Group of the IGME-CSIC National Center attempts, through its lines of research, with a double global and local component, to provide answers to some of these questions.","Durán Valsero, Juan José, Aguilera Alonso, Héctor, Álvarez Alonso, Rebeca, Castro Dorado, Antonio, Losa Román, Almudena de la, Domínguez Sánchez, José Antonio, Fernández de los Santos, Natalia, González Ramón, Antonio, Heredia Díaz, Javier Gustavo, Jódar, Jorge, Kohfahl, Claus Reimer, Lambán Jiménez, Luis Javier, Lare David, Ismael, Luque Espinar, Juan Antonio, Martínez Sánchez de la Nieta, Antonio Nicolás, Martos Rosillo, Sergio, Mediavilla Laso, Carlos, Mira, A., Morales García, Raquel, Moreno Merino, Luis, Palmer Gómez, Esperanza, Pardo-Igúzquiza, Eulogio, Pérez Bielsa, Cristina, Robledo Ardila, Pedro Agustín, Romero Prados, Amalia, Ruiz Bermudo, Fernando, Ruiz Hernández, José María",2022,CSIC - Instituto Geológico y Minero de España (IGME),10.5281/zenodo.7092555,Digital.CSIC (Handle)
10261/383049,Anatomía de la frontera: una perspectiva filosófico-política,"Este registro incluye la cubierta y prefacio del libro Anatomía de la frontera. En la época de la globalización, del triunfo de Internet y de las redes sociales, las fronteras se presentan a veces como reliquias de tiempos pretéritos que habría que arrojar por el sumidero de la historia. Otras veces, en cambio, emergen más inhiestas que nunca sobre la corteza terrestre. Dos percepciones que conviven simultáneamente, aunque con vigor mutante. Sea como fuere, el notable resurgimiento del interés por «lo fronterizo» parece ir a contracorriente de los impulsos globalizadores que marcan la época. Detrás de esta aparente contraposición hay, sin embargo, un error de concepto, pues de manera precipitada se supone que la transnacionalización de la economía y las comunicaciones equivale por sí misma a la emergencia de un mundo sin fronteras. Las fronteras se han convertido en el locus privilegiado donde se ponen a prueba nociones básicas de la política contemporánea. Constituyen también un recurso argumentativo en el que entran en colisión formas enfrentadas de concebir la política no sólo en el marco estatal sino también fuera de él. Representan asimismo el campo de juego en donde se visualiza la tensión entre aislacionismo y multilateralismo, entre autarquía y globalismo, entre soberanismo y cosmopolitismo. Esta monografía está escrita con la manifiesta vocación de servir de puerta de entrada a los lectores que se inician en los estudios fronterizos. De ahí que se aborden cuestiones como el modo en que las fronteras han evolucionado a lo largo de la historia, qué funciones desempeñan, cuál es su relevancia hoy en día o si cabe plantearse con rigor un régimen universal de fronteras abiertas. Este carácter introductorio no impide, sin embargo, plantear otro objetivo igualmente acuciante y que irá aflorando de cuando en cuando: atender a la vocación crítica, además de práctica, que ha de animar a cualquier estudio de filosofía política.","Velasco Arroyo, Juan Carlos",2025,Editorial Tecnos,10.13039/501100004837,Digital.CSIC (Handle)
10261/309322,Oral exposure to inorganic mercury or methylmercury elicits distinct pro-inflammatory and pro-oxidant intestinal responses in a mouse model system,"Humans are mainly exposed to mercury (Hg) through contaminated foodstuffs. However, the effects of Hg on the intestinal tract have received little attention. We performed a subchronic exposure to inorganic mercury or methylmercury in mice through drinking water (1, 5 or 10 mg/L for four months) to evaluate their intestinal impact. Histological, biochemical and gene expression analyses showed that both Hg species induced oxidative stress in small intestine and colon, while inflammation was mainly detected in the colon. Increased fecal albumin content indicated a compromised epithelial barrier. Mucus production was possibly also affected, as an increase in Muc2 expression was detected. However, differential effects were detected between both Hg species. Activation of p38 MAPK and increased crypt depth were detected in colon only with MeHg. Minor differences in microbiota composition were detected between unexposed and exposed mice. Although significant differences were detected between both Hg species at 10 mg/L, only the relative abundances of low abundance taxa were affected. Concentrations of microbial-derived short-chain fatty acids were decreased, suggesting an effect on microbial metabolism or increased demand by the intestinal epithelium. Results obtained confirm previous in vitro studies and highlights the intestinal mucosa as an initial target of Hg. This study was funded by Ministerio de Ciencia e Innovación/Agencia Estatal de Investigación (RTI2018-098071-B-I00) and it was co-funded by the European Commission through the European Regional Development Fund (Multiregional operative program for Spain 2014–2020).","Rodríguez-Viso, Pilar, Domene, Adrián, Vélez, Dinoraz, Devesa, Vicenta, Monedero, Vicente, Zúñiga, Manuel",2023,Elsevier,10.1016/j.fct.2023.113801,Digital.CSIC (Handle)
10261/279413,Sin título disponible,"Trabajo presentado al: 73rd Annual Meeting of the European Federation of Animal Science (EAAP). The coexistence of wildlife and livestock. 4-9 de septiembre de 2022. Oporto (Portugal). Project PID2020-113441RB-I00, MCIN/AEI; grant PRE2018-086174, MCIU/AEI/FSE, EU.","Hervás, Gonzalo, Toral, Pablo G., Della Badia, Antonella, Mendoza, Alejandro G., Frutos, Pilar",2022,Wageningen Academic Publishers,10.3920/978-90-8686-937-4,Digital.CSIC (Handle)
10261/371118,Introduction to R and RStudio for Data Analysis in Scientific Research,"Horario
21, 22, 28 y 29 May
9:30 a 13.00 (12 hours)
Ubicación
Museo Nacional de Ciencias Naturales
José Gutierrez Abascal,2
Plazas
50 in-person places 20 in remote
Technical information
snielsen@shaunnielsen.com The objective of this course is to equip participants with the fundamental skills and knowledge to confidently use R and RStudio for data analysis in scientific research. They will gain practical experience in using R for data manipulation, visualisation and analysis, empowering them to extract meaningful insights from their datasets. Throughout the course, learners will explore essential concepts such as importing data, data types and structures, transforming data, scripts and projects, R packages, using help documentation and troubleshooting and basic statistics. By the end of the course, participants will have a solid foundation in R, enabling them to continue in their own R journey efficiently and effectively. No","Nielsen, Shaun",2024,Sociedad de Amigos del Museo Nacional de Ciencias Naturales,10261/371118,Digital.CSIC (Handle)
10261/353476,El lenguaje del arte. Evolución de la terminología específica de manuscritos y textos,"El libro tiene su origen en el Coloquio Anual de la Fédération Internationale des Instituts d’Études Médiévales organizado en Barcelona en julio de 2017, en la Institución Milá y Fontanals del CSIC. Cuenta con las contribuciones de Marina Bernasconi, Joanna Fronska, Ana Gómez Rabal, Jacqueline Hamesse, Christine Jakobi-Mirwald, Marta Pavón Ramírez, Mercè Puig Rodríguez-Escalona, Elena E. Rodríguez Díaz y Pere J. Quetglas. XXXI+243 pp. El análisis de la evolución de la terminología técnica utilizada en la descripción científica de textos y manuscritos desde la Edad Media hasta nuestros días es el argumento que los responsables de este volumen pretenden poner al alcance del lector como tema de discusión y de reflexión. La particularidad del libro manuscrito reside en constituir un ""unicum"" donde los elementos materiales, estructurales y de contenido (texto e imagen) se relacionan necesariamente entre sí. Asimismo, los usos lingüísticos de los coetáneos de los manuscritos medievales para denominar su propia realidad libresca y textual se erigen en un objeto de estudio que ahonda en la consideración del manuscrito y del texto, de su forma y de su contenido, como entidades indisociables. Es recomendable, por lo tanto, un acercamiento multidisciplinar al libro manuscrito, un acercamiento que exige la colaboración de especialistas de disciplinas diversas, cada una de ellas con una terminología técnica propia. Con esa perspectiva, los trabajos presentados en estas páginas servirán como descripción del estado de la cuestión y, a la vez, como punto de partida útil para que paleógrafos, codicólogos, historiadores del arte o filólogos comparen sus respectivos modos de abordar el análisis del libro manuscrito y de sus textos, enriqueciéndose unos a otros mediante sus conocimientos propios y particulares sobre la cuestión, todo ello con el fin de favorecer la utilización de un vocabulario adecuado y, si se considera posible y conveniente, común. Fédération Internationale des Instituts d'Études Médiévales (FIDEM)","Gómez Rabal, Ana, Hamesse, Jacqueline, Pavón Ramírez, Marta",2024,Fédération internationale des Instituts d'études médiévales,10261/353476,Digital.CSIC (Handle)
10261/329476,Gene expression dynamics of natural assemblages of heterotrophic flagellates during bacterivory,"17 pages, 5 figures, 2 tables, supplementary information https://doi.org/10.1186/s40168-023-01571-5.-- Availability of data and materials: Raw data for “Jul17” incubation were already published at the NCBI BioSample database with accession number SAMN11783926 [38]. For the rest of the incubations, raw data are deposited at NCBI with accession number PRJNA973582. Assemblies, quantification, and functional annotation tables are available at FigShare (https://doi.org/10.6084/m9.figshare.22801697), and all code used for data processing and analyses is available at GitHub (https://github.com/aleixop/metaT_bacterivory) Background: Marine heterotrophic flagellates (HF) are dominant bacterivores in the ocean, where they represent the trophic link between bacteria and higher trophic levels and participate in the recycling of inorganic nutrients for regenerated primary production. Studying their activity and function in the ecosystem is challenging since most of the HFs in the ocean are still uncultured. In the present work, we investigated gene expression of natural HF communities during bacterivory in four unamended seawater incubations.
Results: The most abundant species growing in our incubations belonged to the taxonomic groups MAST-4, MAST-7, Chrysophyceae, and Telonemia. Gene expression dynamics were similar between incubations and could be divided into three states based on microbial counts, each state displaying distinct expression patterns. The analysis of samples where HF growth was highest revealed some highly expressed genes that could be related to bacterivory. Using available genomic and transcriptomic references, we identified 25 species growing in our incubations and used those to compare the expression levels of these specific genes.
Conclusions: Our results indicate that several peptidases, together with some glycoside hydrolases and glycosyltransferases, are more expressed in phagotrophic than in phototrophic species, and thus could be used to infer the process of bacterivory in natural assemblages Open Access funding provided thanks to the CRUE-CSIC agreement with Springer Nature. This research was supported by the Spanish Ministry of Science and Innovation projects ALLFLAGS (CTM2016-75083-R), DIVAS (PID2019-108457RB-I00) and the “Severo Ochoa Centre of Excellence” accreditation (CEX2019-000928-S), and the European Union projects SINGEK (H2020-MSCA-ITN-2015–675752) and GENEXLAB (EUR2022-134047, MICINN). AO was supported by a Spanish FPI grant. E.D.S. was supported by the MSCA-IF SMART (CZ.02.2.69/0.0/0.0/20_079/0017809) With funding from the Spanish government through the ""Severo Ochoa Centre of Excellence"" accreditation (CEX2019-000928-S).","Obiol, Aleix, López-Escardó, David, Salomaki, Eric D., Wiśniewska, Monika M., Forn, Irene, Sà, Elisabet L., Vaqué, Dolors, Kolisko, Martin, Massana, Ramon",2023,BioMed Central,10.1186/s40168-023-01571-5,Digital.CSIC (Handle)
10261/398320,Dataset Homarus electrical stunning [Dataset],"This study tested the feasibility of using the Crustastun™ device to stun the American lobster (Homarus americanus) in order to: (i) Determine the effect of the stunning duration on the recovery and behaviour; (ii) Asses physiological disturbances caused by the stunning protocol and subsequent recovery; and, (iii) Evaluate any impact on meat quality following electrical stunning. 
This study demonstrated the reversibility of CrustastunTM stunning, distinguishing it from terminal dispatch method. Stress induced by electrical stunning was evidenced by the elevated L-lactate levels in the haemolymph, highlighting the use of this metabolite as an indicator of secondary stress response This study was supported by a company that preferred to remain uncited and co-funded by the Spanish government though the “Severo Ochoa Center of Excellence” accreditation (CEX2019-000928-S) Each of the following are separate pages of the excel file: Animal information; Activity; Righting; Physiology; Meatquality","Lorenzo, Rodrigo, Llonch, Pol, González, Joel, García, José A., Font-i-Furnols, Maria, Chic, Óscar, Rotllant, Guiomar",2025,DIGITAL.CSIC,10.13039/501100011033,Digital.CSIC (Handle)
10261/404651,Structural insights into ABA receptor agonists reveal critical features to optimize and design a broad-spectrum ABA signaling activator,"23 pages, 7 figures Crop yield is at increasing risk due to water scarcity and climate change. Agrochemicals can activate hormone receptors to regulate transpiration and modulate transcription and address water deficits. Structure-guided optimization of multiple abscisic acid (ABA) receptor-agonist interactions is necessary to activate the entire PYRABACTIN RESISTANCE 1 (PYR1)/PYR1-LIKE (PYL)/REGULATORY COMPONENTS OF ABA RECEPTORS (RCAR) receptor family. The new agonist iCB, produced through scaffold-merging led by X-ray structure, activates subfamilies II and III at low-nM concentrations and subfamily I receptors at higher-nM concentrations. Structural analysis of opabactin and iCB ternary complexes reveals selectivity-determining residues, making the PYL1/PYL4/PYL8 subfamilies sensitive to specific agonists and highlighting the differential sensitivity of receptor subfamilies to agonists across plant species. iCB may activate most eudicots' PYL8-like receptors, in contrast to opabactin, due to limited steric constraints. This enables iCB to activate PYL8-like receptors with a bulkier Leu residue in the 3' tunnel, such as AtPYL8, SlPYL8, and VviPYL8. In contrast, opabactin activation is limited to receptors with Val at this position, for example, TaPYL8. Therefore, iCB extends its action to more ABA receptors than CB, iSB09, and opabactin, exhibits higher affinity than ABA for dimeric receptors, and can protect tomato plants against drought. In addition to regulating stomatal conductance and lowering water consumption, iCB protects photosystem II and improves photosynthesis following prolonged water deficit. Moreover, iCB induces an ABA-like transcriptional response, upregulates the osmolyte synthesis, and can be hyperpotentiated when combined with the expression of a customized receptor. Our results provide structural insights for optimizing agonist design and aiding plants in managing water deficits. A.A. and P.L.R. were supported by Agencia Estatal de Investigacion of the Spanish Ministry of Science and Innovation with grant numbers PID2020- 119805RB-I00 and PID2023-153108OB-I00 (A.A.), and grant numbers PID2020-113100RB-I00 and PID2023-147322OB-I00 (P.L.R.), funded by MCIN/AEI/10.13039/501100011033 and the European Regional Development Fund (ERDF) (‘‘A way of making Europe’’). They also received support from Agencia Estatal de Investigacio´n of the Spanish Ministry of Science and Innovation with grant number TED2021-129867B-C21 (P.L.R.) and grant number TED2021-132202B-I00 (A.A.), funded by MCIU/AEI/ 10.13039/501100011 033 and by the European Union NextGenerationEU/PRTR. J.C.E. was supported by Agencia Estatal de Investigacio´n (CPP2021-009090, PID2022-136848NB-I00), the Xunta de Galicia (ED431C 2022/21, ED431F 2020/05), and Centro de investigacion do Sistema universitario de Galicia/accreditation 2023-2027, ED431G 2023/ 03, and the European Union (European Regional Development Fund - ERDF). E.M. was supported by the Estonian Research Council (grant number PRG 1620).","Bono, Mar, Mayordomo, Cristian, Coego, Alberto, Illescas-Miranda, Jonatan, Rivera-Moreno, María, Infantes, Lourdes, López-Carracedo, Pablo, Sanchez-Olvera, Mayra, Martin-Vasquez, Constanza, Pizzio, Gaston A., Merino, Javier, Forment, Javier, Merilo, Ebe, Estevez, Juan Carlos, Albert, Armando, Rodriguez, Pedro L.",2025,Elsevier,10.1016/j.molp.2025.07.014,Digital.CSIC (Handle)
10261/385614,Solea senegalensis skeletal ossification and gene expression patterns during metamorphosis: new clues on the onset of skeletal deformities,"13 páginas, 6 figuras, 1 tabla. Farmed Senegalese sole (Solea senegalensis) still show a high incidence of vertebral anomalies that limit its
intensive production and hamper its economic profitability. A great effort towards understanding how fish
species develops and grows in captivity has been undertaken in the last decade, with particular emphasis to how
different biotic and abiotic factors affect its skeletal development. Although some work has been performed on
its skeletal development and expression patterns of key genes in developmental signaling pathways, a detailed
description of the above-mentioned processes is still lacking. Here, the progression of skeletal development of
cranial, appendicular and axial skeleton has been described through the implementation of an acid free double
staining protocol; while the gene expression pattern of vitamin A (VA) and thyroid hormones (THs) signaling
pathways were assessed through quantitative PCR (qPCR) during larval fish development under a standard larval
rearing protocol and in Senegalese sole larvae fed with increased dietary VA levels (8-fold increase) during the
Artemia feeding phase (from 6 to 27 dph). The ontogenetic study allowed us to identify the onset and follow-up
the development of most skeletal structures in this fish species, and to gather some insights on the potential onset
of deformities originated at the larval to juvenile transition affecting Senegalese sole rearing. The pro-metamorphosis stage is when the caudal fin vertebrae are formed, where the most common skeletal deformities are
found in Senegalese sole. A highly coordinated expression of VA- and TH-related genes has been revealed during
larval to juvenile transition, while a comparative gene expression analysis in larvae fed control and high dietary
VA content identified the specific timing of VA and THs signaling disruption through which VA and THs directly
or indirectly might increase the incidence of skeletal deformities in this species. The present research work
represents an important step forward towards the proper identification of the onset of some skeletal deformities
and urge the investigation of nutritional and rearing conditions during the switch of larval behavior - from
pelagic to benthonic - in order to overcome them in this important species for southwestern European aquaculture This work was funded by grant AGL2005-02478 from the Ministry
of Education and Culture (MEC) of the Spanish Government. IF was
supported by a Portuguese post-doctoral fellowship (SFRH/BPD/
82049/2011).","Fernández Monzón, Ignacio, Granadeiro, Luis, Darias, María J., Gavaia, Paulo J., Andree, Karl B., Gisbert, Enric",2025,Elsevier,10.1016/j.aquaculture.2018.07.022,Digital.CSIC (Handle)
10261/304936,A modular click ligand-directed approach to label endogenous aminergic GPCRs in live cells,"New technologies based on luminescence have been essential to monitor the organization, signaling, trafficking or ligand binding of G Protein-Coupled Receptors (GPCRs), but they rely on the overexpression of genetically modified receptors. As more and more studies indicate the importance of studying native receptors in their natural environment, it is essential to develop approaches allowing the specific labeling of native receptors. Here we report an innovative ligand directed approach to specifically label residues of native GPCRs upon ligand binding. To this end, we developed a ligand-directed toolbox based on a novel approach that uses molecular modules to build fluorescent ligand-directed probes that can label an archetypical aminergic GPCR (D1R). Our probes can be readily prepared before the labeling reaction from two molecular modules: an activated electrophilic linker which includes a fluorescent dye and a GPCR ligand that may include nucleophilic groups. Thanks to a fast and specific click reaction, the nucleophilic ligand can barely react with the activated linker before it is bound to the native target GPCR and the labeling reaction occurs. Subsequently, the ligand unbinds the GPCR pocket, leaving the receptor fluorescently labeled and fully functional. This novel labeling approach allowed us to label both D1 receptor in transfected cells and native receptors in neuronal cell lines. This approach will pave the way to develop new reagents and assays to monitor endogenous GPCRs distribution, trafficking, activity or binding properties in their native environment. Funding
Agence Nationale de la Recherche
ANR-17-CE11-0046
Ministerio de Ciencia e Innovación, Agencia Estatal de Investigación and ERDF - A way of making Europe
CTQ2017-89222-R
Ministerio de Ciencia e Innovación, Agencia Estatal de Investigación and ERDF - A way of making Europe
PCI2018-093047
Ministerio de Ciencia e Innovación, Agencia Estatal de Investigación and ERDF - A way of making Europe
PID2020-120499RB-I00
Catalan government
2017 SGR 1604
the European Union's Horizon 2020 research and innovation program under Marie Skłodowska-Curie grant agreement No. 801342 (TecniospringINDUSTRY) and the Government of Catalonia's Agency for Business Competitive-ness (ACCIÓ).
TECSPR19-1-0062","Gómez-Santacana, Xavier, Boutonnet, Marin, Martínez-Juvés, Carles, Catena, Juan Lorenzo, Moutin, Enora, Roux, Thomas, Lamarque, Laurent, Perroy, Julie, Prézeau, Laurent, Zwier, Jurriaan M., Llebaria, Amadeu",2023,American Chemical Society,10.26434/chemrxiv-2022-mqqtz-v2,Digital.CSIC (Handle)
10261/404306,Interview with Prof Brad Evans on antagonistic memory,"This video is part of the MOOC ""How we remember war and violence: theory and practice"" developed by the University of Bath (2018) in the frame of the UNREST project. No","Parish, Nina, Evans, Brad",2025,University of Bath,10.13039/501100000780,Digital.CSIC (Handle)
10261/338816,Metagenome meta-analysis reveals an increase in the abundance of some multidrug efflux pumps and mobile genetic elements in chemically polluted environments,Sin abstract disponible,"Subirats, Jessica, Sharpe, Hannah, Tai, Vera, Fruci, Michael, Topp, Edward",2023,American Society for Microbiology,10.1128/aem.01047-23,Digital.CSIC (Handle)
10261/195834,Women's Spaces —Real and Imagined— in the Illustrated Beatus Commentaries,"Este artículo está sujeto a una licencia CC BY NC 3.0 [EN] The medieval Commentary on the Apocalypse by Beatus of Liébana, with twenty-nine surviving examples that extend from a single page to over 300 folios, is an illustrated genre spanning
more than three centuries. Although the color-filled manuscripts have been well studied by scholars
from a range of fields, the Beatus tradition has never been analyzed from a gendered perspective.
In the present article, therefore, the authors investigate this apocalyptic genre as a whole in order
to recover the memory of women’s involvement with the Beatus Commentaries. To do so, we apply
a spatial analysis to female patronage and practices, and to the most telling examples of female
representations within, demonstrating that a gendered lens brings to the fore evidence of originality
in medieval manuscripts while restoring a more complete and balanced understanding of the Beatus
tradition overall. [ES] El Comentario al Apocalipsis de Beato de Liébana representado por veintinueve conocidos
ejemplares, desde un solo folio hasta más de 300, es un género ilustrado cuya vigencia superó los tres
siglos. Aunque los coloridos manuscritos han sido estudiado por especialistas en una gama amplia
de campos, la tradición de los Beatos jamás se había analizado desde una perspectiva de género. Por
lo tanto, en el presente artículo los autores investigan esta tradición apocalíptica como un conjunto
para poder recuperar la memoria de la participación de las mujeres. Para tal fin, se aplica una analítica espacial al matronazgo y a las prácticas de las religiosas así como a las imágenes más parlantes
de las representaciones femeninas para demostrar que a través de una aproximación de género se
revelan evidencias de originalidad en los manuscritos medievales. De la misma manera se recobra
una comprensión más completa y equilibrada de la tradición de los Beatos en sí.","Martin, Therese, Williams, John",2019,Universidad de Granada,10.30827/arenal.v25i2.7639,Digital.CSIC (Handle)
10261/168248,Incidencia de Hylobius abietis en el sur de Galicia. Efectos de la gestión silvícola y de la abundancia y continuidad de las masas de pinar en los alrededores,"92 páginas.- Trabajo Fin de Grado en Ingeniería Forestal, curso 2016/17, Campus de Pontevedra, Universidad de Vigo. [EN] Hylobius abietis is one of the most important forest pests in Europe. Several and important damage can be caused in reforestation, which could drive to plant death. Iberian Peninsula represents the southernmost limit in the natural distribution of the species. In this range, however, there are not enough studies about its incidence as a forest pest, particularly in Galicia where coniferous woodland area is fragmented and deforestation after clear-cutting is not immediate. 21 experimental sites were selected in the province of Pontevedra (southwest of Galicia, Spain). In each of them a subsite was established and pine juveniles of Pinus pinaster and Pinus radiata were planted within in order to measure damage caused by H. abietis. Clear-cut data from the sites were collected and the influence of the abundance, continuity and conifer mass structure from the surroundings in the damage produced by the insect were evaluated by using GIS analyses. Damage produced by the insect was measured by determining the debarked area on the stems of experimental plants across the following months after subsite establishment. Moreover, both damage and abundance of H. abietis was estimated in 6 out of those 21 experimental sites mentioned above. From these data the effect of environmental, silvicultural and landscape ecology factors were analyzed for the incidence of the insect by using analysis of variance and regression analysis. Results show a high variability among sites, with some of them showing severely wounded plants due to insect chewing activity and others with no incidence. Insect showed, however, no preference for any of the pine species used in the study. The date of clear-cut was the factor with strongest effect. The environmental factors of tree cover and altitude showed significant effects for the incidence of the insect. Finally, the abundance and continuity of pine and other conifer masses do not seem to be relevant key factors on the dynamics and incidence of the insect. Together, the experimental scale might be one of the reasons of these partially conclusive results. Making an experimental approach in a larger scale might allow to reveal interesting patterns of the insect dynamics and, hence, providing the tools to focus on an optimum forest management plan to deal with its incidence. [ES] Hylobius abietis es una de las plagas forestales más importantes en Europa. Causa diversos y considerables daños en las repoblaciones de coníferas que, en numerosas ocasiones, desemboca en una elevada mortalidad. La Península Ibérica supone el límite sur-occidental en la distribución natural de la especie, pero en esta área de distribución no existen suficientes estudios sobre su incidencia como plaga silvícola, especialmente en Galicia dónde la superficie arbolada de coníferas es muy discontinua y la reforestación tras cortas a hecho no es inmediata. Para el experimento se seleccionaron un total de 21 parcelas en la provincia de Pontevedra (suroeste de Galicia, España). En cada una de ellas se estableció una parcela de seguimiento, en la que se plantaron juveniles de Pinus pinaster y Pinus radiata para valorar los daños causados por H. abietis. En dichas parcelas se tomaron datos sobre la masa cortada y se evaluó mediante un análisis SIG la influencia de la abundancia, continuidad y estructura de las masas de coníferas circundantes en los daños causados por el insecto. Después del establecimiento de las parcelas de seguimiento, se evaluó el daño causado por el insecto a lo largo de los meses siguientes determinando el área mordida en los tallos de las plántulas experimentales. Por otro lado, en 6 de las 21 parcelas anteriores se realizó un seguimiento intensivo donde, además del daño, se estimó la abundancia de H. abietis. A partir de estos datos se analizó el efecto de los distintos factores ambientales, silvícolas y la ecología del paisaje sobre la incidencia del insecto mediante análisis de varianza y regresión. Los resultados obtenidos indican una enorme variabilidad entre las parcelas analizadas, encontrándose parcelas con serios daños en las plántulas producidos por las mordeduras de H. abietis, frente a otras sin ningún tipo de incidencia. No se ha encontrado, sin embargo, una preferencia del insecto por alguna de las especies de coníferas empleadas (Pinus pinaster y Pinus radiata). El factor más influyente fue la fecha en la que se produjo la corta de la masa en las parcelas. En cuanto a los factores ambientales implicados en la incidencia del insecto, los resultados muestran efectos significativos de la cobertura arbórea y la altitud de las parcelas. Por último, la abundancia y continuidad de pinares o masas de coníferas en la provincia no parecen ser factores relevantes clave en la dinámica e incidencia del insecto. En conjunto, la escala del experimento podría ser una de las razones por las que aparecen resultados parcialmente concluyentes. Realizar una evaluación similar a una escala mayor (comunidad autónoma) podría revelar patrones de interés que sirviesen para conocer la dinámica del insecto y ejercer un óptimo control forestal sobre su incidencia. [GL] Hylobius abietis é unha das pragas forestais máis importantes en Europa. Causa diversos e considerables danos nas repoboacións de coníferas que, en numerosas ocasións, remata nunha elevada mortalidade. Na Península Ibérica supón o límite sur-occidental na distribución natural da especie, pero nesta área de distribución non existen suficientes estudos sobre a súa incidencia como praga silvícola, especialmente en Galicia onde a superficie arborada de coníferas é moi descontinua e a reforestación tras cortas a feito non é inmediata. Para o experimento seleccionáronse un total de 21 parcelas na provincia de Pontevedra (suroeste de Galicia, España). En cada unha delas estableceuse unha parcela de seguimento, na que se plantaron xuvenís de Pinus pinaster e Pinus radiata para valorar os danos causados por H. abietis. En ditas parcelas tomáronse datos sobre a masa cortada e avaliouse se mediante unha análise SIX a influencia da abundancia, continuidade e estrutura das masas de coníferas do arredor nos danos producidos polo insecto. Despois do establecemento das parcelas de seguimento, avaliouse se o dano causado polo insecto ó longo dos meses seguintes determinando a área mordida nos talos das plántulas experimentais. Por outra banda, en 6 das 21 parcelas anteriores realizouse un seguimento intensivo onde, ademais do dano, estimouse a abundancia de H. abietis. A partires destes datos analizouse o efecto dos distintos factores ambientais, silvícolas e a ecoloxía da paisaxe sobre a incidencia do insecto mediante análise de varianza e regresión. Os resultados obtidos indican unha enorme variabilidade entre as parcelas analizadas, atopándose parcelas con serios danos nas plántulas producidos polas mordeduras de H. abietis, fronte a outras sen ningún tipo de incidencia. Non se atopou, nembargante, unha preferencia do insecto por algunha das especies de coníferas empregadas (P. pinaster e P. radiata). O factor más influinte foi a data na que se produciu a corta da masa das parcelas. En canto os factores ambientais implicados na incidencia do insecto, os resultados mostran efectos significativos da cobertura arbórea e a altitude das parcelas. Por último, a abundancia e continuidade de piñeirais ou masas de coníferas na provincia non semellan ser factores relevantes chave na dinámica e incidencia do insecto. En conxunto, a escala do experimento podería ser unha das razóns polas que aparecen resultados parcialmente concluíntes. Realizar unha avaliación similar a unha escala maior (comunidade autónoma) podería revelar patróns de interese que servisen para coñece-la dinámica do insecto e exercer un óptimo control forestal sobre a súa incidencia.","Carreño Morales, Santiago",2018,CSIC - Misión Biológica de Galicia (MBG),10261/168248,Digital.CSIC (Handle)
10261/337174,"Introduced rabbits as seed‑dispersing frugivores: a study case on a environmentally diverse oceanic island (Tenerife, Canaries)","Rabbits have travelled with humans to the most remote archipelagos, having been introduced on at least 800 islands worldwide. This herbivore has caused a devastating effect on endemic insular plants, causing changes in species composition, cascading extinctions and disruption of native seed dispersal systems worldwide. However, its ecological impacts as disrupting native seed dispersal systems have not been studied from a holistic perspective in any of the archipelagos where rabbits were introduced. Here, we assess the role of rabbits as frugivores and seed-dispersers on the most extensive and diverse island of the Canary Archipelago, Tenerife, across its five main vegetation zones represented in an altitudinal gradient 0–3715 m a.s.l. To this end, 120 transects per vegetation zone were conducted (August 2020–November 2021) to collect fresh faecal samples from a total of 244 latrines. They consisted of 29,538 droppings in which we found seeds from 73 plant species, 29 of which were identified to species level (13 endemic, eight natives and eight introduced by humans). About 70% of the seeds were identified as fleshy-fruited plant species while the remaining nine were dry fruits. Of the former, only nine showed a percentage of intact seeds greater than 75%, another nine species between 50 and 75%, and three lower than 50%. The digestive effect of rabbits on seedling emergence was generally low, compared to that produced by native seed dispersers. Since fleshy-fruited plants and rabbits have not been linked in their evolutionary history in the Canaries, the former seems to have their own legitimate seed dispersers. José Luis Martín Esquivel (El Teide National Park) helped us during this work. Jonay Cubas, Rudiger Otto and Juan Carlos Rando gave us comments and suggestions to improve an early version of this manuscript. This manuscript was edited by Guido Jones, currently funded by the Cabildo de Tenerife, under the TFinnova Programme supported by MEDI and FDCAN funds. The TRAGSA team of Teide National Park helped us with the fieldwork. The Cabildo Insular de Tenerife (SIGMA 2020-01061; 2021-01220) and the Teide National Park (MDV/amp) granted permits to work on the island. This study was partially financed by the project (PGC2018-101650-B-100), funded by the Ministerio de Ciencia, Innovación y Universidades (Spain).
Open Access funding provided thanks to the CRUE-CSIC agreement with Springer Nature. The authors have no relevant financial or non-financial interests to disclose.","Guerrero-Campos, María, Beatriz Mendes, Sara, Marrero, Patricia, Romero, Javier, Nieves, Concepción, Hervías-Parejo, Sandra, González-Mancebo, Juana María, Nogales, Manuel",2023,Springer Nature,10.1007/s10530-023-03026-2,Digital.CSIC (Handle)
